note,line,ref,file,status,kind,cls,reason
models/EFDC/manifest.md,17,EFDC/aaefdc.f90:22-22,EFDC/aaefdc.f90,modified,file-line,REVIEW_ONLY,citation ∩ changed hunk — 의미 검토 필요
models/EFDC/README.md,36,ssedtox.f90,EFDC/SedTran-Original/ssedtox.f90,modified,file,REVIEW_ONLY,변경 파일의 파일 단위 인용(의미 영향 미확정)
models/EFDC/README.md,46,ssedtox.f90,EFDC/SedTran-Original/ssedtox.f90,modified,file,REVIEW_ONLY,변경 파일의 파일 단위 인용(의미 영향 미확정)
models/EFDC/manual-notes/efdc-user-manual-r850.md,103,input.f90:225-225,EFDC/input.f90,modified,file-line,REVIEW_ONLY,줄 이동(내용 동일)
models/EFDC/manual-notes/efdc-user-manual-r850.md,103,input.f90:237-237,EFDC/input.f90,modified,file-line,REVIEW_ONLY,줄 이동(내용 동일)
models/EFDC/manual-notes/efdc-user-manual-r850.md,104,input.f90:306-306,EFDC/input.f90,modified,file-line,REVIEW_ONLY,citation ∩ changed hunk — 의미 검토 필요
models/EFDC/manual-notes/efdc-user-manual-r850.md,105,input.f90:387-387,EFDC/input.f90,modified,file-line,REVIEW_ONLY,citation ∩ changed hunk — 의미 검토 필요
models/EFDC/manual-notes/efdc-user-manual-r850.md,106,input.f90:646-646,EFDC/input.f90,modified,file-line,REVIEW_ONLY,citation ∩ changed hunk — 의미 검토 필요
models/EFDC/manual-notes/efdc-user-manual-r850.md,107,input.f90:198-200,EFDC/input.f90,modified,file-line,REVIEW_ONLY,줄 이동(내용 동일)
models/EFDC/manual-notes/efdc-user-manual-r850.md,108,input.f90:3941-3943,EFDC/input.f90,modified,file-line,REVIEW_ONLY,citation ∩ changed hunk — 의미 검토 필요
models/EFDC/manual-notes/efdc-user-manual-r850.md,112,caltsxy.f90:244-251,EFDC/caltsxy.f90,modified,file-line,REVIEW_ONLY,줄 이동(내용 동일)
models/EFDC/manual-notes/efdc-sediment-theory-2003.md,183,ssedtox.f90:868-880,EFDC/SedTran-Original/ssedtox.f90,modified,file-line,REVIEW_ONLY,줄 이동(내용 동일)
models/EFDC/manual-notes/efdc-theory-v12-ch5-temperature-heat.md,21,mod_heat.f90,EFDC/Transport/mod_heat.f90,modified,file,REVIEW_ONLY,변경 파일의 파일 단위 인용(의미 영향 미확정)
models/EFDC/manual-notes/efdc-theory-v12-ch5-temperature-heat.md,21,../raw/source_code/EFDCPlus_Stable/EFDC/Transport/mod_heat.f90,EFDC/Transport/mod_heat.f90,modified,file,REVIEW_ONLY,변경 파일의 파일 단위 인용(의미 영향 미확정)
models/EFDC/manual-notes/efdc-theory-v12-ch5-temperature-heat.md,44,mod_heat.f90,EFDC/Transport/mod_heat.f90,modified,file,REVIEW_ONLY,변경 파일의 파일 단위 인용(의미 영향 미확정)
models/EFDC/manual-notes/efdc-theory-v12-ch5-temperature-heat.md,62,mod_heat.f90:60-61,EFDC/Transport/mod_heat.f90,modified,file-line,NO_ACTION,변경과 교차하지 않음
models/EFDC/manual-notes/efdc-theory-v12-ch5-temperature-heat.md,64,mod_heat.f90:648-648,EFDC/Transport/mod_heat.f90,modified,file-line,REVIEW_ONLY,줄 이동(내용 동일)
models/EFDC/manual-notes/efdc-theory-v12-ch5-temperature-heat.md,81,mod_heat.f90:691-691,EFDC/Transport/mod_heat.f90,modified,file-line,REVIEW_ONLY,줄 이동(내용 동일)
models/EFDC/manual-notes/efdc-theory-v12-ch5-temperature-heat.md,95,mod_heat.f90,EFDC/Transport/mod_heat.f90,modified,file,REVIEW_ONLY,변경 파일의 파일 단위 인용(의미 영향 미확정)
models/EFDC/manual-notes/efdc-theory-v12-ch5-temperature-heat.md,167,mod_heat.f90,EFDC/Transport/mod_heat.f90,modified,file,REVIEW_ONLY,변경 파일의 파일 단위 인용(의미 영향 미확정)
models/EFDC/manual-notes/efdc-theory-v12-ch5-temperature-heat.md,181,mod_heat.f90:1180-1184,EFDC/Transport/mod_heat.f90,modified,file-line,REVIEW_ONLY,줄 이동(내용 동일)
models/EFDC/manual-notes/efdc-theory-v12-ch5-temperature-heat.md,225,mod_heat.f90,EFDC/Transport/mod_heat.f90,modified,file,REVIEW_ONLY,변경 파일의 파일 단위 인용(의미 영향 미확정)
models/EFDC/manual-notes/efdc-implementation-guide.md,176,input.f90:198-200,EFDC/input.f90,modified,file-line,REVIEW_ONLY,줄 이동(내용 동일)
models/EFDC/manual-notes/efdc-implementation-guide.md,177,input.f90,EFDC/input.f90,modified,file,REVIEW_ONLY,변경 파일의 파일 단위 인용(의미 영향 미확정)
models/EFDC/manual-notes/efdc-implementation-guide.md,177,input.f90:3941-3943,EFDC/input.f90,modified,file-line,REVIEW_ONLY,citation ∩ changed hunk — 의미 검토 필요
models/EFDC/manual-notes/efdc-implementation-guide.md,178,input.f90,EFDC/input.f90,modified,file,REVIEW_ONLY,변경 파일의 파일 단위 인용(의미 영향 미확정)
models/EFDC/manual-notes/efdc-implementation-guide.md,179,hdmt.f90:89-89,EFDC/hdmt.f90,modified,file-line,NO_ACTION,변경과 교차하지 않음
models/EFDC/manual-notes/efdc-implementation-guide.md,179,input.f90:913-915,EFDC/input.f90,modified,file-line,REVIEW_ONLY,citation ∩ changed hunk — 의미 검토 필요
models/EFDC/manual-notes/efdc-implementation-guide.md,187,input.f90:225-225,EFDC/input.f90,modified,file-line,REVIEW_ONLY,줄 이동(내용 동일)
models/EFDC/manual-notes/efdc-implementation-guide.md,187,input.f90:237-237,EFDC/input.f90,modified,file-line,REVIEW_ONLY,줄 이동(내용 동일)
models/EFDC/manual-notes/efdc-implementation-guide.md,193,input.f90:306-306,EFDC/input.f90,modified,file-line,REVIEW_ONLY,citation ∩ changed hunk — 의미 검토 필요
models/EFDC/manual-notes/efdc-implementation-guide.md,199,input.f90:387-387,EFDC/input.f90,modified,file-line,REVIEW_ONLY,citation ∩ changed hunk — 의미 검토 필요
models/EFDC/manual-notes/efdc-implementation-guide.md,211,input.f90:646-646,EFDC/input.f90,modified,file-line,REVIEW_ONLY,citation ∩ changed hunk — 의미 검토 필요
models/EFDC/manual-notes/efdc-implementation-guide.md,257,caltsxy.f90:244-251,EFDC/caltsxy.f90,modified,file-line,REVIEW_ONLY,줄 이동(내용 동일)
models/EFDC/manual-notes/efdc-implementation-guide.md,257,input.f90:6934-6939,EFDC/input.f90,modified,file-line,REVIEW_ONLY,줄 이동(내용 동일)
models/EFDC/manual-notes/efdc-implementation-guide.md,257,input.f90:6923-6933,EFDC/input.f90,modified,file-line,REVIEW_ONLY,줄 이동(내용 동일)
models/EFDC/manual-notes/efdc-theory-doc-v12.md,187,ssedtox.f90:868-880,EFDC/SedTran-Original/ssedtox.f90,modified,file-line,REVIEW_ONLY,줄 이동(내용 동일)
models/EFDC/manual-notes/efdc-theory-doc-v12.md,198,mod_heat.f90,EFDC/Transport/mod_heat.f90,modified,file,REVIEW_ONLY,변경 파일의 파일 단위 인용(의미 영향 미확정)
models/EFDC/manual-notes/efdc-manuals-overview.md,116,ssedtox.f90,EFDC/SedTran-Original/ssedtox.f90,modified,file,REVIEW_ONLY,변경 파일의 파일 단위 인용(의미 영향 미확정)
models/EFDC/source-analysis/efdc_surface_forcing.md,18,caltsxy.f90,EFDC/caltsxy.f90,modified,file,REVIEW_ONLY,변경 파일의 파일 단위 인용(의미 영향 미확정)
models/EFDC/source-analysis/efdc_surface_forcing.md,20,caltsxy.f90,EFDC/caltsxy.f90,modified,file,REVIEW_ONLY,변경 파일의 파일 단위 인용(의미 영향 미확정)
models/EFDC/source-analysis/efdc_surface_forcing.md,20,../raw/source_code/EFDCPlus_Stable/EFDC/caltsxy.f90,EFDC/caltsxy.f90,modified,file,REVIEW_ONLY,변경 파일의 파일 단위 인용(의미 영향 미확정)
models/EFDC/source-analysis/efdc_surface_forcing.md,62,calpuv9c.f90:1332-1332,EFDC/calpuv9c.f90,modified,file-line,NO_ACTION,변경과 교차하지 않음
models/EFDC/source-analysis/efdc_surface_forcing.md,65,calpuv2c.f90:224-224,EFDC/calpuv2c.f90,modified,file-line,NO_ACTION,변경과 교차하지 않음
models/EFDC/source-analysis/efdc_surface_forcing.md,65,calpuv2c.f90:226-226,EFDC/calpuv2c.f90,modified,file-line,NO_ACTION,변경과 교차하지 않음
models/EFDC/source-analysis/efdc_surface_forcing.md,66,calexp.f90:1383-1384,EFDC/calexp.f90,modified,file-line,REVIEW_ONLY,줄 이동(내용 동일)
models/EFDC/source-analysis/efdc_bottom_friction.md,21,hdmt.f90:253-253,EFDC/hdmt.f90,modified,file-line,NO_ACTION,변경과 교차하지 않음
models/EFDC/source-analysis/efdc_bottom_friction.md,25,hdmt.f90:266-267,EFDC/hdmt.f90,modified,file-line,NO_ACTION,변경과 교차하지 않음
models/EFDC/source-analysis/efdc_bottom_friction.md,25,calpuv9c.f90:269-270,EFDC/calpuv9c.f90,modified,file-line,NO_ACTION,변경과 교차하지 않음
models/EFDC/source-analysis/efdc_bottom_friction.md,108,calpuv9c.f90:269-270,EFDC/calpuv9c.f90,modified,file-line,NO_ACTION,변경과 교차하지 않음
models/EFDC/source-analysis/efdc_bottom_friction.md,109,hdmt.f90:266-267,EFDC/hdmt.f90,modified,file-line,NO_ACTION,변경과 교차하지 않음
models/EFDC/source-analysis/efdc_bottom_friction.md,109,hdmt.f90:1170-1170,EFDC/hdmt.f90,modified,file-line,NO_ACTION,변경과 교차하지 않음
models/EFDC/source-analysis/efdc_boundary_conditions.md,19,input.f90:264-264,EFDC/input.f90,modified,file-line,REVIEW_ONLY,줄 이동(내용 동일)
models/EFDC/source-analysis/efdc_boundary_conditions.md,19,input.f90:548-548,EFDC/input.f90,modified,file-line,REVIEW_ONLY,citation ∩ changed hunk — 의미 검토 필요
models/EFDC/source-analysis/efdc_boundary_conditions.md,19,input.f90:732-754,EFDC/input.f90,modified,file-line,REVIEW_ONLY,citation ∩ changed hunk — 의미 검토 필요
models/EFDC/source-analysis/efdc_boundary_conditions.md,19,input.f90:852-867,EFDC/input.f90,modified,file-line,REVIEW_ONLY,citation ∩ changed hunk — 의미 검토 필요
models/EFDC/source-analysis/efdc_boundary_conditions.md,19,input.f90:870-1321,EFDC/input.f90,modified,file-line,REVIEW_ONLY,citation ∩ changed hunk — 의미 검토 필요
models/EFDC/source-analysis/efdc_boundary_conditions.md,19,input.f90:1352-1378,EFDC/input.f90,modified,file-line,REVIEW_ONLY,citation ∩ changed hunk — 의미 검토 필요
models/EFDC/source-analysis/efdc_boundary_conditions.md,19,input.f90:2721-2995,EFDC/input.f90,modified,file-line,REVIEW_ONLY,줄 이동(내용 동일)
models/EFDC/source-analysis/efdc_boundary_conditions.md,19,input.f90:3656-3705,EFDC/input.f90,modified,file-line,REVIEW_ONLY,citation ∩ changed hunk — 의미 검토 필요
models/EFDC/source-analysis/efdc_boundary_conditions.md,19,input.f90:5650-5685,EFDC/input.f90,modified,file-line,REVIEW_ONLY,줄 이동(내용 동일)
models/EFDC/source-analysis/efdc_boundary_conditions.md,19,input.f90:5717-5755,EFDC/input.f90,modified,file-line,REVIEW_ONLY,줄 이동(내용 동일)
models/EFDC/source-analysis/efdc_boundary_conditions.md,19,input.f90:5858-6277,EFDC/input.f90,modified,file-line,REVIEW_ONLY,줄 이동(내용 동일)
models/EFDC/source-analysis/efdc_boundary_conditions.md,21,setbcs.f90:203-490,EFDC/setbcs.f90,modified,file-line,REVIEW_ONLY,citation ∩ changed hunk — 의미 검토 필요
models/EFDC/source-analysis/efdc_boundary_conditions.md,25,calpuv9c.f90:638-642,EFDC/calpuv9c.f90,modified,file-line,NO_ACTION,변경과 교차하지 않음
models/EFDC/source-analysis/efdc_boundary_conditions.md,25,calpuv9c.f90:771-846,EFDC/calpuv9c.f90,modified,file-line,NO_ACTION,변경과 교차하지 않음
models/EFDC/source-analysis/efdc_boundary_conditions.md,25,calpuv9c.f90:1277-1304,EFDC/calpuv9c.f90,modified,file-line,NO_ACTION,변경과 교차하지 않음
models/EFDC/source-analysis/efdc_boundary_conditions.md,25,calpuv2c.f90:591-599,EFDC/calpuv2c.f90,modified,file-line,NO_ACTION,변경과 교차하지 않음
models/EFDC/source-analysis/efdc_boundary_conditions.md,25,calpuv2c.f90:733-734,EFDC/calpuv2c.f90,modified,file-line,NO_ACTION,변경과 교차하지 않음
models/EFDC/source-analysis/efdc_boundary_conditions.md,25,calpuv2c.f90:747-790,EFDC/calpuv2c.f90,modified,file-line,NO_ACTION,변경과 교차하지 않음
models/EFDC/source-analysis/efdc_boundary_conditions.md,25,calpuv2c.f90:1191-1217,EFDC/calpuv2c.f90,modified,file-line,NO_ACTION,변경과 교차하지 않음
models/EFDC/source-analysis/efdc_boundary_conditions.md,36,input.f90:5650-5685,EFDC/input.f90,modified,file-line,REVIEW_ONLY,줄 이동(내용 동일)
models/EFDC/source-analysis/efdc_boundary_conditions.md,44,calpuv9c.f90:638-642,EFDC/calpuv9c.f90,modified,file-line,NO_ACTION,변경과 교차하지 않음
models/EFDC/source-analysis/efdc_boundary_conditions.md,44,calpuv2c.f90:591-599,EFDC/calpuv2c.f90,modified,file-line,NO_ACTION,변경과 교차하지 않음
models/EFDC/source-analysis/efdc_boundary_conditions.md,47,calexp.f90:629-669,EFDC/calexp.f90,modified,file-line,NO_ACTION,변경과 교차하지 않음
models/EFDC/source-analysis/efdc_boundary_conditions.md,47,calexp2t.f90:581-620,EFDC/calexp2t.f90,modified,file-line,REVIEW_ONLY,줄 이동(내용 동일)
models/EFDC/source-analysis/efdc_boundary_conditions.md,66,input.f90:5858-5904,EFDC/input.f90,modified,file-line,REVIEW_ONLY,줄 이동(내용 동일)
models/EFDC/source-analysis/efdc_boundary_conditions.md,72,input.f90:2721-2737,EFDC/input.f90,modified,file-line,REVIEW_ONLY,줄 이동(내용 동일)
models/EFDC/source-analysis/efdc_boundary_conditions.md,85,input.f90:1352-1360,EFDC/input.f90,modified,file-line,REVIEW_ONLY,citation ∩ changed hunk — 의미 검토 필요
models/EFDC/source-analysis/efdc_boundary_conditions.md,88,input.f90:1365-1378,EFDC/input.f90,modified,file-line,REVIEW_ONLY,citation ∩ changed hunk — 의미 검토 필요
models/EFDC/source-analysis/efdc_boundary_conditions.md,99,input.f90:5717-5755,EFDC/input.f90,modified,file-line,REVIEW_ONLY,줄 이동(내용 동일)
models/EFDC/source-analysis/efdc_boundary_conditions.md,106,calpuv9c.f90:771-785,EFDC/calpuv9c.f90,modified,file-line,NO_ACTION,변경과 교차하지 않음
models/EFDC/source-analysis/efdc_boundary_conditions.md,106,calpuv2c.f90:733-734,EFDC/calpuv2c.f90,modified,file-line,NO_ACTION,변경과 교차하지 않음
models/EFDC/source-analysis/efdc_boundary_conditions.md,110,input.f90:870-889,EFDC/input.f90,modified,file-line,REVIEW_ONLY,citation ∩ changed hunk — 의미 검토 필요
models/EFDC/source-analysis/efdc_boundary_conditions.md,121,setbcs.f90:211-300,EFDC/setbcs.f90,modified,file-line,NO_ACTION,변경과 교차하지 않음
models/EFDC/source-analysis/efdc_boundary_conditions.md,131,calpuv9c.f90:638-639,EFDC/calpuv9c.f90,modified,file-line,NO_ACTION,변경과 교차하지 않음
models/EFDC/source-analysis/efdc_boundary_conditions.md,132,calpuv2c.f90:591-592,EFDC/calpuv2c.f90,modified,file-line,NO_ACTION,변경과 교차하지 않음
models/EFDC/source-analysis/efdc_boundary_conditions.md,137,input.f90:3656-3689,EFDC/input.f90,modified,file-line,REVIEW_ONLY,citation ∩ changed hunk — 의미 검토 필요
models/EFDC/source-analysis/efdc_boundary_conditions.md,145,calpuv9c.f90:736-759,EFDC/calpuv9c.f90,modified,file-line,NO_ACTION,변경과 교차하지 않음
models/EFDC/source-analysis/efdc_boundary_conditions.md,145,calpuv2c.f90:697-720,EFDC/calpuv2c.f90,modified,file-line,NO_ACTION,변경과 교차하지 않음
models/EFDC/source-analysis/efdc_boundary_conditions.md,152,input.f90:732-754,EFDC/input.f90,modified,file-line,REVIEW_ONLY,citation ∩ changed hunk — 의미 검토 필요
models/EFDC/source-analysis/efdc_boundary_conditions.md,157,input.f90:980-1005,EFDC/input.f90,modified,file-line,REVIEW_ONLY,citation ∩ changed hunk — 의미 검토 필요
models/EFDC/source-analysis/efdc_boundary_conditions.md,174,calpuv9c.f90:804-846,EFDC/calpuv9c.f90,modified,file-line,NO_ACTION,변경과 교차하지 않음
models/EFDC/source-analysis/efdc_boundary_conditions.md,174,calpuv2c.f90:747-790,EFDC/calpuv2c.f90,modified,file-line,NO_ACTION,변경과 교차하지 않음
models/EFDC/source-analysis/efdc_boundary_conditions.md,176,calpuv9c.f90:1277-1304,EFDC/calpuv9c.f90,modified,file-line,NO_ACTION,변경과 교차하지 않음
models/EFDC/source-analysis/efdc_boundary_conditions.md,176,calpuv2c.f90:1191-1217,EFDC/calpuv2c.f90,modified,file-line,NO_ACTION,변경과 교차하지 않음
models/EFDC/source-analysis/efdc_boundary_conditions.md,198,input.f90:913-915,EFDC/input.f90,modified,file-line,REVIEW_ONLY,citation ∩ changed hunk — 의미 검토 필요
models/EFDC/source-analysis/efdc_boundary_conditions.md,207,hdmt.f90:89-89,EFDC/hdmt.f90,modified,file-line,NO_ACTION,변경과 교차하지 않음
models/EFDC/source-analysis/efdc_rpem_vegetation.md,21,mod_wq.f90:361-361,EFDC/Eutrophication/mod_wq.f90,modified,file-line,NO_ACTION,변경과 교차하지 않음
models/EFDC/source-analysis/efdc_gvc_legacy.md,153,hdmt.f90,EFDC/hdmt.f90,modified,file,REVIEW_ONLY,변경 파일의 파일 단위 인용(의미 영향 미확정)
models/EFDC/source-analysis/efdc_gvc_legacy.md,153,aaefdc.f90,EFDC/aaefdc.f90,modified,file,REVIEW_ONLY,변경 파일의 파일 단위 인용(의미 영향 미확정)
models/EFDC/source-analysis/efdc_linkages.md,23,input.f90:264-264,EFDC/input.f90,modified,file-line,REVIEW_ONLY,줄 이동(내용 동일)
models/EFDC/source-analysis/efdc_linkages.md,25,hdmt2t.f90:1055-1055,EFDC/hdmt2t.f90,modified,file-line,REVIEW_ONLY,줄 이동(내용 동일)
models/EFDC/source-analysis/efdc_linkages.md,26,input.f90:292-292,EFDC/input.f90,modified,file-line,REVIEW_ONLY,줄 이동(내용 동일)
models/EFDC/source-analysis/efdc_linkages.md,31,hdmt.f90:1373-1373,EFDC/hdmt.f90,modified,file-line,NO_ACTION,변경과 교차하지 않음
models/EFDC/source-analysis/efdc_linkages.md,36,hdmt.f90:1574-1574,EFDC/hdmt.f90,modified,file-line,NO_ACTION,변경과 교차하지 않음
models/EFDC/source-analysis/efdc_ice.md,19,input.f90:2524-2530,EFDC/input.f90,modified,file-line,REVIEW_ONLY,줄 이동(내용 동일)
models/EFDC/source-analysis/efdc_ice.md,19,input.f90:6888-6911,EFDC/input.f90,modified,file-line,REVIEW_ONLY,줄 이동(내용 동일)
models/EFDC/source-analysis/efdc_ice.md,19,input.f90:7000-7099,EFDC/input.f90,modified,file-line,REVIEW_ONLY,citation ∩ changed hunk — 의미 검토 필요
models/EFDC/source-analysis/efdc_ice.md,20,mod_scaninp.f90:504-855,EFDC/mod_scaninp.f90,modified,file-line,NO_ACTION,변경과 교차하지 않음
models/EFDC/source-analysis/efdc_ice.md,21,Transport/mod_heat.f90:251-1490,EFDC/Transport/mod_heat.f90,modified,file-line,REVIEW_ONLY,citation ∩ changed hunk — 의미 검토 필요
models/EFDC/source-analysis/efdc_ice.md,21,Transport/mod_heat.f90:1095-1104,EFDC/Transport/mod_heat.f90,modified,file-line,REVIEW_ONLY,줄 이동(내용 동일)
models/EFDC/source-analysis/efdc_ice.md,21,Transport/mod_heat.f90:641-753,EFDC/Transport/mod_heat.f90,modified,file-line,REVIEW_ONLY,줄 이동(내용 동일)
models/EFDC/source-analysis/efdc_ice.md,21,Transport/mod_heat.f90:1322-1428,EFDC/Transport/mod_heat.f90,modified,file-line,REVIEW_ONLY,줄 이동(내용 동일)
models/EFDC/source-analysis/efdc_ice.md,21,Transport/mod_heat.f90:1652-1674,EFDC/Transport/mod_heat.f90,modified,file-line,REVIEW_ONLY,줄 이동(내용 동일)
models/EFDC/source-analysis/efdc_ice.md,23,caltsxy.f90:612-864,EFDC/caltsxy.f90,modified,file-line,REVIEW_ONLY,줄 이동(내용 동일)
models/EFDC/source-analysis/efdc_ice.md,23,caltsxy.f90:684-724,EFDC/caltsxy.f90,modified,file-line,REVIEW_ONLY,줄 이동(내용 동일)
models/EFDC/source-analysis/efdc_ice.md,24,calpuv2c.f90:220-226,EFDC/calpuv2c.f90,modified,file-line,NO_ACTION,변경과 교차하지 않음
models/EFDC/source-analysis/efdc_ice.md,24,calpuv9c.f90:565-573,EFDC/calpuv9c.f90,modified,file-line,NO_ACTION,변경과 교차하지 않음
models/EFDC/source-analysis/efdc_ice.md,25,calexp.f90:1091-1385,EFDC/calexp.f90,modified,file-line,REVIEW_ONLY,citation ∩ changed hunk — 의미 검토 필요
models/EFDC/source-analysis/efdc_ice.md,25,calexp2t.f90:1014-1405,EFDC/calexp2t.f90,modified,file-line,REVIEW_ONLY,citation ∩ changed hunk — 의미 검토 필요
models/EFDC/source-analysis/efdc_ice.md,26,Transport/calconc.f90:296-471,EFDC/Transport/calconc.f90,modified,file-line,REVIEW_ONLY,citation ∩ changed hunk — 의미 검토 필요
models/EFDC/source-analysis/efdc_ice.md,28,Waves/mod_windwave.f90:191-826,EFDC/Waves/mod_windwave.f90,modified,file-line,REVIEW_ONLY,citation ∩ changed hunk — 의미 검토 필요
models/EFDC/source-analysis/efdc_ice.md,29,varalloc.f90:1386-1400,EFDC/varalloc.f90,modified,file-line,REVIEW_ONLY,citation ∩ changed hunk — 의미 검토 필요
models/EFDC/source-analysis/efdc_ice.md,35,input.f90:2524-2530,EFDC/input.f90,modified,file-line,REVIEW_ONLY,줄 이동(내용 동일)
models/EFDC/source-analysis/efdc_ice.md,37,mod_scaninp.f90:504-514,EFDC/mod_scaninp.f90,modified,file-line,NO_ACTION,변경과 교차하지 않음
models/EFDC/source-analysis/efdc_ice.md,39,input.f90:6888-6911,EFDC/input.f90,modified,file-line,REVIEW_ONLY,줄 이동(내용 동일)
models/EFDC/source-analysis/efdc_ice.md,43,Transport/mod_heat.f90:1095-1104,EFDC/Transport/mod_heat.f90,modified,file-line,REVIEW_ONLY,줄 이동(내용 동일)
models/EFDC/source-analysis/efdc_ice.md,54,caltsxy.f90:612-704,EFDC/caltsxy.f90,modified,file-line,REVIEW_ONLY,줄 이동(내용 동일)
models/EFDC/source-analysis/efdc_ice.md,64,Transport/mod_heat.f90:641-669,EFDC/Transport/mod_heat.f90,modified,file-line,REVIEW_ONLY,줄 이동(내용 동일)
models/EFDC/source-analysis/efdc_ice.md,80,caltsxy.f90:713-724,EFDC/caltsxy.f90,modified,file-line,REVIEW_ONLY,줄 이동(내용 동일)
models/EFDC/source-analysis/efdc_ice.md,86,calpuv2c.f90:220-226,EFDC/calpuv2c.f90,modified,file-line,NO_ACTION,변경과 교차하지 않음
models/EFDC/source-analysis/efdc_ice.md,86,calpuv9c.f90:565-573,EFDC/calpuv9c.f90,modified,file-line,NO_ACTION,변경과 교차하지 않음
models/EFDC/source-analysis/efdc_ice.md,88,calexp.f90:1374-1385,EFDC/calexp.f90,modified,file-line,REVIEW_ONLY,줄 이동(내용 동일)
models/EFDC/source-analysis/efdc_ice.md,88,calexp2t.f90:1400-1405,EFDC/calexp2t.f90,modified,file-line,NO_ACTION,변경과 교차하지 않음
models/EFDC/source-analysis/efdc_ice.md,92,caltsxy.f90:755-864,EFDC/caltsxy.f90,modified,file-line,REVIEW_ONLY,줄 이동(내용 동일)
models/EFDC/source-analysis/efdc_ice.md,104,Waves/mod_windwave.f90:191-220,EFDC/Waves/mod_windwave.f90,modified,file-line,REVIEW_ONLY,줄 이동(내용 동일)
models/EFDC/source-analysis/efdc_ice.md,108,calexp.f90:1091-1097,EFDC/calexp.f90,modified,file-line,NO_ACTION,변경과 교차하지 않음
models/EFDC/source-analysis/efdc_ice.md,108,calexp2t.f90:1014-1019,EFDC/calexp2t.f90,modified,file-line,REVIEW_ONLY,citation ∩ changed hunk — 의미 검토 필요
models/EFDC/source-analysis/efdc_ice.md,114,Transport/calconc.f90:467-471,EFDC/Transport/calconc.f90,modified,file-line,REVIEW_ONLY,줄 이동(내용 동일)
models/EFDC/source-analysis/efdc_ice.md,120,Transport/mod_heat.f90:1480-1490,EFDC/Transport/mod_heat.f90,modified,file-line,REVIEW_ONLY,줄 이동(내용 동일)
models/EFDC/source-analysis/efdc_ice.md,128,input.f90:7000-7031,EFDC/input.f90,modified,file-line,REVIEW_ONLY,citation ∩ changed hunk — 의미 검토 필요
models/EFDC/source-analysis/efdc_ice.md,130,mod_scaninp.f90:839-855,EFDC/mod_scaninp.f90,modified,file-line,NO_ACTION,변경과 교차하지 않음
models/EFDC/source-analysis/efdc_ice.md,131,mod_heat.f90:251-263,EFDC/Transport/mod_heat.f90,modified,file-line,NO_ACTION,변경과 교차하지 않음
models/EFDC/source-analysis/efdc_ice.md,133,varalloc.f90:1386-1400,EFDC/varalloc.f90,modified,file-line,REVIEW_ONLY,citation ∩ changed hunk — 의미 검토 필요
models/EFDC/source-analysis/efdc_mpi_decomposition.md,27,calpuv9c.f90:31-31,EFDC/calpuv9c.f90,modified,file-line,NO_ACTION,변경과 교차하지 않음
models/EFDC/source-analysis/efdc_mpi_decomposition.md,27,calpuv9c.f90:693-850,EFDC/calpuv9c.f90,modified,file-line,NO_ACTION,변경과 교차하지 않음
models/EFDC/source-analysis/efdc_mpi_decomposition.md,99,calpuv9c.f90:31-31,EFDC/calpuv9c.f90,modified,file-line,NO_ACTION,변경과 교차하지 않음
models/EFDC/source-analysis/efdc_mpi_decomposition.md,124,aaefdc.f90:3156-3159,EFDC/aaefdc.f90,modified,file-line,REVIEW_ONLY,줄 이동(내용 동일)
models/EFDC/source-analysis/efdc_water_quality.md,15,Eutrophication/mod_wq.f90,EFDC/Eutrophication/mod_wq.f90,modified,file,REVIEW_ONLY,변경 파일의 파일 단위 인용(의미 영향 미확정)
models/EFDC/source-analysis/efdc_water_quality.md,15,mod_diagen.f90,EFDC/Eutrophication/mod_diagen.f90,modified,file,REVIEW_ONLY,변경 파일의 파일 단위 인용(의미 영향 미확정)
models/EFDC/source-analysis/efdc_water_quality.md,19,Eutrophication/mod_wq.f90:9-5083,EFDC/Eutrophication/mod_wq.f90,modified,file-line,REVIEW_ONLY,citation ∩ changed hunk — 의미 검토 필요
models/EFDC/source-analysis/efdc_water_quality.md,20,Eutrophication/mod_wq_vars.f90:28-118,EFDC/Eutrophication/mod_wq_vars.f90,modified,file-line,NO_ACTION,변경과 교차하지 않음
models/EFDC/source-analysis/efdc_water_quality.md,21,Eutrophication/mod_diagen.f90,EFDC/Eutrophication/mod_diagen.f90,modified,file,REVIEW_ONLY,변경 파일의 파일 단위 인용(의미 영향 미확정)
models/EFDC/source-analysis/efdc_water_quality.md,22,Eutrophication/mod_biota.f90:57-444,EFDC/Eutrophication/mod_biota.f90,modified,file-line,REVIEW_ONLY,citation ∩ changed hunk — 의미 검토 필요
models/EFDC/source-analysis/efdc_water_quality.md,24,aaefdc.f90:126-126,EFDC/aaefdc.f90,modified,file-line,NO_ACTION,변경과 교차하지 않음
models/EFDC/source-analysis/efdc_water_quality.md,24,aaefdc.f90:3086-3086,EFDC/aaefdc.f90,modified,file-line,REVIEW_ONLY,줄 이동(내용 동일)
models/EFDC/source-analysis/efdc_water_quality.md,25,hdmt.f90:1021-1021,EFDC/hdmt.f90,modified,file-line,NO_ACTION,변경과 교차하지 않음
models/EFDC/source-analysis/efdc_water_quality.md,25,hdmt2t.f90:734-734,EFDC/hdmt2t.f90,modified,file-line,NO_ACTION,변경과 교차하지 않음
models/EFDC/source-analysis/efdc_water_quality.md,26,mod_scaninp.f90:1631-1697,EFDC/mod_scaninp.f90,modified,file-line,NO_ACTION,변경과 교차하지 않음
models/EFDC/source-analysis/efdc_water_quality.md,26,mod_scaninp.f90:1875-1890,EFDC/mod_scaninp.f90,modified,file-line,NO_ACTION,변경과 교차하지 않음
models/EFDC/source-analysis/efdc_water_quality.md,27,Transport/calconc.f90:188-188,EFDC/Transport/calconc.f90,modified,file-line,REVIEW_ONLY,줄 이동(내용 동일)
models/EFDC/source-analysis/efdc_water_quality.md,27,Transport/calconc.f90:213-213,EFDC/Transport/calconc.f90,modified,file-line,REVIEW_ONLY,citation ∩ changed hunk — 의미 검토 필요
models/EFDC/source-analysis/efdc_water_quality.md,27,Transport/calconc.f90:467-490,EFDC/Transport/calconc.f90,modified,file-line,REVIEW_ONLY,citation ∩ changed hunk — 의미 검토 필요
models/EFDC/source-analysis/efdc_water_quality.md,29,SedTran-Original/ssedtox.f90:9-31,EFDC/SedTran-Original/ssedtox.f90,modified,file-line,NO_ACTION,변경과 교차하지 않음
models/EFDC/source-analysis/efdc_water_quality.md,34,mod_wq.f90,EFDC/Eutrophication/mod_wq.f90,modified,file,REVIEW_ONLY,변경 파일의 파일 단위 인용(의미 영향 미확정)
models/EFDC/source-analysis/efdc_water_quality.md,35,mod_wq_vars.f90,EFDC/Eutrophication/mod_wq_vars.f90,modified,file,REVIEW_ONLY,변경 파일의 파일 단위 인용(의미 영향 미확정)
models/EFDC/source-analysis/efdc_water_quality.md,36,mod_diagen.f90,EFDC/Eutrophication/mod_diagen.f90,modified,file,REVIEW_ONLY,변경 파일의 파일 단위 인용(의미 영향 미확정)
models/EFDC/source-analysis/efdc_water_quality.md,37,mod_biota.f90,EFDC/Eutrophication/mod_biota.f90,modified,file,REVIEW_ONLY,변경 파일의 파일 단위 인용(의미 영향 미확정)
models/EFDC/source-analysis/efdc_water_quality.md,43,mod_wq.f90:9-9,EFDC/Eutrophication/mod_wq.f90,modified,file-line,NO_ACTION,변경과 교차하지 않음
models/EFDC/source-analysis/efdc_water_quality.md,43,mod_wq.f90:34-34,EFDC/Eutrophication/mod_wq.f90,modified,file-line,NO_ACTION,변경과 교차하지 않음
models/EFDC/source-analysis/efdc_water_quality.md,45,aaefdc.f90:126-126,EFDC/aaefdc.f90,modified,file-line,NO_ACTION,변경과 교차하지 않음
models/EFDC/source-analysis/efdc_water_quality.md,45,aaefdc.f90:3086-3086,EFDC/aaefdc.f90,modified,file-line,REVIEW_ONLY,줄 이동(내용 동일)
models/EFDC/source-analysis/efdc_water_quality.md,47,hdmt.f90:35-35,EFDC/hdmt.f90,modified,file-line,NO_ACTION,변경과 교차하지 않음
models/EFDC/source-analysis/efdc_water_quality.md,47,hdmt.f90:1021-1021,EFDC/hdmt.f90,modified,file-line,NO_ACTION,변경과 교차하지 않음
models/EFDC/source-analysis/efdc_water_quality.md,47,hdmt2t.f90:37-37,EFDC/hdmt2t.f90,modified,file-line,NO_ACTION,변경과 교차하지 않음
models/EFDC/source-analysis/efdc_water_quality.md,47,hdmt2t.f90:734-734,EFDC/hdmt2t.f90,modified,file-line,NO_ACTION,변경과 교차하지 않음
models/EFDC/source-analysis/efdc_water_quality.md,49,mod_wq.f90:333-358,EFDC/Eutrophication/mod_wq.f90,modified,file-line,NO_ACTION,변경과 교차하지 않음
models/EFDC/source-analysis/efdc_water_quality.md,63,mod_scaninp.f90:1631-1631,EFDC/mod_scaninp.f90,modified,file-line,NO_ACTION,변경과 교차하지 않음
models/EFDC/source-analysis/efdc_water_quality.md,67,mod_wq.f90:741-741,EFDC/Eutrophication/mod_wq.f90,modified,file-line,NO_ACTION,변경과 교차하지 않음
models/EFDC/source-analysis/efdc_water_quality.md,71,mod_scaninp.f90:1875-1875,EFDC/mod_scaninp.f90,modified,file-line,NO_ACTION,변경과 교차하지 않음
models/EFDC/source-analysis/efdc_water_quality.md,71,mod_scaninp.f90:1890-1890,EFDC/mod_scaninp.f90,modified,file-line,NO_ACTION,변경과 교차하지 않음
models/EFDC/source-analysis/efdc_water_quality.md,73,mod_wq.f90:2968-2968,EFDC/Eutrophication/mod_wq.f90,modified,file-line,NO_ACTION,변경과 교차하지 않음
models/EFDC/source-analysis/efdc_water_quality.md,73,mod_wq.f90:4568-4568,EFDC/Eutrophication/mod_wq.f90,modified,file-line,NO_ACTION,변경과 교차하지 않음
models/EFDC/source-analysis/efdc_water_quality.md,73,mod_wq.f90:4624-4624,EFDC/Eutrophication/mod_wq.f90,modified,file-line,NO_ACTION,변경과 교차하지 않음
models/EFDC/source-analysis/efdc_water_quality.md,77,mod_wq.f90:2875-2875,EFDC/Eutrophication/mod_wq.f90,modified,file-line,NO_ACTION,변경과 교차하지 않음
models/EFDC/source-analysis/efdc_water_quality.md,77,mod_wq.f90:2884-2884,EFDC/Eutrophication/mod_wq.f90,modified,file-line,NO_ACTION,변경과 교차하지 않음
models/EFDC/source-analysis/efdc_water_quality.md,100,mod_diagen.f90:9-9,EFDC/Eutrophication/mod_diagen.f90,modified,file-line,NO_ACTION,변경과 교차하지 않음
models/EFDC/source-analysis/efdc_water_quality.md,102,mod_wq.f90:585-585,EFDC/Eutrophication/mod_wq.f90,modified,file-line,NO_ACTION,변경과 교차하지 않음
models/EFDC/source-analysis/efdc_water_quality.md,102,mod_diagen.f90:160-160,EFDC/Eutrophication/mod_diagen.f90,modified,file-line,NO_ACTION,변경과 교차하지 않음
models/EFDC/source-analysis/efdc_water_quality.md,104,mod_wq.f90:351-351,EFDC/Eutrophication/mod_wq.f90,modified,file-line,NO_ACTION,변경과 교차하지 않음
models/EFDC/source-analysis/efdc_water_quality.md,104,mod_diagen.f90:674-674,EFDC/Eutrophication/mod_diagen.f90,modified,file-line,REVIEW_ONLY,줄 이동(내용 동일)
models/EFDC/source-analysis/efdc_water_quality.md,106,mod_diagen.f90:164-277,EFDC/Eutrophication/mod_diagen.f90,modified,file-line,REVIEW_ONLY,citation ∩ changed hunk — 의미 검토 필요
models/EFDC/source-analysis/efdc_water_quality.md,121,mod_wq_vars.f90:118-118,EFDC/Eutrophication/mod_wq_vars.f90,modified,file-line,NO_ACTION,변경과 교차하지 않음
models/EFDC/source-analysis/efdc_water_quality.md,121,mod_wq.f90:208-208,EFDC/Eutrophication/mod_wq.f90,modified,file-line,NO_ACTION,변경과 교차하지 않음
models/EFDC/source-analysis/efdc_water_quality.md,123,mod_wq.f90:268-268,EFDC/Eutrophication/mod_wq.f90,modified,file-line,NO_ACTION,변경과 교차하지 않음
models/EFDC/source-analysis/efdc_water_quality.md,123,mod_wq.f90:284-284,EFDC/Eutrophication/mod_wq.f90,modified,file-line,NO_ACTION,변경과 교차하지 않음
models/EFDC/source-analysis/efdc_water_quality.md,132,Transport/calconc.f90:188-188,EFDC/Transport/calconc.f90,modified,file-line,REVIEW_ONLY,줄 이동(내용 동일)
models/EFDC/source-analysis/efdc_water_quality.md,134,Transport/calconc.f90:213-213,EFDC/Transport/calconc.f90,modified,file-line,REVIEW_ONLY,citation ∩ changed hunk — 의미 검토 필요
models/EFDC/source-analysis/efdc_water_quality.md,138,SedTran-Original/ssedtox.f90:9-9,EFDC/SedTran-Original/ssedtox.f90,modified,file-line,NO_ACTION,변경과 교차하지 않음
models/EFDC/source-analysis/efdc_water_quality.md,138,SedTran-Original/ssedtox.f90:31-31,EFDC/SedTran-Original/ssedtox.f90,modified,file-line,NO_ACTION,변경과 교차하지 않음
models/EFDC/source-analysis/efdc_water_quality.md,140,mod_wq.f90:4934-4934,EFDC/Eutrophication/mod_wq.f90,modified,file-line,NO_ACTION,변경과 교차하지 않음
models/EFDC/source-analysis/efdc_water_quality.md,144,mod_wq.f90:779-779,EFDC/Eutrophication/mod_wq.f90,modified,file-line,NO_ACTION,변경과 교차하지 않음
models/EFDC/source-analysis/efdc_water_quality.md,161,mod_biota.f90:57-57,EFDC/Eutrophication/mod_biota.f90,modified,file-line,NO_ACTION,변경과 교차하지 않음
models/EFDC/source-analysis/efdc_water_quality.md,163,mod_wq.f90:1266-1266,EFDC/Eutrophication/mod_wq.f90,modified,file-line,NO_ACTION,변경과 교차하지 않음
models/EFDC/source-analysis/efdc_water_quality.md,164,mod_diagen.f90:160-160,EFDC/Eutrophication/mod_diagen.f90,modified,file-line,NO_ACTION,변경과 교차하지 않음
models/EFDC/source-analysis/efdc_water_quality.md,165,mod_wq.f90:1707-1707,EFDC/Eutrophication/mod_wq.f90,modified,file-line,NO_ACTION,변경과 교차하지 않음
models/EFDC/source-analysis/efdc_water_quality.md,165,mod_wq.f90:1756-1756,EFDC/Eutrophication/mod_wq.f90,modified,file-line,NO_ACTION,변경과 교차하지 않음
models/EFDC/source-analysis/efdc_water_quality.md,170,mod_wq.f90:396-472,EFDC/Eutrophication/mod_wq.f90,modified,file-line,NO_ACTION,변경과 교차하지 않음
models/EFDC/source-analysis/efdc_water_quality.md,173,mod_wq_vars.f90:77-77,EFDC/Eutrophication/mod_wq_vars.f90,modified,file-line,NO_ACTION,변경과 교차하지 않음
models/EFDC/source-analysis/efdc_water_quality.md,178,mod_wq.f90:1219-1219,EFDC/Eutrophication/mod_wq.f90,modified,file-line,NO_ACTION,변경과 교차하지 않음
models/EFDC/source-analysis/efdc_dispersion.md,19,models/EFDC/raw/source_code/EFDCPlus_Stable/EFDC/calhdmf.f90,EFDC/calhdmf.f90,modified,file,REVIEW_ONLY,변경 파일의 파일 단위 인용(의미 영향 미확정)
models/EFDC/source-analysis/efdc_dispersion.md,20,models/EFDC/raw/source_code/EFDCPlus_Stable/EFDC/calhdmf3.f90,EFDC/calhdmf3.f90,modified,file,REVIEW_ONLY,변경 파일의 파일 단위 인용(의미 영향 미확정)
models/EFDC/source-analysis/efdc_dispersion.md,23,models/EFDC/raw/source_code/EFDCPlus_Stable/EFDC/input.f90:621-621,EFDC/input.f90,modified,file-line,REVIEW_ONLY,citation ∩ changed hunk — 의미 검토 필요
models/EFDC/source-analysis/efdc_dispersion.md,23,models/EFDC/raw/source_code/EFDCPlus_Stable/EFDC/input.f90:3722-3795,EFDC/input.f90,modified,file-line,REVIEW_ONLY,citation ∩ changed hunk — 의미 검토 필요
models/EFDC/source-analysis/efdc_dispersion.md,24,models/EFDC/raw/source_code/EFDCPlus_Stable/EFDC/mod_var_global.f90:991-992,EFDC/mod_var_global.f90,modified,file-line,REVIEW_ONLY,citation ∩ changed hunk — 의미 검토 필요
models/EFDC/source-analysis/efdc_dispersion.md,24,models/EFDC/raw/source_code/EFDCPlus_Stable/EFDC/mod_var_global.f90:1098-1099,EFDC/mod_var_global.f90,modified,file-line,REVIEW_ONLY,줄 이동(내용 동일)
models/EFDC/source-analysis/efdc_dispersion.md,39,calhdmf.f90:23-23,EFDC/calhdmf.f90,modified,file-line,NO_ACTION,변경과 교차하지 않음
models/EFDC/source-analysis/efdc_dispersion.md,41,calhdmf.f90,EFDC/calhdmf.f90,modified,file,REVIEW_ONLY,변경 파일의 파일 단위 인용(의미 영향 미확정)
models/EFDC/source-analysis/efdc_dispersion.md,126,calhdmf3.f90,EFDC/calhdmf3.f90,modified,file,REVIEW_ONLY,변경 파일의 파일 단위 인용(의미 영향 미확정)
models/EFDC/source-analysis/efdc_dispersion.md,128,calhdmf3.f90:22-22,EFDC/calhdmf3.f90,modified,file-line,NO_ACTION,변경과 교차하지 않음
models/EFDC/source-analysis/efdc_dispersion.md,157,calhdmf.f90,EFDC/calhdmf.f90,modified,file,REVIEW_ONLY,변경 파일의 파일 단위 인용(의미 영향 미확정)
models/EFDC/source-analysis/efdc_dispersion.md,239,input.f90:621-621,EFDC/input.f90,modified,file-line,REVIEW_ONLY,citation ∩ changed hunk — 의미 검토 필요
models/EFDC/source-analysis/efdc_dispersion.md,240,input.f90:621-621,EFDC/input.f90,modified,file-line,REVIEW_ONLY,citation ∩ changed hunk — 의미 검토 필요
models/EFDC/source-analysis/efdc_dispersion.md,240,input.f90:3791-3794,EFDC/input.f90,modified,file-line,REVIEW_ONLY,citation ∩ changed hunk — 의미 검토 필요
models/EFDC/source-analysis/efdc_dispersion.md,241,input.f90:621-621,EFDC/input.f90,modified,file-line,REVIEW_ONLY,citation ∩ changed hunk — 의미 검토 필요
models/EFDC/source-analysis/efdc_dispersion.md,242,input.f90,EFDC/input.f90,modified,file,REVIEW_ONLY,변경 파일의 파일 단위 인용(의미 영향 미확정)
models/EFDC/source-analysis/efdc_dispersion.md,256,input.f90:3722-3795,EFDC/input.f90,modified,file-line,REVIEW_ONLY,citation ∩ changed hunk — 의미 검토 필요
models/EFDC/source-analysis/efdc_dispersion.md,295,calhdmf.f90:338-338,EFDC/calhdmf.f90,modified,file-line,NO_ACTION,변경과 교차하지 않음
models/EFDC/source-analysis/efdc_dispersion.md,296,calhdmf.f90:89-105,EFDC/calhdmf.f90,modified,file-line,NO_ACTION,변경과 교차하지 않음
models/EFDC/source-analysis/efdc_misc_modules.md,33,mhkpwr.f90,EFDC/mhkpwr.f90,modified,file,REVIEW_ONLY,변경 파일의 파일 단위 인용(의미 영향 미확정)
models/EFDC/source-analysis/efdc_misc_modules.md,38,welcome.f90,EFDC/welcome.f90,modified,file,REVIEW_ONLY,변경 파일의 파일 단위 인용(의미 영향 미확정)
models/EFDC/source-analysis/efdc_hydraulic_structures.md,21,input.f90:1352-6671,EFDC/input.f90,modified,file-line,REVIEW_ONLY,citation ∩ changed hunk — 의미 검토 필요
models/EFDC/source-analysis/efdc_hydraulic_structures.md,22,input.f90:6344-6671,EFDC/input.f90,modified,file-line,REVIEW_ONLY,줄 이동(내용 동일)
models/EFDC/source-analysis/efdc_hydraulic_structures.md,23,hdmt.f90:587-589,EFDC/hdmt.f90,modified,file-line,NO_ACTION,변경과 교차하지 않음
models/EFDC/source-analysis/efdc_hydraulic_structures.md,23,hdmt2t.f90:527-529,EFDC/hdmt2t.f90,modified,file-line,NO_ACTION,변경과 교차하지 않음
models/EFDC/source-analysis/efdc_hydraulic_structures.md,24,calpuv9c.f90:609-784,EFDC/calpuv9c.f90,modified,file-line,NO_ACTION,변경과 교차하지 않음
models/EFDC/source-analysis/efdc_hydraulic_structures.md,25,setbcs.f90:303-362,EFDC/setbcs.f90,modified,file-line,NO_ACTION,변경과 교차하지 않음
models/EFDC/source-analysis/efdc_hydraulic_structures.md,98,input.f90:6580-6581,EFDC/input.f90,modified,file-line,REVIEW_ONLY,줄 이동(내용 동일)
models/EFDC/source-analysis/efdc_hydraulic_structures.md,103,input.f90:6344-6387,EFDC/input.f90,modified,file-line,REVIEW_ONLY,줄 이동(내용 동일)
models/EFDC/source-analysis/efdc_hydraulic_structures.md,135,input.f90:6439-6439,EFDC/input.f90,modified,file-line,REVIEW_ONLY,줄 이동(내용 동일)
models/EFDC/source-analysis/efdc_hydraulic_structures.md,135,input.f90:6456-6456,EFDC/input.f90,modified,file-line,REVIEW_ONLY,줄 이동(내용 동일)
models/EFDC/source-analysis/efdc_hydraulic_structures.md,135,input.f90:6488-6488,EFDC/input.f90,modified,file-line,REVIEW_ONLY,줄 이동(내용 동일)
models/EFDC/source-analysis/efdc_hydraulic_structures.md,135,input.f90:6491-6491,EFDC/input.f90,modified,file-line,REVIEW_ONLY,줄 이동(내용 동일)
models/EFDC/source-analysis/efdc_hydraulic_structures.md,154,hdmt.f90:587-589,EFDC/hdmt.f90,modified,file-line,NO_ACTION,변경과 교차하지 않음
models/EFDC/source-analysis/efdc_hydraulic_structures.md,154,hdmt2t.f90:527-529,EFDC/hdmt2t.f90,modified,file-line,NO_ACTION,변경과 교차하지 않음
models/EFDC/source-analysis/efdc_hydraulic_structures.md,163,calpuv9c.f90:609-609,EFDC/calpuv9c.f90,modified,file-line,NO_ACTION,변경과 교차하지 않음
models/EFDC/source-analysis/efdc_hydraulic_structures.md,163,calpuv9c.f90:771-784,EFDC/calpuv9c.f90,modified,file-line,NO_ACTION,변경과 교차하지 않음
models/EFDC/source-analysis/efdc_hydraulic_structures.md,169,setbcs.f90:303-362,EFDC/setbcs.f90,modified,file-line,NO_ACTION,변경과 교차하지 않음
models/EFDC/source-analysis/efdc_wetdry.md,19,input.f90:264-293,EFDC/input.f90,modified,file-line,REVIEW_ONLY,줄 이동(내용 동일)
models/EFDC/source-analysis/efdc_wetdry.md,19,input.f90:548-570,EFDC/input.f90,modified,file-line,REVIEW_ONLY,citation ∩ changed hunk — 의미 검토 필요
models/EFDC/source-analysis/efdc_wetdry.md,20,mod_var_global.f90:60-60,EFDC/mod_var_global.f90,modified,file-line,NO_ACTION,변경과 교차하지 않음
models/EFDC/source-analysis/efdc_wetdry.md,20,mod_var_global.f90:841-841,EFDC/mod_var_global.f90,modified,file-line,NO_ACTION,변경과 교차하지 않음
models/EFDC/source-analysis/efdc_wetdry.md,20,mod_var_global.f90:1048-1048,EFDC/mod_var_global.f90,modified,file-line,REVIEW_ONLY,줄 이동(내용 동일)
models/EFDC/source-analysis/efdc_wetdry.md,20,mod_var_global.f90:1053-1053,EFDC/mod_var_global.f90,modified,file-line,REVIEW_ONLY,citation ∩ changed hunk — 의미 검토 필요
models/EFDC/source-analysis/efdc_wetdry.md,21,calpuv9c.f90,EFDC/calpuv9c.f90,modified,file,REVIEW_ONLY,변경 파일의 파일 단위 인용(의미 영향 미확정)
models/EFDC/source-analysis/efdc_wetdry.md,23,calexp.f90:750-750,EFDC/calexp.f90,modified,file-line,NO_ACTION,변경과 교차하지 않음
models/EFDC/source-analysis/efdc_wetdry.md,23,calexp.f90:1104-1104,EFDC/calexp.f90,modified,file-line,NO_ACTION,변경과 교차하지 않음
models/EFDC/source-analysis/efdc_wetdry.md,31,input.f90:264-264,EFDC/input.f90,modified,file-line,REVIEW_ONLY,줄 이동(내용 동일)
models/EFDC/source-analysis/efdc_wetdry.md,34,mod_var_global.f90:841-841,EFDC/mod_var_global.f90,modified,file-line,NO_ACTION,변경과 교차하지 않음
models/EFDC/source-analysis/efdc_wetdry.md,40,calexp.f90:750-750,EFDC/calexp.f90,modified,file-line,NO_ACTION,변경과 교차하지 않음
models/EFDC/source-analysis/efdc_wetdry.md,40,calexp.f90:1104-1104,EFDC/calexp.f90,modified,file-line,NO_ACTION,변경과 교차하지 않음
models/EFDC/source-analysis/efdc_wetdry.md,45,input.f90:548-570,EFDC/input.f90,modified,file-line,REVIEW_ONLY,citation ∩ changed hunk — 의미 검토 필요
models/EFDC/source-analysis/efdc_wetdry.md,47,mod_var_global.f90:1048-1048,EFDC/mod_var_global.f90,modified,file-line,REVIEW_ONLY,줄 이동(내용 동일)
models/EFDC/source-analysis/efdc_wetdry.md,47,calpuv9c.f90:899-899,EFDC/calpuv9c.f90,modified,file-line,NO_ACTION,변경과 교차하지 않음
models/EFDC/source-analysis/efdc_wetdry.md,47,calpuv9c.f90:935-935,EFDC/calpuv9c.f90,modified,file-line,NO_ACTION,변경과 교차하지 않음
models/EFDC/source-analysis/efdc_wetdry.md,48,mod_var_global.f90:1053-1053,EFDC/mod_var_global.f90,modified,file-line,REVIEW_ONLY,citation ∩ changed hunk — 의미 검토 필요
models/EFDC/source-analysis/efdc_wetdry.md,50,calpuv9c.f90:905-905,EFDC/calpuv9c.f90,modified,file-line,NO_ACTION,변경과 교차하지 않음
models/EFDC/source-analysis/efdc_wetdry.md,50,calpuv9c.f90:912-912,EFDC/calpuv9c.f90,modified,file-line,NO_ACTION,변경과 교차하지 않음
models/EFDC/source-analysis/efdc_wetdry.md,57,calpuv9c.f90:1656-1656,EFDC/calpuv9c.f90,modified,file-line,NO_ACTION,변경과 교차하지 않음
models/EFDC/source-analysis/efdc_wetdry.md,57,calpuv9c.f90:1768-1768,EFDC/calpuv9c.f90,modified,file-line,NO_ACTION,변경과 교차하지 않음
models/EFDC/source-analysis/efdc_wetdry.md,64,calpuv9c.f90:1277-1277,EFDC/calpuv9c.f90,modified,file-line,NO_ACTION,변경과 교차하지 않음
models/EFDC/source-analysis/efdc_wetdry.md,64,calpuv9c.f90:1284-1284,EFDC/calpuv9c.f90,modified,file-line,NO_ACTION,변경과 교차하지 않음
models/EFDC/source-analysis/efdc_wetdry.md,64,calpuv9c.f90:1292-1292,EFDC/calpuv9c.f90,modified,file-line,NO_ACTION,변경과 교차하지 않음
models/EFDC/source-analysis/efdc_wetdry.md,64,calpuv9c.f90:1300-1300,EFDC/calpuv9c.f90,modified,file-line,NO_ACTION,변경과 교차하지 않음
models/EFDC/source-analysis/efdc_wetdry.md,70,calexp.f90:750-750,EFDC/calexp.f90,modified,file-line,NO_ACTION,변경과 교차하지 않음
models/EFDC/source-analysis/efdc_wetdry.md,71,calpuv9c.f90:1462-1462,EFDC/calpuv9c.f90,modified,file-line,NO_ACTION,변경과 교차하지 않음
models/EFDC/source-analysis/efdc_wetdry.md,71,calpuv9c.f90:1521-1521,EFDC/calpuv9c.f90,modified,file-line,NO_ACTION,변경과 교차하지 않음
models/EFDC/source-analysis/efdc_wetdry.md,71,calpuv9c.f90:1843-1843,EFDC/calpuv9c.f90,modified,file-line,NO_ACTION,변경과 교차하지 않음
models/EFDC/source-analysis/efdc_wetdry.md,78,mod_var_global.f90:72-72,EFDC/mod_var_global.f90,modified,file-line,NO_ACTION,변경과 교차하지 않음
models/EFDC/source-analysis/efdc_wetdry.md,89,calpuv9c.f90:607-607,EFDC/calpuv9c.f90,modified,file-line,NO_ACTION,변경과 교차하지 않음
models/EFDC/source-analysis/efdc_wetdry.md,89,calpuv9c.f90:609-609,EFDC/calpuv9c.f90,modified,file-line,NO_ACTION,변경과 교차하지 않음
models/EFDC/source-analysis/efdc_wetdry.md,103,calpuv9c.f90:1466-1466,EFDC/calpuv9c.f90,modified,file-line,NO_ACTION,변경과 교차하지 않음
models/EFDC/source-analysis/efdc_wetdry.md,111,calpuv9c.f90:827-827,EFDC/calpuv9c.f90,modified,file-line,NO_ACTION,변경과 교차하지 않음
models/EFDC/source-analysis/efdc_wetdry.md,111,calpuv9c.f90:829-829,EFDC/calpuv9c.f90,modified,file-line,NO_ACTION,변경과 교차하지 않음
models/EFDC/source-analysis/efdc_wetdry.md,111,calpuv9c.f90:837-837,EFDC/calpuv9c.f90,modified,file-line,NO_ACTION,변경과 교차하지 않음
models/EFDC/source-analysis/efdc_wetdry.md,121,calpuv9c.f90:138-138,EFDC/calpuv9c.f90,modified,file-line,NO_ACTION,변경과 교차하지 않음
models/EFDC/source-analysis/efdc_wetdry.md,121,calpuv9c.f90:146-146,EFDC/calpuv9c.f90,modified,file-line,NO_ACTION,변경과 교차하지 않음
models/EFDC/source-analysis/efdc_wetdry.md,129,calpuv9c.f90:752-752,EFDC/calpuv9c.f90,modified,file-line,NO_ACTION,변경과 교차하지 않음
models/EFDC/source-analysis/efdc_drifters.md,22,aaefdc.f90:1105-1106,EFDC/aaefdc.f90,modified,file-line,REVIEW_ONLY,줄 이동(내용 동일)
models/EFDC/source-analysis/efdc_drifters.md,23,hdmt.f90:1378-1384,EFDC/hdmt.f90,modified,file-line,NO_ACTION,변경과 교차하지 않음
models/EFDC/source-analysis/efdc_drifters.md,23,hdmt2t.f90:1058-1063,EFDC/hdmt2t.f90,modified,file-line,REVIEW_ONLY,줄 이동(내용 동일)
models/EFDC/source-analysis/efdc_drifters.md,24,input.f90:3088-3088,EFDC/input.f90,modified,file-line,REVIEW_ONLY,줄 이동(내용 동일)
models/EFDC/source-analysis/efdc_drifters.md,43,aaefdc.f90:1105-1106,EFDC/aaefdc.f90,modified,file-line,REVIEW_ONLY,줄 이동(내용 동일)
models/EFDC/source-analysis/efdc_drifters.md,44,hdmt.f90:1378-1384,EFDC/hdmt.f90,modified,file-line,NO_ACTION,변경과 교차하지 않음
models/EFDC/source-analysis/efdc_drifters.md,44,hdmt2t.f90:1058-1063,EFDC/hdmt2t.f90,modified,file-line,REVIEW_ONLY,줄 이동(내용 동일)
models/EFDC/source-analysis/efdc_drifters.md,48,input.f90:3088-3088,EFDC/input.f90,modified,file-line,REVIEW_ONLY,줄 이동(내용 동일)
models/EFDC/source-analysis/efdc_drifters.md,185,hdmt.f90:1370-1384,EFDC/hdmt.f90,modified,file-line,NO_ACTION,변경과 교차하지 않음
models/EFDC/source-analysis/efdc_drifters.md,185,hdmt2t.f90:1053-1063,EFDC/hdmt2t.f90,modified,file-line,REVIEW_ONLY,줄 이동(내용 동일)
models/EFDC/source-analysis/efdc_heat_temperature.md,18,mod_heat.f90,EFDC/Transport/mod_heat.f90,modified,file,REVIEW_ONLY,변경 파일의 파일 단위 인용(의미 영향 미확정)
models/EFDC/source-analysis/efdc_heat_temperature.md,20,EFDC/Transport/mod_heat.f90,EFDC/Transport/mod_heat.f90,modified,file,REVIEW_ONLY,변경 파일의 파일 단위 인용(의미 영향 미확정)
models/EFDC/source-analysis/efdc_heat_temperature.md,20,../raw/source_code/EFDCPlus_Stable/EFDC/Transport/mod_heat.f90,EFDC/Transport/mod_heat.f90,modified,file,REVIEW_ONLY,변경 파일의 파일 단위 인용(의미 영향 미확정)
models/EFDC/source-analysis/efdc_vertical.md,19,mod_var_global.f90:221-221,EFDC/mod_var_global.f90,modified,file-line,NO_ACTION,변경과 교차하지 않음
models/EFDC/source-analysis/efdc_vertical.md,19,mod_var_global.f90:236-236,EFDC/mod_var_global.f90,modified,file-line,NO_ACTION,변경과 교차하지 않음
models/EFDC/source-analysis/efdc_vertical.md,20,input.f90:145-145,EFDC/input.f90,modified,file-line,REVIEW_ONLY,줄 이동(내용 동일)
models/EFDC/source-analysis/efdc_vertical.md,20,input.f90:264-264,EFDC/input.f90,modified,file-line,REVIEW_ONLY,줄 이동(내용 동일)
models/EFDC/source-analysis/efdc_vertical.md,20,input.f90:516-516,EFDC/input.f90,modified,file-line,REVIEW_ONLY,citation ∩ changed hunk — 의미 검토 필요
models/EFDC/source-analysis/efdc_vertical.md,20,input.f90:531-531,EFDC/input.f90,modified,file-line,REVIEW_ONLY,citation ∩ changed hunk — 의미 검토 필요
models/EFDC/source-analysis/efdc_vertical.md,21,aaefdc.f90:1294-1294,EFDC/aaefdc.f90,modified,file-line,REVIEW_ONLY,줄 이동(내용 동일)
models/EFDC/source-analysis/efdc_vertical.md,21,aaefdc.f90:1308-1308,EFDC/aaefdc.f90,modified,file-line,REVIEW_ONLY,citation ∩ changed hunk — 의미 검토 필요
models/EFDC/source-analysis/efdc_vertical.md,21,aaefdc.f90:1323-1323,EFDC/aaefdc.f90,modified,file-line,REVIEW_ONLY,줄 이동(내용 동일)
models/EFDC/source-analysis/efdc_vertical.md,21,aaefdc.f90:1332-1332,EFDC/aaefdc.f90,modified,file-line,REVIEW_ONLY,줄 이동(내용 동일)
models/EFDC/source-analysis/efdc_vertical.md,21,aaefdc.f90:1341-1341,EFDC/aaefdc.f90,modified,file-line,REVIEW_ONLY,줄 이동(내용 동일)
models/EFDC/source-analysis/efdc_vertical.md,21,aaefdc.f90:1435-1435,EFDC/aaefdc.f90,modified,file-line,REVIEW_ONLY,줄 이동(내용 동일)
models/EFDC/source-analysis/efdc_vertical.md,21,aaefdc.f90:1443-1443,EFDC/aaefdc.f90,modified,file-line,REVIEW_ONLY,줄 이동(내용 동일)
models/EFDC/source-analysis/efdc_vertical.md,21,aaefdc.f90:1448-1448,EFDC/aaefdc.f90,modified,file-line,REVIEW_ONLY,줄 이동(내용 동일)
models/EFDC/source-analysis/efdc_vertical.md,21,aaefdc.f90:1492-1492,EFDC/aaefdc.f90,modified,file-line,REVIEW_ONLY,줄 이동(내용 동일)
models/EFDC/source-analysis/efdc_vertical.md,21,aaefdc.f90:1497-1497,EFDC/aaefdc.f90,modified,file-line,REVIEW_ONLY,줄 이동(내용 동일)
models/EFDC/source-analysis/efdc_vertical.md,21,aaefdc.f90:2382-2382,EFDC/aaefdc.f90,modified,file-line,REVIEW_ONLY,줄 이동(내용 동일)
models/EFDC/source-analysis/efdc_vertical.md,21,aaefdc.f90:2592-2592,EFDC/aaefdc.f90,modified,file-line,REVIEW_ONLY,줄 이동(내용 동일)
models/EFDC/source-analysis/efdc_vertical.md,21,aaefdc.f90:2610-2610,EFDC/aaefdc.f90,modified,file-line,REVIEW_ONLY,줄 이동(내용 동일)
models/EFDC/source-analysis/efdc_vertical.md,21,aaefdc.f90:2820-2820,EFDC/aaefdc.f90,modified,file-line,REVIEW_ONLY,줄 이동(내용 동일)
models/EFDC/source-analysis/efdc_vertical.md,21,aaefdc.f90:2944-2944,EFDC/aaefdc.f90,modified,file-line,REVIEW_ONLY,줄 이동(내용 동일)
models/EFDC/source-analysis/efdc_vertical.md,22,varalloc.f90:1276-1276,EFDC/varalloc.f90,modified,file-line,NO_ACTION,변경과 교차하지 않음
models/EFDC/source-analysis/efdc_vertical.md,22,varalloc.f90:1319-1319,EFDC/varalloc.f90,modified,file-line,NO_ACTION,변경과 교차하지 않음
models/EFDC/source-analysis/efdc_vertical.md,24,calexp.f90:243-406,EFDC/calexp.f90,modified,file-line,NO_ACTION,변경과 교차하지 않음
models/EFDC/source-analysis/efdc_vertical.md,24,calexp.f90:1152-1152,EFDC/calexp.f90,modified,file-line,NO_ACTION,변경과 교차하지 않음
models/EFDC/source-analysis/efdc_vertical.md,24,calexp.f90:1169-1265,EFDC/calexp.f90,modified,file-line,REVIEW_ONLY,citation ∩ changed hunk — 의미 검토 필요
models/EFDC/source-analysis/efdc_vertical.md,26,calpuv9c.f90:1221-1221,EFDC/calpuv9c.f90,modified,file-line,NO_ACTION,변경과 교차하지 않음
models/EFDC/source-analysis/efdc_vertical.md,26,calpuv9c.f90:1268-1268,EFDC/calpuv9c.f90,modified,file-line,NO_ACTION,변경과 교차하지 않음
models/EFDC/source-analysis/efdc_vertical.md,26,calpuv9c.f90:1585-1585,EFDC/calpuv9c.f90,modified,file-line,NO_ACTION,변경과 교차하지 않음
models/EFDC/source-analysis/efdc_vertical.md,30,mod_var_global.f90:221-221,EFDC/mod_var_global.f90,modified,file-line,NO_ACTION,변경과 교차하지 않음
models/EFDC/source-analysis/efdc_vertical.md,30,input.f90:516-516,EFDC/input.f90,modified,file-line,REVIEW_ONLY,citation ∩ changed hunk — 의미 검토 필요
models/EFDC/source-analysis/efdc_vertical.md,31,input.f90:531-531,EFDC/input.f90,modified,file-line,REVIEW_ONLY,citation ∩ changed hunk — 의미 검토 필요
models/EFDC/source-analysis/efdc_vertical.md,31,aaefdc.f90:1294-1294,EFDC/aaefdc.f90,modified,file-line,REVIEW_ONLY,줄 이동(내용 동일)
models/EFDC/source-analysis/efdc_vertical.md,32,varalloc.f90:1319-1319,EFDC/varalloc.f90,modified,file-line,NO_ACTION,변경과 교차하지 않음
models/EFDC/source-analysis/efdc_vertical.md,33,aaefdc.f90:1435-1435,EFDC/aaefdc.f90,modified,file-line,REVIEW_ONLY,줄 이동(내용 동일)
models/EFDC/source-analysis/efdc_vertical.md,33,aaefdc.f90:1443-1443,EFDC/aaefdc.f90,modified,file-line,REVIEW_ONLY,줄 이동(내용 동일)
models/EFDC/source-analysis/efdc_vertical.md,34,aaefdc.f90:1492-1492,EFDC/aaefdc.f90,modified,file-line,REVIEW_ONLY,줄 이동(내용 동일)
models/EFDC/source-analysis/efdc_vertical.md,34,aaefdc.f90:1497-1497,EFDC/aaefdc.f90,modified,file-line,REVIEW_ONLY,줄 이동(내용 동일)
models/EFDC/source-analysis/efdc_vertical.md,38,mod_var_global.f90:236-236,EFDC/mod_var_global.f90,modified,file-line,NO_ACTION,변경과 교차하지 않음
models/EFDC/source-analysis/efdc_vertical.md,38,aaefdc.f90:1323-1323,EFDC/aaefdc.f90,modified,file-line,REVIEW_ONLY,줄 이동(내용 동일)
models/EFDC/source-analysis/efdc_vertical.md,40,input.f90:145-145,EFDC/input.f90,modified,file-line,REVIEW_ONLY,줄 이동(내용 동일)
models/EFDC/source-analysis/efdc_vertical.md,41,varalloc.f90:1276-1276,EFDC/varalloc.f90,modified,file-line,NO_ACTION,변경과 교차하지 않음
models/EFDC/source-analysis/efdc_vertical.md,42,aaefdc.f90:1332-1332,EFDC/aaefdc.f90,modified,file-line,REVIEW_ONLY,줄 이동(내용 동일)
models/EFDC/source-analysis/efdc_vertical.md,45,aaefdc.f90:1448-1448,EFDC/aaefdc.f90,modified,file-line,REVIEW_ONLY,줄 이동(내용 동일)
models/EFDC/source-analysis/efdc_vertical.md,46,aaefdc.f90:2382-2382,EFDC/aaefdc.f90,modified,file-line,REVIEW_ONLY,줄 이동(내용 동일)
models/EFDC/source-analysis/efdc_vertical.md,46,aaefdc.f90:2592-2592,EFDC/aaefdc.f90,modified,file-line,REVIEW_ONLY,줄 이동(내용 동일)
models/EFDC/source-analysis/efdc_vertical.md,65,calexp.f90,EFDC/calexp.f90,modified,file,REVIEW_ONLY,변경 파일의 파일 단위 인용(의미 영향 미확정)
models/EFDC/source-analysis/efdc_vertical.md,66,calexp.f90,EFDC/calexp.f90,modified,file,REVIEW_ONLY,변경 파일의 파일 단위 인용(의미 영향 미확정)
models/EFDC/source-analysis/efdc_vertical.md,72,input.f90:264-264,EFDC/input.f90,modified,file-line,REVIEW_ONLY,줄 이동(내용 동일)
models/EFDC/source-analysis/efdc_vertical.md,74,calexp.f90:1169-1169,EFDC/calexp.f90,modified,file-line,NO_ACTION,변경과 교차하지 않음
models/EFDC/source-analysis/efdc_vertical.md,75,calexp.f90:1187-1187,EFDC/calexp.f90,modified,file-line,NO_ACTION,변경과 교차하지 않음
models/EFDC/source-analysis/efdc_vertical.md,80,calexp.f90:1207-1207,EFDC/calexp.f90,modified,file-line,REVIEW_ONLY,citation ∩ changed hunk — 의미 검토 필요
models/EFDC/source-analysis/efdc_vertical.md,81,calexp.f90:1225-1225,EFDC/calexp.f90,modified,file-line,REVIEW_ONLY,citation ∩ changed hunk — 의미 검토 필요
models/EFDC/source-analysis/efdc_vertical.md,82,calexp.f90:1265-1265,EFDC/calexp.f90,modified,file-line,REVIEW_ONLY,citation ∩ changed hunk — 의미 검토 필요
models/EFDC/source-analysis/efdc_vertical.md,89,aaefdc.f90:2610-2610,EFDC/aaefdc.f90,modified,file-line,REVIEW_ONLY,줄 이동(내용 동일)
models/EFDC/source-analysis/efdc_vertical.md,90,aaefdc.f90:2944-2944,EFDC/aaefdc.f90,modified,file-line,REVIEW_ONLY,줄 이동(내용 동일)
models/EFDC/source-analysis/efdc_vertical.md,90,calpuv9c.f90:1221-1221,EFDC/calpuv9c.f90,modified,file-line,NO_ACTION,변경과 교차하지 않음
models/EFDC/source-analysis/efdc_vertical.md,91,calpuv9c.f90:1268-1268,EFDC/calpuv9c.f90,modified,file-line,NO_ACTION,변경과 교차하지 않음
models/EFDC/source-analysis/efdc_vertical.md,92,calpuv9c.f90:1585-1585,EFDC/calpuv9c.f90,modified,file-line,NO_ACTION,변경과 교차하지 않음
models/EFDC/source-analysis/efdc_vertical.md,100,aaefdc.f90:1448-1448,EFDC/aaefdc.f90,modified,file-line,REVIEW_ONLY,줄 이동(내용 동일)
models/EFDC/source-analysis/efdc_vertical.md,100,aaefdc.f90:1458-1458,EFDC/aaefdc.f90,modified,file-line,REVIEW_ONLY,줄 이동(내용 동일)
models/EFDC/source-analysis/efdc_vertical.md,101,aaefdc.f90:2820-2820,EFDC/aaefdc.f90,modified,file-line,REVIEW_ONLY,줄 이동(내용 동일)
models/EFDC/source-analysis/efdc_sediment_diagenesis.md,17,mod_diagen.f90,EFDC/Eutrophication/mod_diagen.f90,modified,file,REVIEW_ONLY,변경 파일의 파일 단위 인용(의미 영향 미확정)
models/EFDC/source-analysis/efdc_sediment_diagenesis.md,19,Eutrophication/mod_diagen.f90,EFDC/Eutrophication/mod_diagen.f90,modified,file,REVIEW_ONLY,변경 파일의 파일 단위 인용(의미 영향 미확정)
models/EFDC/source-analysis/efdc_sediment_diagenesis.md,19,../raw/source_code/EFDCPlus_Stable/EFDC/Eutrophication/mod_diagen.f90,EFDC/Eutrophication/mod_diagen.f90,modified,file,REVIEW_ONLY,변경 파일의 파일 단위 인용(의미 영향 미확정)
models/EFDC/source-analysis/efdc_sediment_diagenesis.md,21,mod_diagen.f90:9-1031,EFDC/Eutrophication/mod_diagen.f90,modified,file-line,REVIEW_ONLY,citation ∩ changed hunk — 의미 검토 필요
models/EFDC/source-analysis/efdc_turbulence.md,21,mod_var_global.f90:1003-1003,EFDC/mod_var_global.f90,modified,file-line,REVIEW_ONLY,줄 이동(내용 동일)
models/EFDC/source-analysis/efdc_turbulence.md,21,mod_var_global.f90:1091-1091,EFDC/mod_var_global.f90,modified,file-line,REVIEW_ONLY,줄 이동(내용 동일)
models/EFDC/source-analysis/efdc_turbulence.md,21,mod_var_global.f90:1103-1103,EFDC/mod_var_global.f90,modified,file-line,REVIEW_ONLY,줄 이동(내용 동일)
models/EFDC/source-analysis/efdc_turbulence.md,21,mod_var_global.f90:1105-1107,EFDC/mod_var_global.f90,modified,file-line,REVIEW_ONLY,줄 이동(내용 동일)
models/EFDC/source-analysis/efdc_turbulence.md,22,input.f90:621-685,EFDC/input.f90,modified,file-line,REVIEW_ONLY,citation ∩ changed hunk — 의미 검토 필요
models/EFDC/source-analysis/efdc_turbulence.md,23,hdmt.f90:1274-1274,EFDC/hdmt.f90,modified,file-line,NO_ACTION,변경과 교차하지 않음
models/EFDC/source-analysis/efdc_turbulence.md,23,hdmt.f90:1283-1283,EFDC/hdmt.f90,modified,file-line,NO_ACTION,변경과 교차하지 않음
models/EFDC/source-analysis/efdc_turbulence.md,23,hdmt2t.f90:533-579,EFDC/hdmt2t.f90,modified,file-line,NO_ACTION,변경과 교차하지 않음
models/EFDC/source-analysis/efdc_turbulence.md,23,hdmt2t.f90:875-964,EFDC/hdmt2t.f90,modified,file-line,REVIEW_ONLY,줄 이동(내용 동일)
models/EFDC/source-analysis/efdc_turbulence.md,23,hdmt2t.f90:989-989,EFDC/hdmt2t.f90,modified,file-line,REVIEW_ONLY,줄 이동(내용 동일)
models/EFDC/source-analysis/efdc_turbulence.md,30,hdmt.f90:1274-1274,EFDC/hdmt.f90,modified,file-line,NO_ACTION,변경과 교차하지 않음
models/EFDC/source-analysis/efdc_turbulence.md,30,hdmt.f90:1283-1283,EFDC/hdmt.f90,modified,file-line,NO_ACTION,변경과 교차하지 않음
models/EFDC/source-analysis/efdc_turbulence.md,31,hdmt2t.f90:533-533,EFDC/hdmt2t.f90,modified,file-line,NO_ACTION,변경과 교차하지 않음
models/EFDC/source-analysis/efdc_turbulence.md,31,hdmt2t.f90:577-577,EFDC/hdmt2t.f90,modified,file-line,NO_ACTION,변경과 교차하지 않음
models/EFDC/source-analysis/efdc_turbulence.md,31,hdmt2t.f90:989-989,EFDC/hdmt2t.f90,modified,file-line,REVIEW_ONLY,줄 이동(내용 동일)
models/EFDC/source-analysis/efdc_turbulence.md,32,hdmt2t.f90:535-579,EFDC/hdmt2t.f90,modified,file-line,NO_ACTION,변경과 교차하지 않음
models/EFDC/source-analysis/efdc_turbulence.md,67,input.f90:621-633,EFDC/input.f90,modified,file-line,REVIEW_ONLY,citation ∩ changed hunk — 의미 검토 필요
models/EFDC/source-analysis/efdc_turbulence.md,82,aaefdc.f90:1517-1528,EFDC/aaefdc.f90,modified,file-line,REVIEW_ONLY,줄 이동(내용 동일)
models/EFDC/source-analysis/efdc_turbulence.md,96,mod_var_global.f90:1091-1091,EFDC/mod_var_global.f90,modified,file-line,REVIEW_ONLY,줄 이동(내용 동일)
models/EFDC/source-analysis/efdc_turbulence.md,107,input.f90:641-661,EFDC/input.f90,modified,file-line,REVIEW_ONLY,citation ∩ changed hunk — 의미 검토 필요
models/EFDC/source-analysis/efdc_turbulence.md,115,input.f90:666-685,EFDC/input.f90,modified,file-line,REVIEW_ONLY,citation ∩ changed hunk — 의미 검토 필요
models/EFDC/source-analysis/efdc_turbulence.md,119,hdmt2t.f90:535-579,EFDC/hdmt2t.f90,modified,file-line,NO_ACTION,변경과 교차하지 않음
models/EFDC/source-analysis/efdc_turbulence.md,135,hdmt2t.f90:875-889,EFDC/hdmt2t.f90,modified,file-line,REVIEW_ONLY,줄 이동(내용 동일)
models/EFDC/source-analysis/efdc_turbulence.md,172,aaefdc.f90:1517-1528,EFDC/aaefdc.f90,modified,file-line,REVIEW_ONLY,줄 이동(내용 동일)
models/EFDC/source-analysis/efdc_hydro_core.md,19,aaefdc.f90:3187-3188,EFDC/aaefdc.f90,modified,file-line,REVIEW_ONLY,줄 이동(내용 동일)
models/EFDC/source-analysis/efdc_hydro_core.md,20,calexp.f90,EFDC/calexp.f90,modified,file,REVIEW_ONLY,변경 파일의 파일 단위 인용(의미 영향 미확정)
models/EFDC/source-analysis/efdc_hydro_core.md,20,calexp2t.f90,EFDC/calexp2t.f90,modified,file,REVIEW_ONLY,변경 파일의 파일 단위 인용(의미 영향 미확정)
models/EFDC/source-analysis/efdc_hydro_core.md,21,calpuv9c.f90,EFDC/calpuv9c.f90,modified,file,REVIEW_ONLY,변경 파일의 파일 단위 인용(의미 영향 미확정)
models/EFDC/source-analysis/efdc_hydro_core.md,21,calpuv2c.f90,EFDC/calpuv2c.f90,modified,file,REVIEW_ONLY,변경 파일의 파일 단위 인용(의미 영향 미확정)
models/EFDC/source-analysis/efdc_hydro_core.md,23,calbuoy.f90,EFDC/calbuoy.f90,modified,file,REVIEW_ONLY,변경 파일의 파일 단위 인용(의미 영향 미확정)
models/EFDC/source-analysis/efdc_hydro_core.md,24,calpnhs.f90,EFDC/calpnhs.f90,modified,file,REVIEW_ONLY,변경 파일의 파일 단위 인용(의미 영향 미확정)
models/EFDC/source-analysis/efdc_hydro_core.md,29,calexp.f90:218-227,EFDC/calexp.f90,modified,file-line,NO_ACTION,변경과 교차하지 않음
models/EFDC/source-analysis/efdc_hydro_core.md,29,calexp2t.f90:214-218,EFDC/calexp2t.f90,modified,file-line,REVIEW_ONLY,줄 이동(내용 동일)
models/EFDC/source-analysis/efdc_hydro_core.md,30,calexp.f90:571-571,EFDC/calexp.f90,modified,file-line,NO_ACTION,변경과 교차하지 않음
models/EFDC/source-analysis/efdc_hydro_core.md,31,calexp.f90:1133-1136,EFDC/calexp.f90,modified,file-line,NO_ACTION,변경과 교차하지 않음
models/EFDC/source-analysis/efdc_hydro_core.md,31,calexp2t.f90:1053-1056,EFDC/calexp2t.f90,modified,file-line,REVIEW_ONLY,줄 이동(내용 동일)
models/EFDC/source-analysis/efdc_hydro_core.md,32,calpuv9c.f90:256-257,EFDC/calpuv9c.f90,modified,file-line,NO_ACTION,변경과 교차하지 않음
models/EFDC/source-analysis/efdc_hydro_core.md,32,calpuv2c.f90:224-226,EFDC/calpuv2c.f90,modified,file-line,NO_ACTION,변경과 교차하지 않음
models/EFDC/source-analysis/efdc_hydro_core.md,34,calpuv9c.f90:269-270,EFDC/calpuv9c.f90,modified,file-line,NO_ACTION,변경과 교차하지 않음
models/EFDC/source-analysis/efdc_hydro_core.md,38,calpuv9c.f90:693-707,EFDC/calpuv9c.f90,modified,file-line,NO_ACTION,변경과 교차하지 않음
models/EFDC/source-analysis/efdc_hydro_core.md,38,calpuv2c.f90:656-664,EFDC/calpuv2c.f90,modified,file-line,NO_ACTION,변경과 교차하지 않음
models/EFDC/source-analysis/efdc_hydro_core.md,39,calpuv9c.f90:609-609,EFDC/calpuv9c.f90,modified,file-line,NO_ACTION,변경과 교차하지 않음
models/EFDC/source-analysis/efdc_hydro_core.md,41,calpuv9c.f90:771-772,EFDC/calpuv9c.f90,modified,file-line,NO_ACTION,변경과 교차하지 않음
models/EFDC/source-analysis/efdc_hydro_core.md,42,calpuv2c.f90:733-734,EFDC/calpuv2c.f90,modified,file-line,NO_ACTION,변경과 교차하지 않음
models/EFDC/source-analysis/efdc_hydro_core.md,44,calpuv9c.f90:804-807,EFDC/calpuv9c.f90,modified,file-line,NO_ACTION,변경과 교차하지 않음
models/EFDC/source-analysis/efdc_hydro_core.md,66,hdmt.f90:1344-1349,EFDC/hdmt.f90,modified,file-line,NO_ACTION,변경과 교차하지 않음
models/EFDC/source-analysis/efdc_hydro_core.md,66,calexp.f90:256-256,EFDC/calexp.f90,modified,file-line,NO_ACTION,변경과 교차하지 않음
models/EFDC/source-analysis/efdc_hydro_core.md,67,hdmt.f90:1335-1342,EFDC/hdmt.f90,modified,file-line,NO_ACTION,변경과 교차하지 않음
models/EFDC/source-analysis/efdc_hydro_core.md,67,calexp.f90:184-184,EFDC/calexp.f90,modified,file-line,NO_ACTION,변경과 교차하지 않음
models/EFDC/source-analysis/efdc_hydro_core.md,68,hdmt2t.f90:114-115,EFDC/hdmt2t.f90,modified,file-line,NO_ACTION,변경과 교차하지 않음
models/EFDC/source-analysis/efdc_hydro_core.md,72,calbuoy.f90:128-179,EFDC/calbuoy.f90,modified,file-line,NO_ACTION,변경과 교차하지 않음
models/EFDC/source-analysis/efdc_hydro_core.md,74,calpuv9c.f90:217-228,EFDC/calpuv9c.f90,modified,file-line,NO_ACTION,변경과 교차하지 않음
models/EFDC/source-analysis/efdc_hydro_core.md,79,calexp.f90:1010-1010,EFDC/calexp.f90,modified,file-line,REVIEW_ONLY,citation ∩ changed hunk — 의미 검토 필요
models/EFDC/source-analysis/efdc_hydro_core.md,79,calexp.f90:1052-1055,EFDC/calexp.f90,modified,file-line,NO_ACTION,변경과 교차하지 않음
models/EFDC/source-analysis/efdc_hydro_core.md,87,hdmt.f90:676-677,EFDC/hdmt.f90,modified,file-line,NO_ACTION,변경과 교차하지 않음
models/EFDC/source-analysis/efdc_hydro_core.md,87,hdmt2t.f90:611-613,EFDC/hdmt2t.f90,modified,file-line,NO_ACTION,변경과 교차하지 않음
models/EFDC/source-analysis/efdc_hydro_core.md,90,calpuv9c.f90:804-807,EFDC/calpuv9c.f90,modified,file-line,NO_ACTION,변경과 교차하지 않음
models/EFDC/source-analysis/efdc_hydro_core.md,91,calpuv9c.f90:638-639,EFDC/calpuv9c.f90,modified,file-line,NO_ACTION,변경과 교차하지 않음
models/EFDC/source-analysis/efdc_hydro_core.md,91,calpuv2c.f90:591-592,EFDC/calpuv2c.f90,modified,file-line,NO_ACTION,변경과 교차하지 않음
models/EFDC/source-analysis/efdc_baroclinic_eos.md,18,calbuoy.f90,EFDC/calbuoy.f90,modified,file,REVIEW_ONLY,변경 파일의 파일 단위 인용(의미 영향 미확정)
models/EFDC/source-analysis/efdc_baroclinic_eos.md,20,calbuoy.f90,EFDC/calbuoy.f90,modified,file,REVIEW_ONLY,변경 파일의 파일 단위 인용(의미 영향 미확정)
models/EFDC/source-analysis/efdc_baroclinic_eos.md,20,../raw/source_code/EFDCPlus_Stable/EFDC/calbuoy.f90,EFDC/calbuoy.f90,modified,file,REVIEW_ONLY,변경 파일의 파일 단위 인용(의미 영향 미확정)
models/EFDC/source-analysis/efdc_baroclinic_eos.md,20,calpuv9c.f90,EFDC/calpuv9c.f90,modified,file,REVIEW_ONLY,변경 파일의 파일 단위 인용(의미 영향 미확정)
models/EFDC/source-analysis/efdc_baroclinic_eos.md,20,calexp.f90,EFDC/calexp.f90,modified,file,REVIEW_ONLY,변경 파일의 파일 단위 인용(의미 영향 미확정)
models/EFDC/source-analysis/efdc_baroclinic_eos.md,23,calbuoy.f90,EFDC/calbuoy.f90,modified,file,REVIEW_ONLY,변경 파일의 파일 단위 인용(의미 영향 미확정)
models/EFDC/source-analysis/efdc_baroclinic_eos.md,65,calpuv9c.f90:217-228,EFDC/calpuv9c.f90,modified,file-line,NO_ACTION,변경과 교차하지 않음
models/EFDC/source-analysis/efdc_baroclinic_eos.md,75,calexp.f90:1162-1352,EFDC/calexp.f90,modified,file-line,REVIEW_ONLY,citation ∩ changed hunk — 의미 검토 필요
models/EFDC/source-analysis/efdc_waves.md,26,mod_windwave.f90,EFDC/Waves/mod_windwave.f90,modified,file,REVIEW_ONLY,변경 파일의 파일 단위 인용(의미 영향 미확정)
models/EFDC/source-analysis/efdc_waves.md,32,mod_windwave.f90,EFDC/Waves/mod_windwave.f90,modified,file,REVIEW_ONLY,변경 파일의 파일 단위 인용(의미 영향 미확정)
models/EFDC/source-analysis/efdc-tidal-forcing-conventions-v12.md,27,input.f90:903-903,EFDC/input.f90,modified,file-line,REVIEW_ONLY,줄 이동(내용 동일)
models/EFDC/source-analysis/efdc-tidal-forcing-conventions-v12.md,28,input.f90:913-915,EFDC/input.f90,modified,file-line,REVIEW_ONLY,citation ∩ changed hunk — 의미 검토 필요
models/EFDC/source-analysis/efdc-tidal-forcing-conventions-v12.md,28,input.f90:980-1005,EFDC/input.f90,modified,file-line,REVIEW_ONLY,citation ∩ changed hunk — 의미 검토 필요
models/EFDC/source-analysis/efdc-tidal-forcing-conventions-v12.md,29,hdmt.f90:89-89,EFDC/hdmt.f90,modified,file-line,NO_ACTION,변경과 교차하지 않음
models/EFDC/source-analysis/efdc-tidal-forcing-conventions-v12.md,48,input.f90,EFDC/input.f90,modified,file,REVIEW_ONLY,변경 파일의 파일 단위 인용(의미 영향 미확정)
models/EFDC/source-analysis/efdc-tidal-forcing-conventions-v12.md,48,mod_var_global.f90,EFDC/mod_var_global.f90,modified,file,REVIEW_ONLY,변경 파일의 파일 단위 인용(의미 영향 미확정)
models/EFDC/source-analysis/efdc-tidal-forcing-conventions-v12.md,48,varalloc.f90,EFDC/varalloc.f90,modified,file,REVIEW_ONLY,변경 파일의 파일 단위 인용(의미 영향 미확정)
models/EFDC/source-analysis/efdc-tidal-forcing-conventions-v12.md,48,input.f90,EFDC/input.f90,modified,file,REVIEW_ONLY,변경 파일의 파일 단위 인용(의미 영향 미확정)
models/EFDC/source-analysis/efdc-tidal-forcing-conventions-v12.md,79,input.f90:6903-6903,EFDC/input.f90,modified,file-line,REVIEW_ONLY,줄 이동(내용 동일)
models/EFDC/source-analysis/efdc-tidal-forcing-conventions-v12.md,83,input.f90:6918-6922,EFDC/input.f90,modified,file-line,REVIEW_ONLY,줄 이동(내용 동일)
models/EFDC/source-analysis/efdc-tidal-forcing-conventions-v12.md,84,input.f90:6923-6933,EFDC/input.f90,modified,file-line,REVIEW_ONLY,줄 이동(내용 동일)
models/EFDC/source-analysis/efdc-tidal-forcing-conventions-v12.md,85,input.f90:6934-6939,EFDC/input.f90,modified,file-line,REVIEW_ONLY,줄 이동(내용 동일)
models/EFDC/source-analysis/efdc-tidal-forcing-conventions-v12.md,87,caltsxy.f90:244-251,EFDC/caltsxy.f90,modified,file-line,REVIEW_ONLY,줄 이동(내용 동일)
models/EFDC/source-analysis/efdc-tidal-forcing-conventions-v12.md,87,caltsxy.f90,EFDC/caltsxy.f90,modified,file,REVIEW_ONLY,변경 파일의 파일 단위 인용(의미 영향 미확정)
models/EFDC/source-analysis/efdc-tidal-forcing-conventions-v12.md,91,caltsxy.f90:253-255,EFDC/caltsxy.f90,modified,file-line,REVIEW_ONLY,줄 이동(내용 동일)
models/EFDC/source-analysis/efdc_internal_shear_caluvw.md,24,hdmt.f90:772-772,EFDC/hdmt.f90,modified,file-line,NO_ACTION,변경과 교차하지 않음
models/EFDC/source-analysis/efdc_internal_shear_caluvw.md,24,hdmt2t.f90:650-650,EFDC/hdmt2t.f90,modified,file-line,NO_ACTION,변경과 교차하지 않음
models/EFDC/source-analysis/efdc_internal_shear_caluvw.md,27,calexp.f90,EFDC/calexp.f90,modified,file,REVIEW_ONLY,변경 파일의 파일 단위 인용(의미 영향 미확정)
models/EFDC/source-analysis/efdc_internal_shear_caluvw.md,33,calexp.f90:1366-1366,EFDC/calexp.f90,modified,file-line,REVIEW_ONLY,줄 이동(내용 동일)
models/EFDC/source-analysis/efdc_internal_shear_caluvw.md,59,aaefdc.f90,EFDC/aaefdc.f90,modified,file,REVIEW_ONLY,변경 파일의 파일 단위 인용(의미 영향 미확정)
models/EFDC/source-analysis/efdc_internal_shear_caluvw.md,70,hdmt.f90:598-598,EFDC/hdmt.f90,modified,file-line,NO_ACTION,변경과 교차하지 않음
models/EFDC/source-analysis/efdc_internal_shear_caluvw.md,70,hdmt2t.f90:537-537,EFDC/hdmt2t.f90,modified,file-line,NO_ACTION,변경과 교차하지 않음
models/EFDC/source-analysis/efdc_internal_shear_caluvw.md,76,calexp.f90:1375-1375,EFDC/calexp.f90,modified,file-line,REVIEW_ONLY,줄 이동(내용 동일)
models/EFDC/source-analysis/efdc_transport_scheme.md,20,calconc.f90,EFDC/Transport/calconc.f90,modified,file,REVIEW_ONLY,변경 파일의 파일 단위 인용(의미 영향 미확정)
models/EFDC/source-analysis/efdc_transport_scheme.md,22,calconc.f90,EFDC/Transport/calconc.f90,modified,file,REVIEW_ONLY,변경 파일의 파일 단위 인용(의미 영향 미확정)
models/EFDC/source-analysis/efdc_transport_scheme.md,28,calconc.f90:115-127,EFDC/Transport/calconc.f90,modified,file-line,REVIEW_ONLY,citation ∩ changed hunk — 의미 검토 필요
models/EFDC/source-analysis/efdc_transport_scheme.md,65,input.f90:306-306,EFDC/input.f90,modified,file-line,REVIEW_ONLY,citation ∩ changed hunk — 의미 검토 필요
models/EFDC/source-analysis/efdc_toxics.md,26,caltox.f90,EFDC/ChemFate/caltox.f90,modified,file,REVIEW_ONLY,변경 파일의 파일 단위 인용(의미 영향 미확정)
models/EFDC/source-analysis/efdc_toxics.md,27,caltoxb.f90,EFDC/ChemFate/caltoxb.f90,modified,file,REVIEW_ONLY,변경 파일의 파일 단위 인용(의미 영향 미확정)
models/EFDC/source-analysis/efdc_toxics.md,32,SedTran-Original/ssedtox.f90,EFDC/SedTran-Original/ssedtox.f90,modified,file,REVIEW_ONLY,변경 파일의 파일 단위 인용(의미 영향 미확정)
models/EFDC/source-analysis/efdc_toxics.md,121,caltox.f90,EFDC/ChemFate/caltox.f90,modified,file,REVIEW_ONLY,변경 파일의 파일 단위 인용(의미 영향 미확정)
models/EFDC/source-analysis/efdc_toxics.md,133,caltoxb.f90,EFDC/ChemFate/caltoxb.f90,modified,file,REVIEW_ONLY,변경 파일의 파일 단위 인용(의미 영향 미확정)
models/EFDC/source-analysis/efdc_toxics.md,134,ssedtox.f90,EFDC/SedTran-Original/ssedtox.f90,modified,file,REVIEW_ONLY,변경 파일의 파일 단위 인용(의미 영향 미확정)
models/EFDC/source-analysis/sediment/efdc_sediment.md,19,mod_scaninp.f90:381-381,EFDC/mod_scaninp.f90,modified,file-line,NO_ACTION,변경과 교차하지 않음
models/EFDC/source-analysis/sediment/efdc_sediment.md,19,mod_scaninp.f90:407-407,EFDC/mod_scaninp.f90,modified,file-line,NO_ACTION,변경과 교차하지 않음
models/EFDC/source-analysis/sediment/efdc_sediment.md,20,varalloc.f90:843-1156,EFDC/varalloc.f90,modified,file-line,NO_ACTION,변경과 교차하지 않음
models/EFDC/source-analysis/sediment/efdc_sediment.md,21,SedTran-Original/ssedtox.f90:868-1287,EFDC/SedTran-Original/ssedtox.f90,modified,file-line,REVIEW_ONLY,citation ∩ changed hunk — 의미 검토 필요
models/EFDC/source-analysis/sediment/efdc_sediment.md,25,Transport/calconc.f90:188-517,EFDC/Transport/calconc.f90,modified,file-line,REVIEW_ONLY,citation ∩ changed hunk — 의미 검토 필요
models/EFDC/source-analysis/sediment/efdc_sediment.md,26,varinit.f90:319-340,EFDC/varinit.f90,modified,file-line,NO_ACTION,변경과 교차하지 않음
models/EFDC/source-analysis/sediment/efdc_sediment.md,33,mod_scaninp.f90:381-381,EFDC/mod_scaninp.f90,modified,file-line,NO_ACTION,변경과 교차하지 않음
models/EFDC/source-analysis/sediment/efdc_sediment.md,35,varalloc.f90:843-843,EFDC/varalloc.f90,modified,file-line,NO_ACTION,변경과 교차하지 않음
models/EFDC/source-analysis/sediment/efdc_sediment.md,43,SedTran-Original/ssedtox.f90:868-872,EFDC/SedTran-Original/ssedtox.f90,modified,file-line,REVIEW_ONLY,줄 이동(내용 동일)
models/EFDC/source-analysis/sediment/efdc_sediment.md,53,varalloc.f90:1119-1156,EFDC/varalloc.f90,modified,file-line,NO_ACTION,변경과 교차하지 않음
models/EFDC/source-analysis/sediment/efdc_sediment.md,166,Transport/calconc.f90:491-504,EFDC/Transport/calconc.f90,modified,file-line,REVIEW_ONLY,줄 이동(내용 동일)
models/EFDC/source-analysis/sediment/efdc_sediment.md,170,SedTran-Original/ssedtox.f90:1117-1128,EFDC/SedTran-Original/ssedtox.f90,modified,file-line,REVIEW_ONLY,줄 이동(내용 동일)
models/EFDC/source-analysis/sediment/efdc_sediment.md,178,hdmt2t.f90:409-428,EFDC/hdmt2t.f90,modified,file-line,REVIEW_ONLY,citation ∩ changed hunk — 의미 검토 필요
models/EFDC/source-analysis/sediment/efdc_sediment.md,192,Transport/calconc.f90:250-255,EFDC/Transport/calconc.f90,modified,file-line,REVIEW_ONLY,줄 이동(내용 동일)
models/EFDC/source-analysis/sediment/efdc_sediment.md,202,varinit.f90:319-328,EFDC/varinit.f90,modified,file-line,NO_ACTION,변경과 교차하지 않음
models/EFDC/source-analysis/sediment/efdc_sediment.md,205,Transport/calconc.f90:188-193,EFDC/Transport/calconc.f90,modified,file-line,REVIEW_ONLY,citation ∩ changed hunk — 의미 검토 필요
models/EFDC/source-analysis/sediment/efdc_sedzlj.md,372,mod_var_global.f90,EFDC/mod_var_global.f90,modified,file,REVIEW_ONLY,변경 파일의 파일 단위 인용(의미 영향 미확정)
models/EFDC/source-analysis/sediment/efdc_sedzlj.md,416,calhdmf.f90:246-294,EFDC/calhdmf.f90,modified,file-line,REVIEW_ONLY,citation ∩ changed hunk — 의미 검토 필요
models/EFDC/source-analysis/sediment/efdc_sedzlj.md,485,mod_var_global.f90,EFDC/mod_var_global.f90,modified,file,REVIEW_ONLY,변경 파일의 파일 단위 인용(의미 영향 미확정)
models/EFDC/source-analysis/sediment/efdc_propwash.md,87,Propwash_Calc_Sequence.f90,EFDC/Propwash/Propwash_Calc_Sequence.f90,modified,file,REVIEW_ONLY,변경 파일의 파일 단위 인용(의미 영향 미확정)
models/EFDC/source-analysis/sediment/efdc_propwash.md,117,Calc_Prop_Erosion.f90,EFDC/Propwash/Calc_Prop_Erosion.f90,modified,file,REVIEW_ONLY,변경 파일의 파일 단위 인용(의미 영향 미확정)
models/EFDC/source-analysis/sediment/efdc_propwash.md,139,Mod_Active_Ship.f90,EFDC/Propwash/Mod_Active_Ship.f90,modified,file,REVIEW_ONLY,변경 파일의 파일 단위 인용(의미 영향 미확정)
models/EFDC/source-analysis/sediment/efdc_propwash.md,229,Mod_Active_Ship.f90,EFDC/Propwash/Mod_Active_Ship.f90,modified,file,REVIEW_ONLY,변경 파일의 파일 단위 인용(의미 영향 미확정)
