path,sha256
changed-files.csv,e665e7a0399b21743395b2d2fb3b0a8348b4524f9d686e95003a5a94b96ad38f
compare.json,78eb191e72e76bf9ea23fa7de47a28a1b54626fce77a32c59bd99c69cdac21ad
intersect-refs.json,32bdf15ff41e9468cfe796e1d15b8a39bba1e195d8155747aaf8166b7d2573ad
new/EFDC__ChemFate__caltox.f90,b0e37314c06a54b8633d9d6acfa4c3ad9147b695e74b6c0a01f5f9fd96e79926
new/EFDC__ChemFate__caltoxb.f90,f547697f2c9932e6a40ab0fcf9b451f12ff39465b03245f83902d9ca1796d800
new/EFDC__Eutrophication__mod_biota.f90,7269c6636a6c93227e3d10e218154564445a7b8daa6fed583baba8880c8ee2b5
new/EFDC__Eutrophication__mod_diagen.f90,39efb1120e24398b9a97e397e037921c0a7e89e1894250264501936ce3c2fafe
new/EFDC__Eutrophication__mod_wq.f90,3ce640eb1eccdc86aa3f97fe5bc8140285efaf7ac13b89f25c0c62b4e5160962
new/EFDC__Eutrophication__mod_wq_vars.f90,73124452069610344389ce9772c8f76c272ad449fb9f840d87169f5fbfe30ed1
new/EFDC__Propwash__Calc_Prop_Erosion.f90,7b3bea027b333389bfcd50350e2cb7bcc782bb4e752c2c94d7ac03b92d4a85f1
new/EFDC__Propwash__Mod_Active_Ship.f90,2c6327ef3a6ffcb947e63765960df05b78926c33ca8b773fa9076ab57099a9e2
new/EFDC__Propwash__Propwash_Calc_Sequence.f90,df5016580862b6f59281c233acfe37458bfb9b6b122fd510923ea401d09cbdc0
new/EFDC__SedTran-Original__ssedtox.f90,cf25c644f44971fde7e5868104d7007dbbf7cc62082962a90c00ed8ab893835d
new/EFDC__Transport__calconc.f90,fe222ce084d495855f9a4b613d604e8ab0fd45e7096dc64140aaecc5fb263bf0
new/EFDC__Transport__mod_heat.f90,1b4d60f51fbbf42625c66a2c8e927d8fe049d2c5b0184496aa76f1283425a0e0
new/EFDC__Waves__mod_windwave.f90,f6351439724751a8f839d6e16edad4a0eac3add09d9aa22e02135efd034640a8
new/EFDC__aaefdc.f90,2c80e8873c270ae9a0c45057132d5d2aa890284a6cc828546f6f5e66004a4e5d
new/EFDC__calbuoy.f90,03daa5e4ab2fc93ba1b90c68771a6d9cbc0e2f82f0e792207b301d6b7ac89012
new/EFDC__calexp.f90,9b6f3300e17ea6808a16e551a9d7fe494966bd9ca5a22c180b62232ee3d4301b
new/EFDC__calexp2t.f90,7d2be3ac8ad6757b50b9b76062f7cc89f9a162266c0b8006bf9daaa4df357eda
new/EFDC__calhdmf.f90,11cd16588e6d80c5242186d920a20717dda1d9078628f8b0db65972baa2e9652
new/EFDC__calhdmf3.f90,ab5514b33b5fcd779892248327665ec20df34390928604161053e718d4a7c674
new/EFDC__calpnhs.f90,8f98346686f147f5c59b7460c0379683f8cfd5b665579e8002789c4f550abf77
new/EFDC__calpuv2c.f90,a2fb98447d321e0aa3c7c68dbe4d080ca272d584f17f08e5d2c5af63044e5a31
new/EFDC__calpuv9c.f90,c2e3044daab8a8f1d5b6e21c1bc456d6b5c113ccc775e5f87ef2d204bbc7260e
new/EFDC__caltsxy.f90,e0ec88608213f9e54d3347f27e8befdcca931c02c76048cea8a42cefd75464c3
new/EFDC__hdmt.f90,b87c612db11a83f4b87aa00083b16c0262e781988f8d447dd3816bcbd61d38dc
new/EFDC__hdmt2t.f90,52cdecad188648e72ddfa76588baa44d2ca8564975f1f2a32b37b909d5551fa9
new/EFDC__input.f90,1f3df76eb3a411ff49be67bc188d424bebebb2240bdfbfc15515f0e18a5046d9
new/EFDC__mhkpwr.f90,12dde2bcdd2f0b5745c1aea2ad75c2db223406bcad6bb832a4aad98967709fbf
new/EFDC__mod_scaninp.f90,e1fad0882a5cfba5d93f66b17c6e79a9dfd0799652b4ef4842299792ccaa7dcd
new/EFDC__mod_var_global.f90,6f78a357ebaa0f9d62e0cbeec8dc35b0a19c8ccbcdb94a8e4749e35de766b748
new/EFDC__setbcs.f90,aae7528a43193088999f8e6126669c8534b05acfff4b53c584dca370b0bffaec
new/EFDC__varalloc.f90,aa93ce4b6c90db92eb0731d6b6ec6d3aca985d400499d27a88b89b3640ffdc9c
new/EFDC__varinit.f90,063f8a3e5e8f3fb46ee9ad405314e69f7df6fcf0f5995ca2ce8ee50df5353790
new/EFDC__welcome.f90,c564b06637d70d59f9edda91faf10ee5f0f417b3fff114dc215ea2f0ac94ecd9
patches/CMakeLists.txt.patch,cc035a64627af325e76c52c1afcaf6b4cfd49d61f0f420eb8a9359d881f80783
patches/EFDCPlus_MPI_12.sln.patch,db8d38560d461e8011d1d3f329b5ac5b6ae94c66a7ff4f073322049dd4058ae2
patches/EFDC__ChemFate__caltox.f90.patch,aa8dfeeb5aaa89e6185a1e07ee980f75752081f15473132b0d8eaceb762d3130
patches/EFDC__ChemFate__caltoxb.f90.patch,f47cdf7c111b6f61436d12bcede649fc1374a6ba05e3dab5b3a3bb889cc6f133
patches/EFDC__EFDCPlus_MPI_12.5.vfproj.patch,1967c9a0ac5ab53df98de55075f74b4c3438915e6b7560ca7fd2314c2340fcdd
patches/EFDC__Eutrophication__mod_biota.f90.patch,5c982733d919a78307b238d0272fc82a0be7713241217f7f2ab36a4acb5edcde
patches/EFDC__Eutrophication__mod_diagen.f90.patch,02a65662b6cc133e9470e28bace9923142ff23858e77fdb74c9b01e1b4275bab
patches/EFDC__Eutrophication__mod_wq.f90.patch,8ae6824afddf299c8a6764b9b206f48988aa3ed802175b4c8a0c51c523b48902
patches/EFDC__Eutrophication__mod_wq_vars.f90.patch,03f713b8c147ee7f15e7be7e333e2165fdc6e41a2cd0bdc1b04360aba54b7f5d
patches/EFDC__Propwash__Calc_Prop_Erosion.f90.patch,0635318609f2584d9831e6a2865e97b795298ad13dcf3190235ca3726cb498ab
patches/EFDC__Propwash__Mod_Active_Ship.f90.patch,04cc90c421b795ac42c91f69cfd413216278086597afd6ddd0b480d3300d0ef4
patches/EFDC__Propwash__Propwash_Calc_Sequence.f90.patch,c96511e68079b376a5a5147c1ce05a8f4b67e7c0aea50254e6c1cef8273c3df2
patches/EFDC__SedTran-Original__ssedtox.f90.patch,e7569947cae1a06225634e2b6b507b6e73a7925029f1af54da5997fb8d0f2499
patches/EFDC__Transport__calconc.f90.patch,6ecaccf85cea433cd2419b669ff19a9b07113f18f5ea4981148963bff5fb0bc2
patches/EFDC__Transport__caltran_quickest.f90.patch,87fbef5ca5154346221be079f78934c8fc53c370edf54de385d0a14b85dc0a4c
patches/EFDC__Transport__mod_heat.f90.patch,a973cde41b97949d8ab9189e3f88960553deb0c0ea98950f78e80beef8b01ffe
patches/EFDC__Transport__mod_quickest.f90.patch,192e137c9857235f589c612f9b25503c6d449c5d33e940203f3cc7bb81bf9f64
patches/EFDC__Waves__mod_windwave.f90.patch,7a981d89ccf0e2764747fc4111d54d9e315b401b42312abd026206a7ec19e9de
patches/EFDC__aaefdc.f90.patch,5caa33602ce2b396612c33d96902435c6f84f76b0fd7a498e287011723cbd953
patches/EFDC__calbuoy.f90.patch,51cb29e8dc561f06a84a293874f7faebea0612fce923628460a651b8eed21292
patches/EFDC__calexp.f90.patch,a64fab5ef8c0b405ae4e0023f917017cd870556f5aed851a37008e067ce15ade
patches/EFDC__calexp2t.f90.patch,e2349d9515353c0b4ee39954d605263d095ccdf0440eb8d94f890377c8b0ef18
patches/EFDC__calhdmf.f90.patch,dfee766e706accec8d62e84bcc7953846fc1d48c9e71db146ef50d14384c2b6e
patches/EFDC__calhdmf3.f90.patch,f2e550bd4ff009489005b12127e99800aa22a58fbc3bd51fe4805105be2ee990
patches/EFDC__calpnhs.f90.patch,77d0312c46525db9812f1c3dcbd08fe90b76a60c2d1edcaabc13a128e3f9cfd9
patches/EFDC__calpuv2c.f90.patch,beba347b5c6c85ba4546430b0ad817cde0a44516c5c1b936da7b2dd35ea589e5
patches/EFDC__calpuv9c.f90.patch,28b5031f348bf16da4603507f1b3e1cea4253096fb3f7b17db7f34d704663740
patches/EFDC__caltsxy.f90.patch,2f7c2e00eb1571a85c46fa1f0638a334b2795fbfe2af36f398ab2cacb5fd794b
patches/EFDC__hdmt.f90.patch,13fa1339013b69170dd0a1f615bec7836a0b6551c01471e78ed5dceaf7828123
patches/EFDC__hdmt2t.f90.patch,753ac8565dd3ab6f0bb9ac217038c020b66dcd6b4badce374f64754da6deea3f
patches/EFDC__input.f90.patch,83076d0d7e8cb53082db3670641f0dc882900c8dadd9b90efe8d9c971def31bd
patches/EFDC__mhkpwr.f90.patch,ad73c908fc1c9525f480fb70ea94105cab8c0c14334878543e71c10caae18298
patches/EFDC__mod_scaninp.f90.patch,0c2776eb82601870e02a8a76a67a705b3906ee9e381993c137e5fb0a7d4d43b4
patches/EFDC__mod_var_global.f90.patch,61c3e692f95decc47c8d3b674207ccae00bed67fa1c0819ba4e042a8ac3f4c7f
patches/EFDC__setbcs.f90.patch,1ec50ff42b0b2f63a81b8712f6a49bf1d12c2f64abcdb717c2a9ab1d0ba95de3
patches/EFDC__varalloc.f90.patch,5e2ccac01a05202c927357a682119d4d86b3e4146f5ffa5c0c15bd082800b926
patches/EFDC__varinit.f90.patch,8697c762aac08a6fc345ce2c348979e88a0b8ea9df9cd98b97117e797c59729f
patches/EFDC__welcome.f90.patch,63eb6c5efead83cb56138552eedbbb26be1bfe0cb7e0a18d083d1831131826bc
