note,note_line,ref,status,source,ranges,span
models/Celeris/manual-notes/celeris-architecture-and-config.md,18,js/constants_load_calc.js,RESOLVED_BY_SCOPE,js/constants_load_calc.js,,0
models/Celeris/manual-notes/celeris-architecture-and-config.md,26,constants_load_calc.js,RESOLVED_BY_SCOPE,js/constants_load_calc.js,,0
models/Celeris/manual-notes/celeris-architecture-and-config.md,70,main.js,RESOLVED_BY_SCOPE,js/main.js,,0
models/Celeris/manual-notes/celeris-architecture-and-config.md,70,Wave_Generator.js,RESOLVED,js/Wave_Generator.js,,0
models/Celeris/manual-notes/celeris-architecture-and-config.md,74,main.js,RESOLVED_BY_SCOPE,js/main.js,,0
models/Celeris/manual-notes/celeris-architecture-and-config.md,84,main.js,RESOLVED_BY_SCOPE,js/main.js,,0
models/Celeris/manual-notes/celeris-architecture-and-config.md,114,main.js,RESOLVED_BY_SCOPE,js/main.js,,0
models/Celeris/manual-notes/celeris-architecture-and-config.md,147,main.js,RESOLVED_BY_SCOPE,js/main.js,,0
models/Celeris/manual-notes/celeris-architecture-and-config.md,151,main.js,RESOLVED_BY_SCOPE,js/main.js,,0
models/Celeris/manual-notes/celeris-architecture-and-config.md,157,main.js,RESOLVED_BY_SCOPE,js/main.js,,0
models/Celeris/manual-notes/celeris-architecture-and-config.md,159,main.js,RESOLVED_BY_SCOPE,js/main.js,,0
models/Celeris/manual-notes/celeris-architecture-and-config.md,159,constants_load_calc.js,RESOLVED_BY_SCOPE,js/constants_load_calc.js,,0
models/Celeris/manual-notes/celeris-architecture-and-config.md,184,main.js,RESOLVED_BY_SCOPE,js/main.js,,0
models/Celeris/manual-notes/celeris-architecture-and-config.md,184,File_Loader.js,RESOLVED_BY_SCOPE,js/File_Loader.js,,0
models/Celeris/manual-notes/celeris-architecture-and-config.md,184,File_Writer.js,RESOLVED_BY_SCOPE,js/File_Writer.js,,0
models/Celeris/manual-notes/celeris-architecture-and-config.md,190,main.js,RESOLVED_BY_SCOPE,js/main.js,,0
models/Celeris/manual-notes/celeris-architecture-and-config.md,190,File_Loader.js,RESOLVED_BY_SCOPE,js/File_Loader.js,,0
models/Celeris/manual-notes/celeris-architecture-and-config.md,190,File_Writer.js,RESOLVED_BY_SCOPE,js/File_Writer.js,,0
models/Celeris/manual-notes/celeris-architecture-and-config.md,196,constants_load_calc.js,RESOLVED_BY_SCOPE,js/constants_load_calc.js,,0
models/Celeris/source-analysis/celeris-boussinesq-solver.md,49,constants_load_calc.js:42-43,RESOLVED_BY_SCOPE,js/constants_load_calc.js,42-43,2
models/Celeris/source-analysis/celeris-boussinesq-solver.md,127,js/constants_load_calc.js:427-428,RESOLVED_BY_SCOPE,js/constants_load_calc.js,427-428,2
models/Celeris/source-analysis/celeris-boussinesq-solver.md,127,main.js:1034,RESOLVED_BY_SCOPE,js/main.js,1034-1034,1
models/Celeris/source-analysis/celeris-breaking-boundary.md,37,constants_load_calc.js:51-54,RESOLVED_BY_SCOPE,js/constants_load_calc.js,51-54,4
models/Celeris/source-analysis/celeris-breaking-boundary.md,81,shaders/BoundaryPass.wgsl:184-595,RESOLVED_NARROWED,shaders/BoundaryPass.wgsl,184-595,412
models/Celeris/source-analysis/celeris-breaking-boundary.md,184,Handler_BoundaryPass.js,RESOLVED_BY_SCOPE,js/Handler_BoundaryPass.js,,0
models/Celeris/source-analysis/celeris-breaking-boundary.md,184,Handler_BoundaryPass.js:100-147,RESOLVED_BY_SCOPE,js/Handler_BoundaryPass.js,100-147,48
models/Celeris/source-analysis/celeris-breaking-boundary.md,190,Wave_Generator.js,RESOLVED,js/Wave_Generator.js,,0
models/Celeris/source-analysis/celeris-breaking-boundary.md,190,BoundaryPass.wgsl:177-178,RESOLVED_BY_SCOPE,shaders/BoundaryPass.wgsl,177-178,2
models/Celeris/source-analysis/celeris-breaking-boundary.md,192,Wave_Generator.js:44-50,RESOLVED,js/Wave_Generator.js,44-50,7
models/Celeris/source-analysis/celeris-breaking-boundary.md,196,BoundaryPass.wgsl:176-179,RESOLVED_BY_SCOPE,shaders/BoundaryPass.wgsl,176-179,4
models/Celeris/source-analysis/celeris-coulwave.md,12,constants_load_calc.js:32,RESOLVED_BY_SCOPE,js/constants_load_calc.js,32-32,1
models/Celeris/source-analysis/celeris-coulwave.md,143,constants_load_calc.js:32,RESOLVED_BY_SCOPE,js/constants_load_calc.js,32-32,1
models/Celeris/source-analysis/celeris-coulwave.md,149,constants_load_calc.js:32,RESOLVED_BY_SCOPE,js/constants_load_calc.js,32-32,1
models/Celeris/source-analysis/celeris-fv-reconstruction.md,43,js/main.js:1322-1327,RESOLVED_BY_SCOPE,js/main.js,1322-1327,6
models/Celeris/source-analysis/celeris-fv-reconstruction.md,96,js/main.js:1329-1334,RESOLVED_BY_SCOPE,js/main.js,1329-1334,6
models/Celeris/source-analysis/celeris-fv-reconstruction.md,162,main.js,RESOLVED_BY_SCOPE,js/main.js,,0
models/Celeris/source-analysis/celeris-fv-reconstruction.md,162,js/main.js:1330-1331,RESOLVED_BY_SCOPE,js/main.js,1330-1331,2
models/Celeris/source-analysis/celeris-fv-reconstruction.md,162,main.js,RESOLVED_BY_SCOPE,js/main.js,,0
models/Celeris/source-analysis/celeris-fv-reconstruction.md,168,constants_load_calc.js:35,RESOLVED_BY_SCOPE,js/constants_load_calc.js,35-35,1
models/Celeris/source-analysis/celeris-fv-reconstruction.md,172,js/main.js:1322-1334,RESOLVED_BY_SCOPE,js/main.js,1322-1334,13
models/Celeris/source-analysis/celeris-pipeline-graph.md,5,models/Celeris/raw/source_code/Celeris-WebGPU/js/main.js,RESOLVED_BY_SCOPE,js/main.js,,0
models/Celeris/source-analysis/celeris-pipeline-graph.md,12,js/main.js,RESOLVED_BY_SCOPE,js/main.js,,0
models/Celeris/source-analysis/celeris-pipeline-graph.md,14,js/main.js,RESOLVED_BY_SCOPE,js/main.js,,0
models/Celeris/source-analysis/celeris-pipeline-graph.md,20,js/main.js:1540,RESOLVED_BY_SCOPE,js/main.js,1540-1540,1
models/Celeris/source-analysis/celeris-pipeline-graph.md,20,js/main.js:2933,RESOLVED_BY_SCOPE,js/main.js,2933-2933,1
models/Celeris/source-analysis/celeris-pipeline-graph.md,23,js/main.js:1874,RESOLVED_BY_SCOPE,js/main.js,1874-1874,1
models/Celeris/source-analysis/celeris-pipeline-graph.md,27,js/main.js:1873,RESOLVED_BY_SCOPE,js/main.js,1873-1873,1
models/Celeris/source-analysis/celeris-pipeline-graph.md,28,js/main.js:1565–1595,RESOLVED_BY_SCOPE,js/main.js,1565-1595,31
models/Celeris/source-analysis/celeris-pipeline-graph.md,29,js/main.js:4013,RESOLVED_NARROWED,js/main.js,4013-4013,1
models/Celeris/source-analysis/celeris-pipeline-graph.md,30,js/main.js:1881,RESOLVED_BY_SCOPE,js/main.js,1881-1881,1
models/Celeris/source-analysis/celeris-pipeline-graph.md,30,constants_load_calc.js,RESOLVED_BY_SCOPE,js/constants_load_calc.js,,0
models/Celeris/source-analysis/celeris-pipeline-graph.md,30,js/main.js:1546,RESOLVED_BY_SCOPE,js/main.js,1546-1546,1
models/Celeris/source-analysis/celeris-pipeline-graph.md,39,js/main.js:1927,RESOLVED_BY_SCOPE,js/main.js,1927-1927,1
models/Celeris/source-analysis/celeris-pipeline-graph.md,40,js/main.js:1893,RESOLVED_BY_SCOPE,js/main.js,1893-1893,1
models/Celeris/source-analysis/celeris-pipeline-graph.md,41,js/main.js:1896,RESOLVED_BY_SCOPE,js/main.js,1896-1896,1
models/Celeris/source-analysis/celeris-pipeline-graph.md,42,js/main.js:1900,RESOLVED_BY_SCOPE,js/main.js,1900-1900,1
models/Celeris/source-analysis/celeris-pipeline-graph.md,43,js/main.js:1904,RESOLVED_BY_SCOPE,js/main.js,1904-1904,1
models/Celeris/source-analysis/celeris-pipeline-graph.md,44,js/main.js:1908,RESOLVED_BY_SCOPE,js/main.js,1908-1908,1
models/Celeris/source-analysis/celeris-pipeline-graph.md,45,js/main.js:1909,RESOLVED_BY_SCOPE,js/main.js,1909-1909,1
models/Celeris/source-analysis/celeris-pipeline-graph.md,46,js/main.js:1913,RESOLVED_BY_SCOPE,js/main.js,1913-1913,1
models/Celeris/source-analysis/celeris-pipeline-graph.md,47,js/main.js:1917–1918,RESOLVED_BY_SCOPE,js/main.js,1917-1918,2
models/Celeris/source-analysis/celeris-pipeline-graph.md,48,js/main.js:1919–1924,RESOLVED_BY_SCOPE,js/main.js,1919-1924,6
models/Celeris/source-analysis/celeris-pipeline-graph.md,49,js/main.js:1934,RESOLVED_BY_SCOPE,js/main.js,1934-1934,1
models/Celeris/source-analysis/celeris-pipeline-graph.md,51,js/main.js:1940,RESOLVED_BY_SCOPE,js/main.js,1940-1940,1
models/Celeris/source-analysis/celeris-pipeline-graph.md,52,js/main.js:1944,RESOLVED_BY_SCOPE,js/main.js,1944-1944,1
models/Celeris/source-analysis/celeris-pipeline-graph.md,53,js/main.js:1949,RESOLVED_BY_SCOPE,js/main.js,1949-1949,1
models/Celeris/source-analysis/celeris-pipeline-graph.md,54,js/main.js:1951,RESOLVED_BY_SCOPE,js/main.js,1951-1951,1
models/Celeris/source-analysis/celeris-pipeline-graph.md,55,js/main.js:1959,RESOLVED_BY_SCOPE,js/main.js,1959-1959,1
models/Celeris/source-analysis/celeris-pipeline-graph.md,56,js/main.js:1963,RESOLVED_BY_SCOPE,js/main.js,1963-1963,1
models/Celeris/source-analysis/celeris-pipeline-graph.md,57,js/main.js:1972,RESOLVED_BY_SCOPE,js/main.js,1972-1972,1
models/Celeris/source-analysis/celeris-pipeline-graph.md,60,js/main.js:1984,RESOLVED_BY_SCOPE,js/main.js,1984-1984,1
models/Celeris/source-analysis/celeris-pipeline-graph.md,61,js/main.js:1987,RESOLVED_BY_SCOPE,js/main.js,1987-1987,1
models/Celeris/source-analysis/celeris-pipeline-graph.md,62,js/main.js:1990–1991,RESOLVED_BY_SCOPE,js/main.js,1990-1991,2
models/Celeris/source-analysis/celeris-pipeline-graph.md,63,js/main.js:1996–2000,RESOLVED_BY_SCOPE,js/main.js,1996-2000,5
models/Celeris/source-analysis/celeris-pipeline-graph.md,64,js/main.js:2010,RESOLVED_BY_SCOPE,js/main.js,2010-2010,1
models/Celeris/source-analysis/celeris-pipeline-graph.md,67,js/main.js:2000,RESOLVED_BY_SCOPE,js/main.js,2000-2000,1
models/Celeris/source-analysis/celeris-pipeline-graph.md,67,js/main.js:1959,RESOLVED_BY_SCOPE,js/main.js,1959-1959,1
models/Celeris/source-analysis/celeris-pipeline-graph.md,69,js/main.js:2122–2178,RESOLVED_BY_SCOPE,js/main.js,2122-2178,57
models/Celeris/source-analysis/celeris-pipeline-graph.md,73,js/main.js:2134–2142,RESOLVED_BY_SCOPE,js/main.js,2134-2142,9
models/Celeris/source-analysis/celeris-pipeline-graph.md,75,js/main.js:2146–2147,RESOLVED_BY_SCOPE,js/main.js,2146-2147,2
models/Celeris/source-analysis/celeris-pipeline-graph.md,77,js/main.js:2150–2151,RESOLVED_BY_SCOPE,js/main.js,2150-2151,2
models/Celeris/source-analysis/celeris-pipeline-graph.md,78,js/main.js:2155–2157,RESOLVED_BY_SCOPE,js/main.js,2155-2157,3
models/Celeris/source-analysis/celeris-pipeline-graph.md,80,js/main.js:2163,RESOLVED_BY_SCOPE,js/main.js,2163-2163,1
models/Celeris/source-analysis/celeris-pipeline-graph.md,81,js/main.js:2165–2170,RESOLVED_BY_SCOPE,js/main.js,2165-2170,6
models/Celeris/source-analysis/celeris-pipeline-graph.md,82,js/main.js:2174–2175,RESOLVED_BY_SCOPE,js/main.js,2174-2175,2
models/Celeris/source-analysis/celeris-pipeline-graph.md,83,js/main.js:2178,RESOLVED_BY_SCOPE,js/main.js,2178-2178,1
models/Celeris/source-analysis/celeris-pipeline-graph.md,96,js/main.js:1322–1334,RESOLVED_BY_SCOPE,js/main.js,1322-1334,13
models/Celeris/source-analysis/celeris-pipeline-graph.md,98,js/main.js:1937,RESOLVED_BY_SCOPE,js/main.js,1937-1937,1
models/Celeris/source-analysis/celeris-pipeline-graph.md,99,js/main.js:1340,RESOLVED_BY_SCOPE,js/main.js,1340-1340,1
models/Celeris/source-analysis/celeris-pipeline-graph.md,100,js/main.js:1345,RESOLVED_BY_SCOPE,js/main.js,1345-1345,1
models/Celeris/source-analysis/celeris-pipeline-graph.md,103,js/main.js:1933–1938,RESOLVED_BY_SCOPE,js/main.js,1933-1938,6
models/Celeris/source-analysis/celeris-pipeline-graph.md,103,js/main.js:1339–1346,RESOLVED_BY_SCOPE,js/main.js,1339-1346,8
models/Celeris/source-analysis/celeris-pipeline-graph.md,104,js/main.js:1916–1925,RESOLVED_BY_SCOPE,js/main.js,1916-1925,10
models/Celeris/source-analysis/celeris-pipeline-graph.md,113,js/main.js:1634,RESOLVED_BY_SCOPE,js/main.js,1634-1634,1
models/Celeris/source-analysis/celeris-pipeline-graph.md,115,js/main.js:2012,RESOLVED_BY_SCOPE,js/main.js,2012-2012,1
models/Celeris/source-analysis/celeris-pipeline-graph.md,118,js/main.js:2012,RESOLVED_BY_SCOPE,js/main.js,2012-2012,1
models/Celeris/source-analysis/celeris-pipeline-graph.md,119,js/main.js:2021,RESOLVED_BY_SCOPE,js/main.js,2021-2021,1
models/Celeris/source-analysis/celeris-pipeline-graph.md,120,js/main.js:2027–2044,RESOLVED_BY_SCOPE,js/main.js,2027-2044,18
models/Celeris/source-analysis/celeris-pipeline-graph.md,121,js/main.js:2050–2058,RESOLVED_BY_SCOPE,js/main.js,2050-2058,9
models/Celeris/source-analysis/celeris-pipeline-graph.md,122,js/main.js:2067,RESOLVED_BY_SCOPE,js/main.js,2067-2067,1
models/Celeris/source-analysis/celeris-pipeline-graph.md,123,js/main.js:2075,RESOLVED_BY_SCOPE,js/main.js,2075-2075,1
models/Celeris/source-analysis/celeris-pipeline-graph.md,124,js/main.js:2079–2081,RESOLVED_BY_SCOPE,js/main.js,2079-2081,3
models/Celeris/source-analysis/celeris-pipeline-graph.md,125,js/main.js:2089,RESOLVED_BY_SCOPE,js/main.js,2089-2089,1
models/Celeris/source-analysis/celeris-pipeline-graph.md,126,js/main.js:2102,RESOLVED_BY_SCOPE,js/main.js,2102-2102,1
models/Celeris/source-analysis/celeris-pipeline-graph.md,127,js/main.js:2113–2116,RESOLVED_BY_SCOPE,js/main.js,2113-2116,4
models/Celeris/source-analysis/celeris-pipeline-graph.md,130,js/main.js:2012,RESOLVED_BY_SCOPE,js/main.js,2012-2012,1
models/Celeris/source-analysis/celeris-pipeline-graph.md,136,js/main.js:1940,RESOLVED_BY_SCOPE,js/main.js,1940-1940,1
models/Celeris/source-analysis/celeris-pipeline-graph.md,137,js/main.js:1990–1991,RESOLVED_BY_SCOPE,js/main.js,1990-1991,2
models/Celeris/source-analysis/celeris-pipeline-graph.md,138,js/main.js:2146–2147,RESOLVED_BY_SCOPE,js/main.js,2146-2147,2
models/Celeris/source-analysis/celeris-pipeline-graph.md,139,js/main.js:2150–2151,RESOLVED_BY_SCOPE,js/main.js,2150-2151,2
models/Celeris/source-analysis/celeris-pipeline-graph.md,140,js/main.js:2155–2157,RESOLVED_BY_SCOPE,js/main.js,2155-2157,3
models/Celeris/source-analysis/celeris-pipeline-graph.md,157,Handler_BoundaryPass.js,RESOLVED_BY_SCOPE,js/Handler_BoundaryPass.js,,0
models/Celeris/source-analysis/celeris-pipeline-graph.md,170,main.js,RESOLVED_BY_SCOPE,js/main.js,,0
models/Celeris/source-analysis/celeris-pipeline-graph.md,173,constants_load_calc.js:427–428,RESOLVED_BY_SCOPE,js/constants_load_calc.js,427-428,2
models/Celeris/source-analysis/celeris-render.md,18,"js/display_parameters.js:63,103",RESOLVED_BY_SCOPE,js/display_parameters.js,63-63;103-103,2
models/Celeris/source-analysis/celeris-render.md,90,display_parameters.js,RESOLVED_BY_SCOPE,js/display_parameters.js,,0
models/Celeris/source-analysis/celeris-render.md,94,js/display_parameters.js:24-105,RESOLVED_BY_SCOPE,js/display_parameters.js,24-105,82
models/Celeris/source-analysis/celeris-sediment.md,5,Handler/main.js,RESOLVED_BY_SCOPE,js/main.js,,0
models/Celeris/source-analysis/celeris-sediment.md,17,constants_load_calc.js:85,RESOLVED_BY_SCOPE,js/constants_load_calc.js,85-85,1
models/Celeris/source-analysis/celeris-sediment.md,27,main.js,RESOLVED_BY_SCOPE,js/main.js,,0
models/Celeris/source-analysis/celeris-sediment.md,29,js/main.js:1898-1901,RESOLVED_BY_SCOPE,js/main.js,1898-1901,4
models/Celeris/source-analysis/celeris-sediment.md,29,js/main.js:2032-2035,RESOLVED_BY_SCOPE,js/main.js,2032-2035,4
models/Celeris/source-analysis/celeris-sediment.md,29,"js/main.js:847,1627",RESOLVED_BY_SCOPE,js/main.js,847-847;1627-1627,2
models/Celeris/source-analysis/celeris-sediment.md,30,js/main.js:1943-1946,RESOLVED_BY_SCOPE,js/main.js,1943-1946,4
models/Celeris/source-analysis/celeris-sediment.md,30,js/main.js:1953-1955,RESOLVED_BY_SCOPE,js/main.js,1953-1955,3
models/Celeris/source-analysis/celeris-sediment.md,31,js/main.js:2133-2143,RESOLVED_BY_SCOPE,js/main.js,2133-2143,11
models/Celeris/source-analysis/celeris-sediment.md,62,constants_load_calc.js:510,RESOLVED_NARROWED,js/constants_load_calc.js,510-510,1
models/Celeris/source-analysis/celeris-sediment.md,70,constants_load_calc.js:508,RESOLVED_NARROWED,js/constants_load_calc.js,508-508,1
models/Celeris/source-analysis/celeris-sediment.md,81,constants_load_calc.js:512,RESOLVED_NARROWED,js/constants_load_calc.js,512-512,1
models/Celeris/source-analysis/celeris-sediment.md,89,constants_load_calc.js:514-522,RESOLVED_NARROWED,js/constants_load_calc.js,514-522,9
models/Celeris/source-analysis/celeris-sediment.md,104,constants_load_calc.js:91-92,RESOLVED_BY_SCOPE,js/constants_load_calc.js,91-92,2
models/Celeris/source-analysis/celeris-sediment.md,118,main.js,RESOLVED_BY_SCOPE,js/main.js,,0
models/Celeris/source-analysis/celeris-sediment.md,118,js/main.js:2135-2136,RESOLVED_BY_SCOPE,js/main.js,2135-2136,2
models/Celeris/source-analysis/celeris-sediment.md,124,js/main.js:2137-2138,RESOLVED_BY_SCOPE,js/main.js,2137-2138,2
models/Celeris/source-analysis/celeris-sediment.md,125,js/main.js:2139-2142,RESOLVED_BY_SCOPE,js/main.js,2139-2142,4
models/Celeris/source-analysis/celeris-sediment.md,131,main.js,RESOLVED_BY_SCOPE,js/main.js,,0
models/Celeris/source-analysis/celeris-sediment.md,133,js/main.js:1348,RESOLVED_BY_SCOPE,js/main.js,1348-1348,1
models/Celeris/source-analysis/celeris-sediment.md,134,js/main.js:1349,RESOLVED_BY_SCOPE,js/main.js,1349-1349,1
models/Celeris/source-analysis/celeris-sediment.md,135,js/main.js:1361,RESOLVED_BY_SCOPE,js/main.js,1361-1361,1
models/Celeris/source-analysis/celeris-sediment.md,164,"js/constants_load_calc.js:85-92,508-522",RESOLVED_NARROWED,js/constants_load_calc.js,85-92;508-522,23
models/Celeris/source-analysis/celeris-sediment.md,165,"js/main.js:1898-1901,1943-1946,2133-2143",RESOLVED_BY_SCOPE,js/main.js,1898-1901;1943-1946;2133-2143,19
models/Celeris/source-analysis/celeris-sediment.md,166,js/main.js:1348-1361,RESOLVED_BY_SCOPE,js/main.js,1348-1361,14
models/Celeris/source-analysis/celeris-source-map.md,19,js/main.js:1320-1368,RESOLVED_BY_SCOPE,js/main.js,1320-1368,49
models/Celeris/source-analysis/celeris-source-map.md,27,main.js:1893-2174,RESOLVED_BY_SCOPE,js/main.js,1893-2174,282
models/Celeris/source-analysis/celeris-source-map.md,36,BoundaryPass.wgsl,RESOLVED_BY_SCOPE,shaders/BoundaryPass.wgsl,,0
models/Celeris/source-analysis/celeris-source-map.md,38,BoundaryPass.wgsl,RESOLVED_BY_SCOPE,shaders/BoundaryPass.wgsl,,0
models/Celeris/source-analysis/celeris-source-map.md,41,main.js:1331,RESOLVED_BY_SCOPE,js/main.js,1331-1331,1
models/Celeris/source-analysis/celeris-source-map.md,55,main.js,RESOLVED_BY_SCOPE,js/main.js,,0
models/Celeris/source-analysis/celeris-source-map.md,57,constants_load_calc.js,RESOLVED_BY_SCOPE,js/constants_load_calc.js,,0
models/Celeris/source-analysis/celeris-source-map.md,57,main.js:1614,RESOLVED_BY_SCOPE,js/main.js,1614-1614,1
models/Celeris/source-analysis/celeris-source-map.md,60,Copy_Data_to_Textures.js,RESOLVED_BY_SCOPE,js/Copy_Data_to_Textures.js,,0
models/Celeris/source-analysis/celeris-source-map.md,68,Handler_BoundaryPass.js,RESOLVED_BY_SCOPE,js/Handler_BoundaryPass.js,,0
models/Celeris/source-analysis/celeris-source-map.md,78,Time_Series.js,RESOLVED_BY_SCOPE,js/Time_Series.js,,0
models/Celeris/source-analysis/celeris-source-map.md,81,Wave_Generator.js,RESOLVED,js/Wave_Generator.js,,0
models/Celeris/source-analysis/celeris-source-map.md,87,display_parameters.js,RESOLVED_BY_SCOPE,js/display_parameters.js,,0
models/Celeris/source-analysis/celeris-source-map.md,88,File_Loader.js,RESOLVED_BY_SCOPE,js/File_Loader.js,,0
models/Celeris/source-analysis/celeris-source-map.md,89,File_Writer.js,RESOLVED_BY_SCOPE,js/File_Writer.js,,0
models/Celeris/source-analysis/celeris-source-map.md,91,main.js,RESOLVED_BY_SCOPE,js/main.js,,0
models/Celeris/source-analysis/celeris-source-map.md,111,BoundaryPass.wgsl,RESOLVED_BY_SCOPE,shaders/BoundaryPass.wgsl,,0
models/Celeris/source-analysis/celeris-source-map.md,137,main.js,RESOLVED_BY_SCOPE,js/main.js,,0
models/Celeris/source-analysis/celeris-source-map.md,139,main.js,RESOLVED_BY_SCOPE,js/main.js,,0
models/Celeris/source-analysis/celeris-source-map.md,145,main.js,RESOLVED_BY_SCOPE,js/main.js,,0
models/Celeris/source-analysis/celeris-source-map.md,145,main.js:1392-1422,RESOLVED_BY_SCOPE,js/main.js,1392-1422,31
models/Celeris/source-analysis/celeris-source-map.md,145,main.js:1893-2174,RESOLVED_BY_SCOPE,js/main.js,1893-2174,282
models/Celeris/source-analysis/celeris-source-map.md,147,main.js,RESOLVED_BY_SCOPE,js/main.js,,0
models/Celeris/source-analysis/celeris-source-map.md,159,BoundaryPass.wgsl,RESOLVED_BY_SCOPE,shaders/BoundaryPass.wgsl,,0
models/Celeris/source-analysis/celeris-source-map.md,179,js/main.js:341-426,RESOLVED_BY_SCOPE,js/main.js,341-426,86
models/Celeris/source-analysis/celeris-source-map.md,183,main.js:343-344,RESOLVED_BY_SCOPE,js/main.js,343-344,2
models/Celeris/source-analysis/celeris-source-map.md,184,main.js:347-348,RESOLVED_BY_SCOPE,js/main.js,347-348,2
models/Celeris/source-analysis/celeris-source-map.md,185,main.js:341,RESOLVED_BY_SCOPE,js/main.js,341-341,1
models/Celeris/source-analysis/celeris-source-map.md,186,main.js:342,RESOLVED_BY_SCOPE,js/main.js,342-342,1
models/Celeris/source-analysis/celeris-source-map.md,187,main.js:349-353,RESOLVED_BY_SCOPE,js/main.js,349-353,5
models/Celeris/source-analysis/celeris-source-map.md,188,main.js:352,RESOLVED_BY_SCOPE,js/main.js,352-352,1
models/Celeris/source-analysis/celeris-source-map.md,189,main.js:365-366,RESOLVED_BY_SCOPE,js/main.js,365-366,2
models/Celeris/source-analysis/celeris-source-map.md,190,main.js:369,RESOLVED_BY_SCOPE,js/main.js,369-369,1
models/Celeris/source-analysis/celeris-source-map.md,191,main.js:393-394,RESOLVED_BY_SCOPE,js/main.js,393-394,2
models/Celeris/source-analysis/celeris-source-map.md,192,main.js:395-396,RESOLVED_BY_SCOPE,js/main.js,395-396,2
models/Celeris/source-analysis/celeris-source-map.md,193,main.js:405,RESOLVED_BY_SCOPE,js/main.js,405-405,1
models/Celeris/source-analysis/celeris-source-map.md,201,main.js,RESOLVED_BY_SCOPE,js/main.js,,0
models/Celeris/source-analysis/celeris-webgpu-infrastructure.md,31,js/main.js:191-195,RESOLVED_BY_SCOPE,js/main.js,191-195,5
models/Celeris/source-analysis/celeris-webgpu-infrastructure.md,37,js/main.js:341-456,RESOLVED_BY_SCOPE,js/main.js,341-456,116
models/Celeris/source-analysis/celeris-webgpu-infrastructure.md,62,"js/Copy_Data_to_Textures.js:44-47, 56",RESOLVED_BY_SCOPE,js/Copy_Data_to_Textures.js,44-47;56-56,5
models/Celeris/source-analysis/celeris-webgpu-infrastructure.md,95,js/main.js:2146-2147,RESOLVED_BY_SCOPE,js/main.js,2146-2147,2
models/Celeris/source-analysis/celeris-webgpu-infrastructure.md,148,main.js,RESOLVED_BY_SCOPE,js/main.js,,0
models/Celeris/source-analysis/celeris-webgpu-infrastructure.md,154,main.js,RESOLVED_BY_SCOPE,js/main.js,,0
models/Celeris/source-analysis/celeris-webgpu-infrastructure.md,154,js/main.js:1098,RESOLVED_BY_SCOPE,js/main.js,1098-1098,1
models/Celeris/source-analysis/celeris-webgpu-infrastructure.md,162,js/main.js,RESOLVED_BY_SCOPE,js/main.js,,0
models/Celeris/source-analysis/celeris-webgpu-infrastructure.md,173,js/Copy_Data_to_Textures.js,RESOLVED_BY_SCOPE,js/Copy_Data_to_Textures.js,,0
models/Celeris/source-analysis/celeris-webgpu-infrastructure.md,182,js/constants_load_calc.js,RESOLVED_BY_SCOPE,js/constants_load_calc.js,,0
models/Celeris/source-analysis/celeris-webgpu-infrastructure.md,226,"js/main.js:2123-2124, 2165-2170",RESOLVED_BY_SCOPE,js/main.js,2123-2124;2165-2170,8
models/Celeris/source-analysis/celeris-webgpu-infrastructure.md,232,main.js,RESOLVED_BY_SCOPE,js/main.js,,0
models/Celeris/source-analysis/celeris-webgpu-infrastructure.md,232,js/main.js:1111,RESOLVED_BY_SCOPE,js/main.js,1111-1111,1
models/Celeris/source-analysis/celeris-webgpu-infrastructure.md,235,js/main.js:2652,RESOLVED_BY_SCOPE,js/main.js,2652-2652,1
models/Celeris/source-analysis/celeris-webgpu-infrastructure.md,238,js/Time_Series.js:58-115,RESOLVED_BY_SCOPE,js/Time_Series.js,58-115,58
models/Celeris/source-analysis/celeris-webgpu-infrastructure.md,238,js/main.js:4367,RESOLVED_NARROWED,js/main.js,4367-4367,1
models/Celeris/source-analysis/celeris-webgpu-infrastructure.md,243,js/main.js:2184,RESOLVED_BY_SCOPE,js/main.js,2184-2184,1
models/Celeris/web-refs/celeris-coulwave-theory.md,5,constants_load_calc.js:32-34,RESOLVED_BY_SCOPE,js/constants_load_calc.js,32-34,3
models/Celeris/web-refs/celeris-coulwave-theory.md,20,js/constants_load_calc.js:32,RESOLVED_BY_SCOPE,js/constants_load_calc.js,32-32,1
models/Celeris/web-refs/celeris-coulwave-theory.md,47,constants_load_calc.js:33,RESOLVED_BY_SCOPE,js/constants_load_calc.js,33-33,1
