note,note_line,ref,source,old,new,status,note_class
models/EFDC/manifest.md,17,EFDC/aaefdc.f90:22,EFDC/aaefdc.f90,22,21-23,REANCHOR_REQUIRED,UPDATE_REQUIRED
models/EFDC/manual-notes/efdc-implementation-guide.md,176,input.f90:198-200,EFDC/input.f90,198-200,203-205,MOVED,NO_ACTION/UPDATE_REQUIRED
models/EFDC/manual-notes/efdc-implementation-guide.md,177,input.f90:3941-3943,EFDC/input.f90,3941-3943,4090-4092,MOVED,NO_ACTION/UPDATE_REQUIRED
models/EFDC/manual-notes/efdc-implementation-guide.md,179,hdmt.f90:89,EFDC/hdmt.f90,89,89,IDENTICAL,NO_ACTION/UPDATE_REQUIRED
models/EFDC/manual-notes/efdc-implementation-guide.md,179,input.f90:913-915,EFDC/input.f90,913-915,944-946,MOVED,NO_ACTION/UPDATE_REQUIRED
models/EFDC/manual-notes/efdc-implementation-guide.md,187,input.f90:225,EFDC/input.f90,225,230,MOVED,NO_ACTION/UPDATE_REQUIRED
models/EFDC/manual-notes/efdc-implementation-guide.md,187,input.f90:237,EFDC/input.f90,237,242,MOVED,NO_ACTION/UPDATE_REQUIRED
models/EFDC/manual-notes/efdc-implementation-guide.md,193,input.f90:306,EFDC/input.f90,306,310-312,REANCHOR_REQUIRED,NO_ACTION/UPDATE_REQUIRED
models/EFDC/manual-notes/efdc-implementation-guide.md,199,input.f90:387,EFDC/input.f90,387,404,MOVED,NO_ACTION/UPDATE_REQUIRED
models/EFDC/manual-notes/efdc-implementation-guide.md,211,input.f90:646,EFDC/input.f90,646,669,MOVED,NO_ACTION/UPDATE_REQUIRED
models/EFDC/manual-notes/efdc-implementation-guide.md,257,caltsxy.f90:244-251,EFDC/caltsxy.f90,244-251,243-250,MOVED,NO_ACTION/UPDATE_REQUIRED
models/EFDC/manual-notes/efdc-implementation-guide.md,257,input.f90:6934-6939,EFDC/input.f90,6934-6939,7086-7091,MOVED,NO_ACTION/UPDATE_REQUIRED
models/EFDC/manual-notes/efdc-implementation-guide.md,257,input.f90:6923-6933,EFDC/input.f90,6923-6933,7075-7085,MOVED,NO_ACTION/UPDATE_REQUIRED
models/EFDC/manual-notes/efdc-sediment-theory-2003.md,183,ssedtox.f90:868-880,EFDC/SedTran-Original/ssedtox.f90,868-880,863-875,MOVED,-
models/EFDC/manual-notes/efdc-theory-doc-v12.md,187,ssedtox.f90:868-880,EFDC/SedTran-Original/ssedtox.f90,868-880,863-875,MOVED,-
models/EFDC/manual-notes/efdc-theory-v12-ch5-temperature-heat.md,62,mod_heat.f90:60-61,EFDC/Transport/mod_heat.f90,60-61,60-61,IDENTICAL,-
models/EFDC/manual-notes/efdc-theory-v12-ch5-temperature-heat.md,64,mod_heat.f90:648,EFDC/Transport/mod_heat.f90,648,646,MOVED,-
models/EFDC/manual-notes/efdc-theory-v12-ch5-temperature-heat.md,81,mod_heat.f90:691,EFDC/Transport/mod_heat.f90,691,689,MOVED,-
models/EFDC/manual-notes/efdc-theory-v12-ch5-temperature-heat.md,181,mod_heat.f90:1180-1184,EFDC/Transport/mod_heat.f90,1180-1184,1178-1182,MOVED,-
models/EFDC/manual-notes/efdc-user-manual-r850.md,103,input.f90:225,EFDC/input.f90,225,230,MOVED,NO_ACTION/UPDATE_REQUIRED
models/EFDC/manual-notes/efdc-user-manual-r850.md,103,input.f90:237,EFDC/input.f90,237,242,MOVED,NO_ACTION/UPDATE_REQUIRED
models/EFDC/manual-notes/efdc-user-manual-r850.md,104,input.f90:306,EFDC/input.f90,306,310-312,REANCHOR_REQUIRED,NO_ACTION/UPDATE_REQUIRED
models/EFDC/manual-notes/efdc-user-manual-r850.md,105,input.f90:387,EFDC/input.f90,387,404,MOVED,NO_ACTION/UPDATE_REQUIRED
models/EFDC/manual-notes/efdc-user-manual-r850.md,106,input.f90:646,EFDC/input.f90,646,669,MOVED,NO_ACTION/UPDATE_REQUIRED
models/EFDC/manual-notes/efdc-user-manual-r850.md,107,input.f90:198-200,EFDC/input.f90,198-200,203-205,MOVED,NO_ACTION/UPDATE_REQUIRED
models/EFDC/manual-notes/efdc-user-manual-r850.md,108,input.f90:3941-3943,EFDC/input.f90,3941-3943,4090-4092,MOVED,NO_ACTION/UPDATE_REQUIRED
models/EFDC/manual-notes/efdc-user-manual-r850.md,112,caltsxy.f90:244-251,EFDC/caltsxy.f90,244-251,243-250,MOVED,NO_ACTION/UPDATE_REQUIRED
models/EFDC/source-analysis/efdc-tidal-forcing-conventions-v12.md,27,input.f90:903,EFDC/input.f90,903,936,MOVED,REVIEW_ONLY
models/EFDC/source-analysis/efdc-tidal-forcing-conventions-v12.md,28,input.f90:913-915,EFDC/input.f90,913-915,944-946,MOVED,REVIEW_ONLY
models/EFDC/source-analysis/efdc-tidal-forcing-conventions-v12.md,28,input.f90:980-1005,EFDC/input.f90,980-1005,1021-1044,MOVED,REVIEW_ONLY
models/EFDC/source-analysis/efdc-tidal-forcing-conventions-v12.md,29,hdmt.f90:89,EFDC/hdmt.f90,89,89,IDENTICAL,REVIEW_ONLY
models/EFDC/source-analysis/efdc-tidal-forcing-conventions-v12.md,79,input.f90:6903,EFDC/input.f90,6903,7055,MOVED,REVIEW_ONLY
models/EFDC/source-analysis/efdc-tidal-forcing-conventions-v12.md,83,input.f90:6918-6922,EFDC/input.f90,6918-6922,7070-7074,MOVED,REVIEW_ONLY
models/EFDC/source-analysis/efdc-tidal-forcing-conventions-v12.md,84,input.f90:6923-6933,EFDC/input.f90,6923-6933,7075-7085,MOVED,REVIEW_ONLY
models/EFDC/source-analysis/efdc-tidal-forcing-conventions-v12.md,85,input.f90:6934-6939,EFDC/input.f90,6934-6939,7086-7091,MOVED,REVIEW_ONLY
models/EFDC/source-analysis/efdc-tidal-forcing-conventions-v12.md,87,caltsxy.f90:244-251,EFDC/caltsxy.f90,244-251,243-250,MOVED,REVIEW_ONLY
models/EFDC/source-analysis/efdc-tidal-forcing-conventions-v12.md,91,caltsxy.f90:253-255,EFDC/caltsxy.f90,253-255,252-254,MOVED,REVIEW_ONLY
models/EFDC/source-analysis/efdc_baroclinic_eos.md,65,calpuv9c.f90:217-228,EFDC/calpuv9c.f90,217-228,217-228,IDENTICAL,UPDATE_REQUIRED
models/EFDC/source-analysis/efdc_baroclinic_eos.md,75,calexp.f90:1162-1352,EFDC/calexp.f90,1162-1352,1162-1295,MOVED,UPDATE_REQUIRED
models/EFDC/source-analysis/efdc_bottom_friction.md,21,hdmt.f90:253,EFDC/hdmt.f90,253,253,IDENTICAL,-
models/EFDC/source-analysis/efdc_bottom_friction.md,25,hdmt.f90:266-267,EFDC/hdmt.f90,266-267,266-267,IDENTICAL,-
models/EFDC/source-analysis/efdc_bottom_friction.md,25,calpuv9c.f90:269-270,EFDC/calpuv9c.f90,269-270,269-270,IDENTICAL,-
models/EFDC/source-analysis/efdc_bottom_friction.md,108,calpuv9c.f90:269-270,EFDC/calpuv9c.f90,269-270,269-270,IDENTICAL,-
models/EFDC/source-analysis/efdc_bottom_friction.md,109,"hdmt.f90:266-267,1170",EFDC/hdmt.f90,"266-267,1170","266-267,1170",IDENTICAL,-
models/EFDC/source-analysis/efdc_boundary_conditions.md,19,"input.f90:264, 548, 732-754, 852-867, 870-1321, 1352-1378, 2721-2995, 3656-3705, 5650-5685, 5717-5755, 5858-6277",EFDC/input.f90,"264,548,732-754,852-867,870-1321,1352-1378,2721-2995,3656-3705,5650-5685,5717-5755,5858-6277","269,570,755-778,884-896,903-1395,1445-1470,2818-3092,3753-3782,5801-5836,5868-5906,6009-6428",REANCHOR_REQUIRED,NO_ACTION/REVIEW_ONLY
models/EFDC/source-analysis/efdc_boundary_conditions.md,21,setbcs.f90:203-490,EFDC/setbcs.f90,203-490,203-492,MOVED,NO_ACTION/REVIEW_ONLY
models/EFDC/source-analysis/efdc_boundary_conditions.md,25,"calpuv9c.f90:638-642, 771-846, 1277-1304",EFDC/calpuv9c.f90,"638-642,771-846,1277-1304","638-642,771-846,1277-1304",IDENTICAL,NO_ACTION/REVIEW_ONLY
models/EFDC/source-analysis/efdc_boundary_conditions.md,25,"calpuv2c.f90:591-599, 733-734, 747-790, 1191-1217",EFDC/calpuv2c.f90,"591-599,733-734,747-790,1191-1217","591-599,733-734,747-790,1191-1217",IDENTICAL,NO_ACTION/REVIEW_ONLY
models/EFDC/source-analysis/efdc_boundary_conditions.md,36,input.f90:5650-5685,EFDC/input.f90,5650-5685,5801-5836,MOVED,NO_ACTION/REVIEW_ONLY
models/EFDC/source-analysis/efdc_boundary_conditions.md,44,calpuv9c.f90:638-642,EFDC/calpuv9c.f90,638-642,638-642,IDENTICAL,NO_ACTION/REVIEW_ONLY
models/EFDC/source-analysis/efdc_boundary_conditions.md,44,calpuv2c.f90:591-599,EFDC/calpuv2c.f90,591-599,591-599,IDENTICAL,NO_ACTION/REVIEW_ONLY
models/EFDC/source-analysis/efdc_boundary_conditions.md,47,calexp.f90:629-669,EFDC/calexp.f90,629-669,629-669,IDENTICAL,NO_ACTION/REVIEW_ONLY
models/EFDC/source-analysis/efdc_boundary_conditions.md,47,calexp2t.f90:581-620,EFDC/calexp2t.f90,581-620,591-630,MOVED,NO_ACTION/REVIEW_ONLY
models/EFDC/source-analysis/efdc_boundary_conditions.md,66,input.f90:5858-5904,EFDC/input.f90,5858-5904,6009-6055,MOVED,NO_ACTION/REVIEW_ONLY
models/EFDC/source-analysis/efdc_boundary_conditions.md,72,input.f90:2721-2737,EFDC/input.f90,2721-2737,2818-2834,MOVED,NO_ACTION/REVIEW_ONLY
models/EFDC/source-analysis/efdc_boundary_conditions.md,85,input.f90:1352-1360,EFDC/input.f90,1352-1360,1445-1451,REANCHOR_REQUIRED,NO_ACTION/REVIEW_ONLY
models/EFDC/source-analysis/efdc_boundary_conditions.md,88,input.f90:1365-1378,EFDC/input.f90,1365-1378,1457-1470,MOVED,NO_ACTION/REVIEW_ONLY
models/EFDC/source-analysis/efdc_boundary_conditions.md,99,input.f90:5717-5755,EFDC/input.f90,5717-5755,5868-5906,MOVED,NO_ACTION/REVIEW_ONLY
models/EFDC/source-analysis/efdc_boundary_conditions.md,106,calpuv9c.f90:771-785,EFDC/calpuv9c.f90,771-785,771-785,IDENTICAL,NO_ACTION/REVIEW_ONLY
models/EFDC/source-analysis/efdc_boundary_conditions.md,106,calpuv2c.f90:733-734,EFDC/calpuv2c.f90,733-734,733-734,IDENTICAL,NO_ACTION/REVIEW_ONLY
models/EFDC/source-analysis/efdc_boundary_conditions.md,110,input.f90:870-889,EFDC/input.f90,870-889,903-919,MOVED,NO_ACTION/REVIEW_ONLY
models/EFDC/source-analysis/efdc_boundary_conditions.md,121,setbcs.f90:211-300,EFDC/setbcs.f90,211-300,211-300,IDENTICAL,NO_ACTION/REVIEW_ONLY
models/EFDC/source-analysis/efdc_boundary_conditions.md,131,calpuv9c.f90:638-639,EFDC/calpuv9c.f90,638-639,638-639,IDENTICAL,NO_ACTION/REVIEW_ONLY
models/EFDC/source-analysis/efdc_boundary_conditions.md,132,calpuv2c.f90:591-592,EFDC/calpuv2c.f90,591-592,591-592,IDENTICAL,NO_ACTION/REVIEW_ONLY
models/EFDC/source-analysis/efdc_boundary_conditions.md,137,input.f90:3656-3689,EFDC/input.f90,3656-3689,3753-3778,MOVED,NO_ACTION/REVIEW_ONLY
models/EFDC/source-analysis/efdc_boundary_conditions.md,145,calpuv9c.f90:736-759,EFDC/calpuv9c.f90,736-759,736-759,IDENTICAL,NO_ACTION/REVIEW_ONLY
models/EFDC/source-analysis/efdc_boundary_conditions.md,145,calpuv2c.f90:697-720,EFDC/calpuv2c.f90,697-720,697-720,IDENTICAL,NO_ACTION/REVIEW_ONLY
models/EFDC/source-analysis/efdc_boundary_conditions.md,152,input.f90:732-754,EFDC/input.f90,732-754,755-778,MOVED,NO_ACTION/REVIEW_ONLY
models/EFDC/source-analysis/efdc_boundary_conditions.md,157,input.f90:980-1005,EFDC/input.f90,980-1005,1021-1044,MOVED,NO_ACTION/REVIEW_ONLY
models/EFDC/source-analysis/efdc_boundary_conditions.md,174,calpuv9c.f90:804-846,EFDC/calpuv9c.f90,804-846,804-846,IDENTICAL,NO_ACTION/REVIEW_ONLY
models/EFDC/source-analysis/efdc_boundary_conditions.md,174,calpuv2c.f90:747-790,EFDC/calpuv2c.f90,747-790,747-790,IDENTICAL,NO_ACTION/REVIEW_ONLY
models/EFDC/source-analysis/efdc_boundary_conditions.md,176,calpuv9c.f90:1277-1304,EFDC/calpuv9c.f90,1277-1304,1277-1304,IDENTICAL,NO_ACTION/REVIEW_ONLY
models/EFDC/source-analysis/efdc_boundary_conditions.md,176,calpuv2c.f90:1191-1217,EFDC/calpuv2c.f90,1191-1217,1191-1217,IDENTICAL,NO_ACTION/REVIEW_ONLY
models/EFDC/source-analysis/efdc_boundary_conditions.md,198,input.f90:913-915,EFDC/input.f90,913-915,944-946,MOVED,NO_ACTION/REVIEW_ONLY
models/EFDC/source-analysis/efdc_boundary_conditions.md,207,hdmt.f90:89,EFDC/hdmt.f90,89,89,IDENTICAL,NO_ACTION/REVIEW_ONLY
models/EFDC/source-analysis/efdc_dispersion.md,23,"models/EFDC/raw/source_code/EFDCPlus_Stable/EFDC/input.f90:621, 3722-3795",EFDC/input.f90,"621,3722-3795","643,3877-3952",MOVED,NO_ACTION/REVIEW_ONLY
models/EFDC/source-analysis/efdc_dispersion.md,24,"models/EFDC/raw/source_code/EFDCPlus_Stable/EFDC/mod_var_global.f90:991-992, 1098-1099",EFDC/mod_var_global.f90,"991-992,1098-1099","992-993,1099-1100",MOVED,NO_ACTION/REVIEW_ONLY
models/EFDC/source-analysis/efdc_dispersion.md,39,calhdmf.f90:23,EFDC/calhdmf.f90,23,23,IDENTICAL,NO_ACTION/REVIEW_ONLY
models/EFDC/source-analysis/efdc_dispersion.md,128,calhdmf3.f90:22,EFDC/calhdmf3.f90,22,22,IDENTICAL,NO_ACTION/REVIEW_ONLY
models/EFDC/source-analysis/efdc_dispersion.md,239,input.f90:621,EFDC/input.f90,621,643,MOVED,NO_ACTION/REVIEW_ONLY
models/EFDC/source-analysis/efdc_dispersion.md,240,"input.f90:621, 3791-3794",EFDC/input.f90,"621,3791-3794","643,3946-3951",MOVED,NO_ACTION/REVIEW_ONLY
models/EFDC/source-analysis/efdc_dispersion.md,241,input.f90:621,EFDC/input.f90,621,643,MOVED,NO_ACTION/REVIEW_ONLY
models/EFDC/source-analysis/efdc_dispersion.md,256,input.f90:3722-3795,EFDC/input.f90,3722-3795,3877-3952,MOVED,NO_ACTION/REVIEW_ONLY
models/EFDC/source-analysis/efdc_dispersion.md,295,calhdmf.f90:338,EFDC/calhdmf.f90,338,338,IDENTICAL,NO_ACTION/REVIEW_ONLY
models/EFDC/source-analysis/efdc_dispersion.md,296,calhdmf.f90:89-105,EFDC/calhdmf.f90,89-105,89-105,IDENTICAL,NO_ACTION/REVIEW_ONLY
models/EFDC/source-analysis/efdc_drifters.md,22,aaefdc.f90:1105-1106,EFDC/aaefdc.f90,1105-1106,1106-1107,MOVED,-
models/EFDC/source-analysis/efdc_drifters.md,23,hdmt.f90:1378-1384,EFDC/hdmt.f90,1378-1384,1378-1384,IDENTICAL,-
models/EFDC/source-analysis/efdc_drifters.md,23,hdmt2t.f90:1058-1063,EFDC/hdmt2t.f90,1058-1063,1062-1067,MOVED,-
models/EFDC/source-analysis/efdc_drifters.md,24,input.f90:3088,EFDC/input.f90,3088,3185,MOVED,-
models/EFDC/source-analysis/efdc_drifters.md,43,aaefdc.f90:1105-1106,EFDC/aaefdc.f90,1105-1106,1106-1107,MOVED,-
models/EFDC/source-analysis/efdc_drifters.md,44,hdmt.f90:1378-1384,EFDC/hdmt.f90,1378-1384,1378-1384,IDENTICAL,-
models/EFDC/source-analysis/efdc_drifters.md,44,hdmt2t.f90:1058-1063,EFDC/hdmt2t.f90,1058-1063,1062-1067,MOVED,-
models/EFDC/source-analysis/efdc_drifters.md,48,input.f90:3088,EFDC/input.f90,3088,3185,MOVED,-
models/EFDC/source-analysis/efdc_drifters.md,185,hdmt.f90:1370-1384,EFDC/hdmt.f90,1370-1384,1370-1384,IDENTICAL,-
models/EFDC/source-analysis/efdc_drifters.md,185,hdmt2t.f90:1053-1063,EFDC/hdmt2t.f90,1053-1063,1057-1067,MOVED,-
models/EFDC/source-analysis/efdc_hydraulic_structures.md,21,input.f90:1352-6671,EFDC/input.f90,1352-6671,1445-6822,MOVED,REVIEW_ONLY
models/EFDC/source-analysis/efdc_hydraulic_structures.md,22,input.f90:6344-6671,EFDC/input.f90,6344-6671,6495-6822,MOVED,REVIEW_ONLY
models/EFDC/source-analysis/efdc_hydraulic_structures.md,23,hdmt.f90:587-589,EFDC/hdmt.f90,587-589,587-589,IDENTICAL,REVIEW_ONLY
models/EFDC/source-analysis/efdc_hydraulic_structures.md,23,hdmt2t.f90:527-529,EFDC/hdmt2t.f90,527-529,527-529,IDENTICAL,REVIEW_ONLY
models/EFDC/source-analysis/efdc_hydraulic_structures.md,24,calpuv9c.f90:609-784,EFDC/calpuv9c.f90,609-784,609-784,IDENTICAL,REVIEW_ONLY
models/EFDC/source-analysis/efdc_hydraulic_structures.md,25,setbcs.f90:303-362,EFDC/setbcs.f90,303-362,303-362,IDENTICAL,REVIEW_ONLY
models/EFDC/source-analysis/efdc_hydraulic_structures.md,98,input.f90:6580-6581,EFDC/input.f90,6580-6581,6731-6732,MOVED,REVIEW_ONLY
models/EFDC/source-analysis/efdc_hydraulic_structures.md,103,input.f90:6344-6387,EFDC/input.f90,6344-6387,6495-6538,MOVED,REVIEW_ONLY
models/EFDC/source-analysis/efdc_hydraulic_structures.md,135,"input.f90:6439, 6456, 6488, 6491",EFDC/input.f90,"6439,6456,6488,6491","6590,6607,6639,6642",MOVED,REVIEW_ONLY
models/EFDC/source-analysis/efdc_hydraulic_structures.md,154,hdmt.f90:587-589,EFDC/hdmt.f90,587-589,587-589,IDENTICAL,REVIEW_ONLY
models/EFDC/source-analysis/efdc_hydraulic_structures.md,154,hdmt2t.f90:527-529,EFDC/hdmt2t.f90,527-529,527-529,IDENTICAL,REVIEW_ONLY
models/EFDC/source-analysis/efdc_hydraulic_structures.md,163,"calpuv9c.f90:609, 771-784",EFDC/calpuv9c.f90,"609,771-784","609,771-784",IDENTICAL,REVIEW_ONLY
models/EFDC/source-analysis/efdc_hydraulic_structures.md,169,setbcs.f90:303-362,EFDC/setbcs.f90,303-362,303-362,IDENTICAL,REVIEW_ONLY
models/EFDC/source-analysis/efdc_hydro_core.md,19,aaefdc.f90:3187-3188,EFDC/aaefdc.f90,3187-3188,3189-3190,MOVED,REVIEW_ONLY
models/EFDC/source-analysis/efdc_hydro_core.md,29,calexp.f90:218-227,EFDC/calexp.f90,218-227,218-227,IDENTICAL,REVIEW_ONLY
models/EFDC/source-analysis/efdc_hydro_core.md,29,calexp2t.f90:214-218,EFDC/calexp2t.f90,214-218,224-228,MOVED,REVIEW_ONLY
models/EFDC/source-analysis/efdc_hydro_core.md,30,calexp.f90:571,EFDC/calexp.f90,571,571,IDENTICAL,REVIEW_ONLY
models/EFDC/source-analysis/efdc_hydro_core.md,31,calexp.f90:1133-1136,EFDC/calexp.f90,1133-1136,1133-1136,IDENTICAL,REVIEW_ONLY
models/EFDC/source-analysis/efdc_hydro_core.md,31,calexp2t.f90:1053-1056,EFDC/calexp2t.f90,1053-1056,1062-1065,MOVED,REVIEW_ONLY
models/EFDC/source-analysis/efdc_hydro_core.md,32,calpuv9c.f90:256-257,EFDC/calpuv9c.f90,256-257,256-257,IDENTICAL,REVIEW_ONLY
models/EFDC/source-analysis/efdc_hydro_core.md,32,calpuv2c.f90:224-226,EFDC/calpuv2c.f90,224-226,224-226,IDENTICAL,REVIEW_ONLY
models/EFDC/source-analysis/efdc_hydro_core.md,34,calpuv9c.f90:269-270,EFDC/calpuv9c.f90,269-270,269-270,IDENTICAL,REVIEW_ONLY
models/EFDC/source-analysis/efdc_hydro_core.md,38,calpuv9c.f90:693-707,EFDC/calpuv9c.f90,693-707,693-707,IDENTICAL,REVIEW_ONLY
models/EFDC/source-analysis/efdc_hydro_core.md,38,calpuv2c.f90:656-664,EFDC/calpuv2c.f90,656-664,656-664,IDENTICAL,REVIEW_ONLY
models/EFDC/source-analysis/efdc_hydro_core.md,39,calpuv9c.f90:609,EFDC/calpuv9c.f90,609,609,IDENTICAL,REVIEW_ONLY
models/EFDC/source-analysis/efdc_hydro_core.md,41,calpuv9c.f90:771-772,EFDC/calpuv9c.f90,771-772,771-772,IDENTICAL,REVIEW_ONLY
models/EFDC/source-analysis/efdc_hydro_core.md,42,calpuv2c.f90:733-734,EFDC/calpuv2c.f90,733-734,733-734,IDENTICAL,REVIEW_ONLY
models/EFDC/source-analysis/efdc_hydro_core.md,44,calpuv9c.f90:804-807,EFDC/calpuv9c.f90,804-807,804-807,IDENTICAL,REVIEW_ONLY
models/EFDC/source-analysis/efdc_hydro_core.md,66,hdmt.f90:1344-1349,EFDC/hdmt.f90,1344-1349,1344-1349,IDENTICAL,REVIEW_ONLY
models/EFDC/source-analysis/efdc_hydro_core.md,66,calexp.f90:256,EFDC/calexp.f90,256,256,IDENTICAL,REVIEW_ONLY
models/EFDC/source-analysis/efdc_hydro_core.md,67,hdmt.f90:1335-1342,EFDC/hdmt.f90,1335-1342,1335-1342,IDENTICAL,REVIEW_ONLY
models/EFDC/source-analysis/efdc_hydro_core.md,67,calexp.f90:184,EFDC/calexp.f90,184,184,IDENTICAL,REVIEW_ONLY
models/EFDC/source-analysis/efdc_hydro_core.md,68,hdmt2t.f90:114-115,EFDC/hdmt2t.f90,114-115,114-115,IDENTICAL,REVIEW_ONLY
models/EFDC/source-analysis/efdc_hydro_core.md,72,calbuoy.f90:128-179,EFDC/calbuoy.f90,128-179,128-179,IDENTICAL,REVIEW_ONLY
models/EFDC/source-analysis/efdc_hydro_core.md,74,calpuv9c.f90:217-228,EFDC/calpuv9c.f90,217-228,217-228,IDENTICAL,REVIEW_ONLY
models/EFDC/source-analysis/efdc_hydro_core.md,79,"calexp.f90:1010, 1052-1055",EFDC/calexp.f90,"1010,1052-1055","1010,1052-1055",IDENTICAL,REVIEW_ONLY
models/EFDC/source-analysis/efdc_hydro_core.md,87,hdmt.f90:676-677,EFDC/hdmt.f90,676-677,676-677,IDENTICAL,REVIEW_ONLY
models/EFDC/source-analysis/efdc_hydro_core.md,87,hdmt2t.f90:611-613,EFDC/hdmt2t.f90,611-613,611-613,IDENTICAL,REVIEW_ONLY
models/EFDC/source-analysis/efdc_hydro_core.md,90,calpuv9c.f90:804-807,EFDC/calpuv9c.f90,804-807,804-807,IDENTICAL,REVIEW_ONLY
models/EFDC/source-analysis/efdc_hydro_core.md,91,calpuv9c.f90:638-639,EFDC/calpuv9c.f90,638-639,638-639,IDENTICAL,REVIEW_ONLY
models/EFDC/source-analysis/efdc_hydro_core.md,91,calpuv2c.f90:591-592,EFDC/calpuv2c.f90,591-592,591-592,IDENTICAL,REVIEW_ONLY
models/EFDC/source-analysis/efdc_ice.md,19,"input.f90:2524-2530, 6888-6911, 7000-7099",EFDC/input.f90,"2524-2530,6888-6911,7000-7099","2621-2627,7040-7063,7152-7262",MOVED,NO_ACTION/REVIEW_ONLY
models/EFDC/source-analysis/efdc_ice.md,20,mod_scaninp.f90:504-855,EFDC/mod_scaninp.f90,504-855,504-855,IDENTICAL,NO_ACTION/REVIEW_ONLY
models/EFDC/source-analysis/efdc_ice.md,21,"Transport/mod_heat.f90:251-1490, 1095-1104, 641-753, 1322-1428, 1652-1674",EFDC/Transport/mod_heat.f90,"251-1490,1095-1104,641-753,1322-1428,1652-1674","251-1488,1093-1102,639-751,1320-1426,1650-1672",MOVED,NO_ACTION/REVIEW_ONLY
models/EFDC/source-analysis/efdc_ice.md,23,"caltsxy.f90:612-864, 684-724",EFDC/caltsxy.f90,"612-864,684-724","611-863,683-723",MOVED,NO_ACTION/REVIEW_ONLY
models/EFDC/source-analysis/efdc_ice.md,24,calpuv2c.f90:220-226,EFDC/calpuv2c.f90,220-226,220-226,IDENTICAL,NO_ACTION/REVIEW_ONLY
models/EFDC/source-analysis/efdc_ice.md,24,calpuv9c.f90:565-573,EFDC/calpuv9c.f90,565-573,565-573,IDENTICAL,NO_ACTION/REVIEW_ONLY
models/EFDC/source-analysis/efdc_ice.md,25,calexp.f90:1091-1385,EFDC/calexp.f90,1091-1385,1091-1328,MOVED,NO_ACTION/REVIEW_ONLY
models/EFDC/source-analysis/efdc_ice.md,25,calexp2t.f90:1014-1405,EFDC/calexp2t.f90,1014-1405,1023-1405,MOVED,NO_ACTION/REVIEW_ONLY
models/EFDC/source-analysis/efdc_ice.md,26,Transport/calconc.f90:296-471,EFDC/Transport/calconc.f90,296-471,308-483,MOVED,NO_ACTION/REVIEW_ONLY
models/EFDC/source-analysis/efdc_ice.md,28,Waves/mod_windwave.f90:191-826,EFDC/Waves/mod_windwave.f90,191-826,193-835,MOVED,NO_ACTION/REVIEW_ONLY
models/EFDC/source-analysis/efdc_ice.md,29,varalloc.f90:1386-1400,EFDC/varalloc.f90,1386-1400,1386-1399,MOVED,NO_ACTION/REVIEW_ONLY
models/EFDC/source-analysis/efdc_ice.md,35,input.f90:2524-2530,EFDC/input.f90,2524-2530,2621-2627,MOVED,NO_ACTION/REVIEW_ONLY
models/EFDC/source-analysis/efdc_ice.md,37,mod_scaninp.f90:504-514,EFDC/mod_scaninp.f90,504-514,504-514,IDENTICAL,NO_ACTION/REVIEW_ONLY
models/EFDC/source-analysis/efdc_ice.md,39,input.f90:6888-6911,EFDC/input.f90,6888-6911,7040-7063,MOVED,NO_ACTION/REVIEW_ONLY
models/EFDC/source-analysis/efdc_ice.md,43,Transport/mod_heat.f90:1095-1104,EFDC/Transport/mod_heat.f90,1095-1104,1093-1102,MOVED,NO_ACTION/REVIEW_ONLY
models/EFDC/source-analysis/efdc_ice.md,54,caltsxy.f90:612-704,EFDC/caltsxy.f90,612-704,611-703,MOVED,NO_ACTION/REVIEW_ONLY
models/EFDC/source-analysis/efdc_ice.md,64,Transport/mod_heat.f90:641-669,EFDC/Transport/mod_heat.f90,641-669,639-667,MOVED,NO_ACTION/REVIEW_ONLY
models/EFDC/source-analysis/efdc_ice.md,80,caltsxy.f90:713-724,EFDC/caltsxy.f90,713-724,712-723,MOVED,NO_ACTION/REVIEW_ONLY
models/EFDC/source-analysis/efdc_ice.md,86,calpuv2c.f90:220-226,EFDC/calpuv2c.f90,220-226,220-226,IDENTICAL,NO_ACTION/REVIEW_ONLY
models/EFDC/source-analysis/efdc_ice.md,86,calpuv9c.f90:565-573,EFDC/calpuv9c.f90,565-573,565-573,IDENTICAL,NO_ACTION/REVIEW_ONLY
models/EFDC/source-analysis/efdc_ice.md,88,calexp.f90:1374-1385,EFDC/calexp.f90,1374-1385,1317-1328,MOVED,NO_ACTION/REVIEW_ONLY
models/EFDC/source-analysis/efdc_ice.md,88,calexp2t.f90:1400-1405,EFDC/calexp2t.f90,1400-1405,1400-1405,IDENTICAL,NO_ACTION/REVIEW_ONLY
models/EFDC/source-analysis/efdc_ice.md,92,caltsxy.f90:755-864,EFDC/caltsxy.f90,755-864,754-863,MOVED,NO_ACTION/REVIEW_ONLY
models/EFDC/source-analysis/efdc_ice.md,104,Waves/mod_windwave.f90:191-220,EFDC/Waves/mod_windwave.f90,191-220,193-222,MOVED,NO_ACTION/REVIEW_ONLY
models/EFDC/source-analysis/efdc_ice.md,108,calexp.f90:1091-1097,EFDC/calexp.f90,1091-1097,1091-1097,IDENTICAL,NO_ACTION/REVIEW_ONLY
models/EFDC/source-analysis/efdc_ice.md,108,calexp2t.f90:1014-1019,EFDC/calexp2t.f90,1014-1019,1023-1028,MOVED,NO_ACTION/REVIEW_ONLY
models/EFDC/source-analysis/efdc_ice.md,114,Transport/calconc.f90:467-471,EFDC/Transport/calconc.f90,467-471,479-483,MOVED,NO_ACTION/REVIEW_ONLY
models/EFDC/source-analysis/efdc_ice.md,120,Transport/mod_heat.f90:1480-1490,EFDC/Transport/mod_heat.f90,1480-1490,1478-1488,MOVED,NO_ACTION/REVIEW_ONLY
models/EFDC/source-analysis/efdc_ice.md,128,input.f90:7000-7031,EFDC/input.f90,7000-7031,7152-7182,MOVED,NO_ACTION/REVIEW_ONLY
models/EFDC/source-analysis/efdc_ice.md,130,mod_scaninp.f90:839-855,EFDC/mod_scaninp.f90,839-855,839-855,IDENTICAL,NO_ACTION/REVIEW_ONLY
models/EFDC/source-analysis/efdc_ice.md,131,mod_heat.f90:251-263,EFDC/Transport/mod_heat.f90,251-263,251-263,IDENTICAL,NO_ACTION/REVIEW_ONLY
models/EFDC/source-analysis/efdc_ice.md,133,varalloc.f90:1386-1400,EFDC/varalloc.f90,1386-1400,1386-1399,MOVED,NO_ACTION/REVIEW_ONLY
models/EFDC/source-analysis/efdc_internal_shear_caluvw.md,24,hdmt.f90:772,EFDC/hdmt.f90,772,772,IDENTICAL,-
models/EFDC/source-analysis/efdc_internal_shear_caluvw.md,24,hdmt2t.f90:650,EFDC/hdmt2t.f90,650,650,IDENTICAL,-
models/EFDC/source-analysis/efdc_internal_shear_caluvw.md,33,calexp.f90:1366,EFDC/calexp.f90,1366,1309,MOVED,-
models/EFDC/source-analysis/efdc_internal_shear_caluvw.md,70,hdmt.f90:598,EFDC/hdmt.f90,598,598,IDENTICAL,-
models/EFDC/source-analysis/efdc_internal_shear_caluvw.md,70,hdmt2t.f90:537,EFDC/hdmt2t.f90,537,537,IDENTICAL,-
models/EFDC/source-analysis/efdc_internal_shear_caluvw.md,76,calexp.f90:1375,EFDC/calexp.f90,1375,1318,MOVED,-
models/EFDC/source-analysis/efdc_linkages.md,23,input.f90:264,EFDC/input.f90,264,269,MOVED,-
models/EFDC/source-analysis/efdc_linkages.md,25,hdmt2t.f90:1055,EFDC/hdmt2t.f90,1055,1059,MOVED,-
models/EFDC/source-analysis/efdc_linkages.md,26,input.f90:292,EFDC/input.f90,292,297,MOVED,-
models/EFDC/source-analysis/efdc_linkages.md,31,hdmt.f90:1373,EFDC/hdmt.f90,1373,1373,IDENTICAL,-
models/EFDC/source-analysis/efdc_linkages.md,36,hdmt.f90:1574,EFDC/hdmt.f90,1574,1574,IDENTICAL,-
models/EFDC/source-analysis/efdc_mpi_decomposition.md,27,"calpuv9c.f90:31, 693-850",EFDC/calpuv9c.f90,"31,693-850","31,693-850",IDENTICAL,-
models/EFDC/source-analysis/efdc_mpi_decomposition.md,99,calpuv9c.f90:31,EFDC/calpuv9c.f90,31,31,IDENTICAL,-
models/EFDC/source-analysis/efdc_mpi_decomposition.md,124,aaefdc.f90:3156-3159,EFDC/aaefdc.f90,3156-3159,3158-3161,MOVED,-
models/EFDC/source-analysis/efdc_rpem_vegetation.md,21,mod_wq.f90:361,EFDC/Eutrophication/mod_wq.f90,361,361,IDENTICAL,-
models/EFDC/source-analysis/efdc_sediment_diagenesis.md,21,mod_diagen.f90:9-1031,EFDC/Eutrophication/mod_diagen.f90,9-1031,9-1029,MOVED,REVIEW_ONLY
models/EFDC/source-analysis/efdc_surface_forcing.md,62,calpuv9c.f90:1332,EFDC/calpuv9c.f90,1332,1332,IDENTICAL,-
models/EFDC/source-analysis/efdc_surface_forcing.md,65,"calpuv2c.f90:224,226",EFDC/calpuv2c.f90,"224,226","224,226",IDENTICAL,-
models/EFDC/source-analysis/efdc_surface_forcing.md,66,calexp.f90:1383-1384,EFDC/calexp.f90,1383-1384,1326-1327,MOVED,-
models/EFDC/source-analysis/efdc_transport_scheme.md,28,calconc.f90:115-127,EFDC/Transport/calconc.f90,115-127,113-121,REANCHOR_REQUIRED,UPDATE_REQUIRED
models/EFDC/source-analysis/efdc_transport_scheme.md,65,input.f90:306,EFDC/input.f90,306,310-312,REANCHOR_REQUIRED,UPDATE_REQUIRED
models/EFDC/source-analysis/efdc_turbulence.md,21,"mod_var_global.f90:1003, 1091, 1103, 1105-1107",EFDC/mod_var_global.f90,"1003,1091,1103,1105-1107","1004,1092,1104,1106-1108",MOVED,REVIEW_ONLY
models/EFDC/source-analysis/efdc_turbulence.md,22,input.f90:621-685,EFDC/input.f90,621-685,643-708,MOVED,REVIEW_ONLY
models/EFDC/source-analysis/efdc_turbulence.md,23,"hdmt.f90:1274, 1283",EFDC/hdmt.f90,"1274,1283","1274,1283",IDENTICAL,REVIEW_ONLY
models/EFDC/source-analysis/efdc_turbulence.md,23,"hdmt2t.f90:533-579, 875-964, 989",EFDC/hdmt2t.f90,"533-579,875-964,989","533-579,879-968,993",MOVED,REVIEW_ONLY
models/EFDC/source-analysis/efdc_turbulence.md,30,"hdmt.f90:1274, 1283",EFDC/hdmt.f90,"1274,1283","1274,1283",IDENTICAL,REVIEW_ONLY
models/EFDC/source-analysis/efdc_turbulence.md,31,"hdmt2t.f90:533, 577, 989",EFDC/hdmt2t.f90,"533,577,989","533,577,993",MOVED,REVIEW_ONLY
models/EFDC/source-analysis/efdc_turbulence.md,32,hdmt2t.f90:535-579,EFDC/hdmt2t.f90,535-579,535-579,IDENTICAL,REVIEW_ONLY
models/EFDC/source-analysis/efdc_turbulence.md,67,input.f90:621-633,EFDC/input.f90,621-633,643-652,MOVED,REVIEW_ONLY
models/EFDC/source-analysis/efdc_turbulence.md,82,aaefdc.f90:1517-1528,EFDC/aaefdc.f90,1517-1528,1519-1530,MOVED,REVIEW_ONLY
models/EFDC/source-analysis/efdc_turbulence.md,96,mod_var_global.f90:1091,EFDC/mod_var_global.f90,1091,1092,MOVED,REVIEW_ONLY
models/EFDC/source-analysis/efdc_turbulence.md,107,input.f90:641-661,EFDC/input.f90,641-661,664-681,MOVED,REVIEW_ONLY
models/EFDC/source-analysis/efdc_turbulence.md,115,input.f90:666-685,EFDC/input.f90,666-685,689-708,MOVED,REVIEW_ONLY
models/EFDC/source-analysis/efdc_turbulence.md,119,hdmt2t.f90:535-579,EFDC/hdmt2t.f90,535-579,535-579,IDENTICAL,REVIEW_ONLY
models/EFDC/source-analysis/efdc_turbulence.md,135,hdmt2t.f90:875-889,EFDC/hdmt2t.f90,875-889,879-893,MOVED,REVIEW_ONLY
models/EFDC/source-analysis/efdc_turbulence.md,172,aaefdc.f90:1517-1528,EFDC/aaefdc.f90,1517-1528,1519-1530,MOVED,REVIEW_ONLY
models/EFDC/source-analysis/efdc_vertical.md,19,"mod_var_global.f90:221, 236",EFDC/mod_var_global.f90,"221,236","221,236",IDENTICAL,REVIEW_ONLY/UPDATE_REQUIRED
models/EFDC/source-analysis/efdc_vertical.md,20,"input.f90:145, 264, 516, 531",EFDC/input.f90,"145,264,516,531","150,269,538,553",MOVED,REVIEW_ONLY/UPDATE_REQUIRED
models/EFDC/source-analysis/efdc_vertical.md,21,"aaefdc.f90:1294, 1308, 1323, 1332, 1341, 1435, 1443, 1448, 1492, 1497, 2382, 2592, 2610, 2820, 2944",EFDC/aaefdc.f90,"1294,1308,1323,1332,1341,1435,1443,1448,1492,1497,2382,2592,2610,2820,2944","1295,1310,1325,1334,1343,1437,1445,1450,1494,1499,2384,2594,2612,2822,2946",MOVED,REVIEW_ONLY/UPDATE_REQUIRED
models/EFDC/source-analysis/efdc_vertical.md,22,"varalloc.f90:1276, 1319",EFDC/varalloc.f90,"1276,1319","1276,1319",IDENTICAL,REVIEW_ONLY/UPDATE_REQUIRED
models/EFDC/source-analysis/efdc_vertical.md,24,"calexp.f90:243-406, 1152, 1169-1265",EFDC/calexp.f90,"243-406,1152,1169-1265","243-406,1152,1169-1222",REANCHOR_REQUIRED,REVIEW_ONLY/UPDATE_REQUIRED
models/EFDC/source-analysis/efdc_vertical.md,26,"calpuv9c.f90:1221, 1268, 1585",EFDC/calpuv9c.f90,"1221,1268,1585","1221,1268,1585",IDENTICAL,REVIEW_ONLY/UPDATE_REQUIRED
models/EFDC/source-analysis/efdc_vertical.md,30,mod_var_global.f90:221,EFDC/mod_var_global.f90,221,221,IDENTICAL,REVIEW_ONLY/UPDATE_REQUIRED
models/EFDC/source-analysis/efdc_vertical.md,30,input.f90:516,EFDC/input.f90,516,538,MOVED,REVIEW_ONLY/UPDATE_REQUIRED
models/EFDC/source-analysis/efdc_vertical.md,31,input.f90:531,EFDC/input.f90,531,553,MOVED,REVIEW_ONLY/UPDATE_REQUIRED
models/EFDC/source-analysis/efdc_vertical.md,31,aaefdc.f90:1294,EFDC/aaefdc.f90,1294,1295,MOVED,REVIEW_ONLY/UPDATE_REQUIRED
models/EFDC/source-analysis/efdc_vertical.md,32,varalloc.f90:1319,EFDC/varalloc.f90,1319,1319,IDENTICAL,REVIEW_ONLY/UPDATE_REQUIRED
models/EFDC/source-analysis/efdc_vertical.md,33,"aaefdc.f90:1435, 1443",EFDC/aaefdc.f90,"1435,1443","1437,1445",MOVED,REVIEW_ONLY/UPDATE_REQUIRED
models/EFDC/source-analysis/efdc_vertical.md,34,"aaefdc.f90:1492, 1497",EFDC/aaefdc.f90,"1492,1497","1494,1499",MOVED,REVIEW_ONLY/UPDATE_REQUIRED
models/EFDC/source-analysis/efdc_vertical.md,38,mod_var_global.f90:236,EFDC/mod_var_global.f90,236,236,IDENTICAL,REVIEW_ONLY/UPDATE_REQUIRED
models/EFDC/source-analysis/efdc_vertical.md,38,aaefdc.f90:1323,EFDC/aaefdc.f90,1323,1325,MOVED,REVIEW_ONLY/UPDATE_REQUIRED
models/EFDC/source-analysis/efdc_vertical.md,40,input.f90:145,EFDC/input.f90,145,150,MOVED,REVIEW_ONLY/UPDATE_REQUIRED
models/EFDC/source-analysis/efdc_vertical.md,41,varalloc.f90:1276,EFDC/varalloc.f90,1276,1276,IDENTICAL,REVIEW_ONLY/UPDATE_REQUIRED
models/EFDC/source-analysis/efdc_vertical.md,42,aaefdc.f90:1332,EFDC/aaefdc.f90,1332,1334,MOVED,REVIEW_ONLY/UPDATE_REQUIRED
models/EFDC/source-analysis/efdc_vertical.md,45,aaefdc.f90:1448,EFDC/aaefdc.f90,1448,1450,MOVED,REVIEW_ONLY/UPDATE_REQUIRED
models/EFDC/source-analysis/efdc_vertical.md,46,"aaefdc.f90:2382, 2592",EFDC/aaefdc.f90,"2382,2592","2384,2594",MOVED,REVIEW_ONLY/UPDATE_REQUIRED
models/EFDC/source-analysis/efdc_vertical.md,72,input.f90:264,EFDC/input.f90,264,269,MOVED,REVIEW_ONLY/UPDATE_REQUIRED
models/EFDC/source-analysis/efdc_vertical.md,74,calexp.f90:1169,EFDC/calexp.f90,1169,1169,IDENTICAL,REVIEW_ONLY/UPDATE_REQUIRED
models/EFDC/source-analysis/efdc_vertical.md,75,calexp.f90:1187,EFDC/calexp.f90,1187,1187,IDENTICAL,REVIEW_ONLY/UPDATE_REQUIRED
models/EFDC/source-analysis/efdc_vertical.md,80,calexp.f90:1207,EFDC/calexp.f90,1207,1205-1208,REANCHOR_REQUIRED,REVIEW_ONLY/UPDATE_REQUIRED
models/EFDC/source-analysis/efdc_vertical.md,81,calexp.f90:1225,EFDC/calexp.f90,1225,1220-1222,REANCHOR_REQUIRED,REVIEW_ONLY/UPDATE_REQUIRED
models/EFDC/source-analysis/efdc_vertical.md,82,calexp.f90:1265,EFDC/calexp.f90,1265,1220-1222,REANCHOR_REQUIRED,REVIEW_ONLY/UPDATE_REQUIRED
models/EFDC/source-analysis/efdc_vertical.md,89,aaefdc.f90:2610,EFDC/aaefdc.f90,2610,2612,MOVED,REVIEW_ONLY/UPDATE_REQUIRED
models/EFDC/source-analysis/efdc_vertical.md,90,aaefdc.f90:2944,EFDC/aaefdc.f90,2944,2946,MOVED,REVIEW_ONLY/UPDATE_REQUIRED
models/EFDC/source-analysis/efdc_vertical.md,90,calpuv9c.f90:1221,EFDC/calpuv9c.f90,1221,1221,IDENTICAL,REVIEW_ONLY/UPDATE_REQUIRED
models/EFDC/source-analysis/efdc_vertical.md,91,calpuv9c.f90:1268,EFDC/calpuv9c.f90,1268,1268,IDENTICAL,REVIEW_ONLY/UPDATE_REQUIRED
models/EFDC/source-analysis/efdc_vertical.md,92,calpuv9c.f90:1585,EFDC/calpuv9c.f90,1585,1585,IDENTICAL,REVIEW_ONLY/UPDATE_REQUIRED
models/EFDC/source-analysis/efdc_vertical.md,100,"aaefdc.f90:1448, 1458",EFDC/aaefdc.f90,"1448,1458","1450,1460",MOVED,REVIEW_ONLY/UPDATE_REQUIRED
models/EFDC/source-analysis/efdc_vertical.md,101,aaefdc.f90:2820,EFDC/aaefdc.f90,2820,2822,MOVED,REVIEW_ONLY/UPDATE_REQUIRED
models/EFDC/source-analysis/efdc_water_quality.md,19,Eutrophication/mod_wq.f90:9-5083,EFDC/Eutrophication/mod_wq.f90,9-5083,9-5083,IDENTICAL,REVIEW_ONLY/UPDATE_REQUIRED
models/EFDC/source-analysis/efdc_water_quality.md,20,Eutrophication/mod_wq_vars.f90:28-118,EFDC/Eutrophication/mod_wq_vars.f90,28-118,28-118,IDENTICAL,REVIEW_ONLY/UPDATE_REQUIRED
models/EFDC/source-analysis/efdc_water_quality.md,22,Eutrophication/mod_biota.f90:57-444,EFDC/Eutrophication/mod_biota.f90,57-444,57-444,IDENTICAL,REVIEW_ONLY/UPDATE_REQUIRED
models/EFDC/source-analysis/efdc_water_quality.md,24,"aaefdc.f90:126, 3086",EFDC/aaefdc.f90,"126,3086","126,3088",MOVED,REVIEW_ONLY/UPDATE_REQUIRED
models/EFDC/source-analysis/efdc_water_quality.md,25,hdmt.f90:1021,EFDC/hdmt.f90,1021,1021,IDENTICAL,REVIEW_ONLY/UPDATE_REQUIRED
models/EFDC/source-analysis/efdc_water_quality.md,25,hdmt2t.f90:734,EFDC/hdmt2t.f90,734,734,IDENTICAL,REVIEW_ONLY/UPDATE_REQUIRED
models/EFDC/source-analysis/efdc_water_quality.md,26,"mod_scaninp.f90:1631-1697, 1875-1890",EFDC/mod_scaninp.f90,"1631-1697,1875-1890","1631-1697,1875-1890",IDENTICAL,REVIEW_ONLY/UPDATE_REQUIRED
models/EFDC/source-analysis/efdc_water_quality.md,27,"Transport/calconc.f90:188, 213, 467-490",EFDC/Transport/calconc.f90,"188,213,467-490","191,224,479-507",MOVED,REVIEW_ONLY/UPDATE_REQUIRED
models/EFDC/source-analysis/efdc_water_quality.md,29,SedTran-Original/ssedtox.f90:9-31,EFDC/SedTran-Original/ssedtox.f90,9-31,9-31,IDENTICAL,REVIEW_ONLY/UPDATE_REQUIRED
models/EFDC/source-analysis/efdc_water_quality.md,43,"mod_wq.f90:9, 34",EFDC/Eutrophication/mod_wq.f90,"9,34","9,34",IDENTICAL,REVIEW_ONLY/UPDATE_REQUIRED
models/EFDC/source-analysis/efdc_water_quality.md,45,"aaefdc.f90:126, 3086",EFDC/aaefdc.f90,"126,3086","126,3088",MOVED,REVIEW_ONLY/UPDATE_REQUIRED
models/EFDC/source-analysis/efdc_water_quality.md,47,"hdmt.f90:35, 1021",EFDC/hdmt.f90,"35,1021","35,1021",IDENTICAL,REVIEW_ONLY/UPDATE_REQUIRED
models/EFDC/source-analysis/efdc_water_quality.md,47,"hdmt2t.f90:37, 734",EFDC/hdmt2t.f90,"37,734","37,734",IDENTICAL,REVIEW_ONLY/UPDATE_REQUIRED
models/EFDC/source-analysis/efdc_water_quality.md,49,mod_wq.f90:333-358,EFDC/Eutrophication/mod_wq.f90,333-358,333-358,IDENTICAL,REVIEW_ONLY/UPDATE_REQUIRED
models/EFDC/source-analysis/efdc_water_quality.md,63,mod_scaninp.f90:1631,EFDC/mod_scaninp.f90,1631,1631,IDENTICAL,REVIEW_ONLY/UPDATE_REQUIRED
models/EFDC/source-analysis/efdc_water_quality.md,67,mod_wq.f90:741,EFDC/Eutrophication/mod_wq.f90,741,741,IDENTICAL,REVIEW_ONLY/UPDATE_REQUIRED
models/EFDC/source-analysis/efdc_water_quality.md,71,"mod_scaninp.f90:1875, 1890",EFDC/mod_scaninp.f90,"1875,1890","1875,1890",IDENTICAL,REVIEW_ONLY/UPDATE_REQUIRED
models/EFDC/source-analysis/efdc_water_quality.md,73,"mod_wq.f90:2968, 4568, 4624",EFDC/Eutrophication/mod_wq.f90,"2968,4568,4624","2968,4568,4624",IDENTICAL,REVIEW_ONLY/UPDATE_REQUIRED
models/EFDC/source-analysis/efdc_water_quality.md,77,"mod_wq.f90:2875, 2884",EFDC/Eutrophication/mod_wq.f90,"2875,2884","2875,2884",IDENTICAL,REVIEW_ONLY/UPDATE_REQUIRED
models/EFDC/source-analysis/efdc_water_quality.md,100,mod_diagen.f90:9,EFDC/Eutrophication/mod_diagen.f90,9,9,IDENTICAL,REVIEW_ONLY/UPDATE_REQUIRED
models/EFDC/source-analysis/efdc_water_quality.md,102,mod_wq.f90:585,EFDC/Eutrophication/mod_wq.f90,585,585,IDENTICAL,REVIEW_ONLY/UPDATE_REQUIRED
models/EFDC/source-analysis/efdc_water_quality.md,102,mod_diagen.f90:160,EFDC/Eutrophication/mod_diagen.f90,160,160,IDENTICAL,REVIEW_ONLY/UPDATE_REQUIRED
models/EFDC/source-analysis/efdc_water_quality.md,104,mod_wq.f90:351,EFDC/Eutrophication/mod_wq.f90,351,351,IDENTICAL,REVIEW_ONLY/UPDATE_REQUIRED
models/EFDC/source-analysis/efdc_water_quality.md,104,mod_diagen.f90:674,EFDC/Eutrophication/mod_diagen.f90,674,672,MOVED,REVIEW_ONLY/UPDATE_REQUIRED
models/EFDC/source-analysis/efdc_water_quality.md,106,mod_diagen.f90:164-277,EFDC/Eutrophication/mod_diagen.f90,164-277,164-276,MOVED,REVIEW_ONLY/UPDATE_REQUIRED
models/EFDC/source-analysis/efdc_water_quality.md,121,mod_wq_vars.f90:118,EFDC/Eutrophication/mod_wq_vars.f90,118,118,IDENTICAL,REVIEW_ONLY/UPDATE_REQUIRED
models/EFDC/source-analysis/efdc_water_quality.md,121,mod_wq.f90:208,EFDC/Eutrophication/mod_wq.f90,208,208,IDENTICAL,REVIEW_ONLY/UPDATE_REQUIRED
models/EFDC/source-analysis/efdc_water_quality.md,123,"mod_wq.f90:268, 284",EFDC/Eutrophication/mod_wq.f90,"268,284","268,284",IDENTICAL,REVIEW_ONLY/UPDATE_REQUIRED
models/EFDC/source-analysis/efdc_water_quality.md,132,Transport/calconc.f90:188,EFDC/Transport/calconc.f90,188,191,MOVED,REVIEW_ONLY/UPDATE_REQUIRED
models/EFDC/source-analysis/efdc_water_quality.md,134,Transport/calconc.f90:213,EFDC/Transport/calconc.f90,213,224,MOVED,REVIEW_ONLY/UPDATE_REQUIRED
models/EFDC/source-analysis/efdc_water_quality.md,138,"SedTran-Original/ssedtox.f90:9, 31",EFDC/SedTran-Original/ssedtox.f90,"9,31","9,31",IDENTICAL,REVIEW_ONLY/UPDATE_REQUIRED
models/EFDC/source-analysis/efdc_water_quality.md,140,mod_wq.f90:4934,EFDC/Eutrophication/mod_wq.f90,4934,4934,IDENTICAL,REVIEW_ONLY/UPDATE_REQUIRED
models/EFDC/source-analysis/efdc_water_quality.md,144,mod_wq.f90:779,EFDC/Eutrophication/mod_wq.f90,779,779,IDENTICAL,REVIEW_ONLY/UPDATE_REQUIRED
models/EFDC/source-analysis/efdc_water_quality.md,161,mod_biota.f90:57,EFDC/Eutrophication/mod_biota.f90,57,57,IDENTICAL,REVIEW_ONLY/UPDATE_REQUIRED
models/EFDC/source-analysis/efdc_water_quality.md,163,mod_wq.f90:1266,EFDC/Eutrophication/mod_wq.f90,1266,1266,IDENTICAL,REVIEW_ONLY/UPDATE_REQUIRED
models/EFDC/source-analysis/efdc_water_quality.md,164,mod_diagen.f90:160,EFDC/Eutrophication/mod_diagen.f90,160,160,IDENTICAL,REVIEW_ONLY/UPDATE_REQUIRED
models/EFDC/source-analysis/efdc_water_quality.md,165,"mod_wq.f90:1707, 1756",EFDC/Eutrophication/mod_wq.f90,"1707,1756","1707,1756",IDENTICAL,REVIEW_ONLY/UPDATE_REQUIRED
models/EFDC/source-analysis/efdc_water_quality.md,170,mod_wq.f90:396-472,EFDC/Eutrophication/mod_wq.f90,396-472,396-472,IDENTICAL,REVIEW_ONLY/UPDATE_REQUIRED
models/EFDC/source-analysis/efdc_water_quality.md,173,mod_wq_vars.f90:77,EFDC/Eutrophication/mod_wq_vars.f90,77,77,IDENTICAL,REVIEW_ONLY/UPDATE_REQUIRED
models/EFDC/source-analysis/efdc_water_quality.md,178,mod_wq.f90:1219,EFDC/Eutrophication/mod_wq.f90,1219,1219,IDENTICAL,REVIEW_ONLY/UPDATE_REQUIRED
models/EFDC/source-analysis/efdc_wetdry.md,19,"input.f90:264-293, 548-570",EFDC/input.f90,"264-293,548-570","269-298,570-592",MOVED,NO_ACTION/REVIEW_ONLY
models/EFDC/source-analysis/efdc_wetdry.md,20,"mod_var_global.f90:60, 841, 1048, 1053",EFDC/mod_var_global.f90,"60,841,1048,1053","60,841,1049,1054",MOVED,NO_ACTION/REVIEW_ONLY
models/EFDC/source-analysis/efdc_wetdry.md,23,"calexp.f90:750, 1104",EFDC/calexp.f90,"750,1104","750,1104",IDENTICAL,NO_ACTION/REVIEW_ONLY
models/EFDC/source-analysis/efdc_wetdry.md,31,input.f90:264,EFDC/input.f90,264,269,MOVED,NO_ACTION/REVIEW_ONLY
models/EFDC/source-analysis/efdc_wetdry.md,34,mod_var_global.f90:841,EFDC/mod_var_global.f90,841,841,IDENTICAL,NO_ACTION/REVIEW_ONLY
models/EFDC/source-analysis/efdc_wetdry.md,40,"calexp.f90:750, 1104",EFDC/calexp.f90,"750,1104","750,1104",IDENTICAL,NO_ACTION/REVIEW_ONLY
models/EFDC/source-analysis/efdc_wetdry.md,45,input.f90:548-570,EFDC/input.f90,548-570,570-592,MOVED,NO_ACTION/REVIEW_ONLY
models/EFDC/source-analysis/efdc_wetdry.md,47,mod_var_global.f90:1048,EFDC/mod_var_global.f90,1048,1049,MOVED,NO_ACTION/REVIEW_ONLY
models/EFDC/source-analysis/efdc_wetdry.md,47,"calpuv9c.f90:899, 935",EFDC/calpuv9c.f90,"899,935","899,935",IDENTICAL,NO_ACTION/REVIEW_ONLY
models/EFDC/source-analysis/efdc_wetdry.md,48,mod_var_global.f90:1053,EFDC/mod_var_global.f90,1053,1054,MOVED,NO_ACTION/REVIEW_ONLY
models/EFDC/source-analysis/efdc_wetdry.md,50,"calpuv9c.f90:905, 912",EFDC/calpuv9c.f90,"905,912","905,912",IDENTICAL,NO_ACTION/REVIEW_ONLY
models/EFDC/source-analysis/efdc_wetdry.md,57,"calpuv9c.f90:1656, 1768",EFDC/calpuv9c.f90,"1656,1768","1656,1768",IDENTICAL,NO_ACTION/REVIEW_ONLY
models/EFDC/source-analysis/efdc_wetdry.md,64,"calpuv9c.f90:1277, 1284, 1292, 1300",EFDC/calpuv9c.f90,"1277,1284,1292,1300","1277,1284,1292,1300",IDENTICAL,NO_ACTION/REVIEW_ONLY
models/EFDC/source-analysis/efdc_wetdry.md,70,calexp.f90:750,EFDC/calexp.f90,750,750,IDENTICAL,NO_ACTION/REVIEW_ONLY
models/EFDC/source-analysis/efdc_wetdry.md,71,"calpuv9c.f90:1462, 1521, 1843",EFDC/calpuv9c.f90,"1462,1521,1843","1462,1521,1843",IDENTICAL,NO_ACTION/REVIEW_ONLY
models/EFDC/source-analysis/efdc_wetdry.md,78,mod_var_global.f90:72,EFDC/mod_var_global.f90,72,72,IDENTICAL,NO_ACTION/REVIEW_ONLY
models/EFDC/source-analysis/efdc_wetdry.md,89,"calpuv9c.f90:607, 609",EFDC/calpuv9c.f90,"607,609","607,609",IDENTICAL,NO_ACTION/REVIEW_ONLY
models/EFDC/source-analysis/efdc_wetdry.md,103,calpuv9c.f90:1466,EFDC/calpuv9c.f90,1466,1466,IDENTICAL,NO_ACTION/REVIEW_ONLY
models/EFDC/source-analysis/efdc_wetdry.md,111,"calpuv9c.f90:827, 829, 837",EFDC/calpuv9c.f90,"827,829,837","827,829,837",IDENTICAL,NO_ACTION/REVIEW_ONLY
models/EFDC/source-analysis/efdc_wetdry.md,121,"calpuv9c.f90:138, 146",EFDC/calpuv9c.f90,"138,146","138,146",IDENTICAL,NO_ACTION/REVIEW_ONLY
models/EFDC/source-analysis/efdc_wetdry.md,129,calpuv9c.f90:752,EFDC/calpuv9c.f90,752,752,IDENTICAL,NO_ACTION/REVIEW_ONLY
models/EFDC/source-analysis/sediment/efdc_sediment.md,19,"mod_scaninp.f90:381, 407",EFDC/mod_scaninp.f90,"381,407","381,407",IDENTICAL,REVIEW_ONLY/UPDATE_REQUIRED
models/EFDC/source-analysis/sediment/efdc_sediment.md,20,varalloc.f90:843-1156,EFDC/varalloc.f90,843-1156,843-1156,IDENTICAL,REVIEW_ONLY/UPDATE_REQUIRED
models/EFDC/source-analysis/sediment/efdc_sediment.md,21,SedTran-Original/ssedtox.f90:868-1287,EFDC/SedTran-Original/ssedtox.f90,868-1287,863-1278,MOVED,REVIEW_ONLY/UPDATE_REQUIRED
models/EFDC/source-analysis/sediment/efdc_sediment.md,25,Transport/calconc.f90:188-517,EFDC/Transport/calconc.f90,188-517,191-534,MOVED,REVIEW_ONLY/UPDATE_REQUIRED
models/EFDC/source-analysis/sediment/efdc_sediment.md,26,varinit.f90:319-340,EFDC/varinit.f90,319-340,319-340,IDENTICAL,REVIEW_ONLY/UPDATE_REQUIRED
models/EFDC/source-analysis/sediment/efdc_sediment.md,33,mod_scaninp.f90:381,EFDC/mod_scaninp.f90,381,381,IDENTICAL,REVIEW_ONLY/UPDATE_REQUIRED
models/EFDC/source-analysis/sediment/efdc_sediment.md,35,varalloc.f90:843,EFDC/varalloc.f90,843,843,IDENTICAL,REVIEW_ONLY/UPDATE_REQUIRED
models/EFDC/source-analysis/sediment/efdc_sediment.md,43,SedTran-Original/ssedtox.f90:868-872,EFDC/SedTran-Original/ssedtox.f90,868-872,863-867,MOVED,REVIEW_ONLY/UPDATE_REQUIRED
models/EFDC/source-analysis/sediment/efdc_sediment.md,53,varalloc.f90:1119-1156,EFDC/varalloc.f90,1119-1156,1119-1156,IDENTICAL,REVIEW_ONLY/UPDATE_REQUIRED
models/EFDC/source-analysis/sediment/efdc_sediment.md,166,Transport/calconc.f90:491-504,EFDC/Transport/calconc.f90,491-504,508-521,MOVED,REVIEW_ONLY/UPDATE_REQUIRED
models/EFDC/source-analysis/sediment/efdc_sediment.md,170,SedTran-Original/ssedtox.f90:1117-1128,EFDC/SedTran-Original/ssedtox.f90,1117-1128,1108-1119,MOVED,REVIEW_ONLY/UPDATE_REQUIRED
models/EFDC/source-analysis/sediment/efdc_sediment.md,178,hdmt2t.f90:409-428,EFDC/hdmt2t.f90,409-428,409-428,IDENTICAL,REVIEW_ONLY/UPDATE_REQUIRED
models/EFDC/source-analysis/sediment/efdc_sediment.md,192,Transport/calconc.f90:250-255,EFDC/Transport/calconc.f90,250-255,262-267,MOVED,REVIEW_ONLY/UPDATE_REQUIRED
models/EFDC/source-analysis/sediment/efdc_sediment.md,202,varinit.f90:319-328,EFDC/varinit.f90,319-328,319-328,IDENTICAL,REVIEW_ONLY/UPDATE_REQUIRED
models/EFDC/source-analysis/sediment/efdc_sediment.md,205,Transport/calconc.f90:188-193,EFDC/Transport/calconc.f90,188-193,191-205,REANCHOR_REQUIRED,REVIEW_ONLY/UPDATE_REQUIRED
models/EFDC/source-analysis/sediment/efdc_sedzlj.md,416,calhdmf.f90:246-294,EFDC/calhdmf.f90,246-294,246-294,IDENTICAL,REVIEW_ONLY
concepts/currents/06-model-application.md,46,calexp.f90:571,EFDC/calexp.f90,571,571,IDENTICAL,-
concepts/currents/06-model-application.md,46,calpuv9c.f90:256-257,EFDC/calpuv9c.f90,256-257,256-257,IDENTICAL,-
concepts/currents/06-model-application.md,47,"calpuv9c.f90:693-707, 804-807",EFDC/calpuv9c.f90,"693-707,804-807","693-707,804-807",IDENTICAL,-
concepts/currents/06-model-application.md,103,calpuv9c.f90:693-707,EFDC/calpuv9c.f90,693-707,693-707,IDENTICAL,-
concepts/currents/time-integration-cross-model.md,39,aaefdc.f90:3187-3188,EFDC/aaefdc.f90,3187-3188,3189-3190,MOVED,-
concepts/currents/time-integration-cross-model.md,39,hdmt.f90:1344-1349,EFDC/hdmt.f90,1344-1349,1344-1349,IDENTICAL,-
concepts/currents/time-integration-cross-model.md,39,calpuv9c.f90:693-707,EFDC/calpuv9c.f90,693-707,693-707,IDENTICAL,-
concepts/currents/vertical-mixing-cross-model.md,46,hdmt2t.f90:875-889,EFDC/hdmt2t.f90,875-889,879-893,MOVED,-
concepts/littoral-drift/06-model-application.md,50,ssedtox.f90:868-880,EFDC/SedTran-Original/ssedtox.f90,868-880,863-875,MOVED,-
concepts/littoral-drift/06-model-application.md,80,ssedtox.f90:868-880,EFDC/SedTran-Original/ssedtox.f90,868-880,863-875,MOVED,-
concepts/sediment-transport/06-model-application.md,48,SedTran-Original/ssedtox.f90:868-880,EFDC/SedTran-Original/ssedtox.f90,868-880,863-875,MOVED,-
concepts/sediment-transport/06-model-application.md,52,ssedtox.f90:868-872,EFDC/SedTran-Original/ssedtox.f90,868-872,863-867,MOVED,-
concepts/sediment-transport/06-model-application.md,53,ssedtox.f90:872-874,EFDC/SedTran-Original/ssedtox.f90,872-874,867-869,MOVED,-
concepts/sediment-transport/06-model-application.md,54,ssedtox.f90:878-880,EFDC/SedTran-Original/ssedtox.f90,878-880,873-875,MOVED,-
concepts/sediment-transport/06-model-application.md,63,varalloc.f90:1119-1156,EFDC/varalloc.f90,1119-1156,1119-1156,IDENTICAL,-
concepts/tides/06-model-application.md,74,input.f90:5650-5685,EFDC/input.f90,5650-5685,5801-5836,MOVED,-
concepts/tides/06-model-application.md,75,input.f90:732-754,EFDC/input.f90,732-754,755-778,MOVED,-
