path,bytes,sha256
.gitattributes,2631,910d9ed9e556ef61dae0093166ac25451c838c2e58936939da4ebd5a2ce432ed
.gitignore,876,3245ba656d0b41c75ccab942e7e1ef94e229978084356e8420738b0fe74229dc
CMakeLists.txt,16882,d5d4bbed4de812e74a85b58b63b91b73f9c88ea49b68871ae62a3fd65729865b
EFDC/.gitignore,368,ce39935b6a4bf980d62832880da59bb47e935da56b514ce9ca395e77d6b03266
EFDC/ChemFate/caltox.f90,52688,4152e3f31df6a50cb367412647add40da5ed24b5b291a34f4445078471d8d704
EFDC/ChemFate/caltox_kinetics.f90,9718,cb978efedaa344bee80aebe7d379f892786a8b180f752749f4fa0fc16463275d
EFDC/ChemFate/caltoxb.f90,17949,8546821ff54a0f5c250204428386e64bb5765c98ff2f78f29eb07c5e42e4abc5
EFDC/ChemFate/partmix.f90,5128,2916041229202c970bf336ede3a9e96be12309cc3739ce11df154a57336a7bd4
EFDC/ChemFate/setfpocb.f90,10802,5829d24c7663df2766771db64118e9d72f8e67218b227f453d8fcc5a1dd0acf4
EFDC/Drifter/mod_Variables_MPI_Drifter.f90,3100,5b368469fb7122cc45f067189e4d2571fb26ce17de4bbf8a8fd944a95986bdc3
EFDC/Drifter/mod_drifter.f90,95100,d4f76b452c809a5917c688ef62a4a1b82f5d2a9b7558f108c81e1850d975283b
EFDC/EFDCPlus_MPI_12.4.vfproj,35152,5882f15a15db9c4307c1fec14d879671b0ea86b2c87aa1fc470af345c825afef
EFDC/Eutrophication/mod_biota.f90,43125,b85a210b4847765c0c601ef03ac45c70c2308572e322a8264d1a9972f22c75e0
EFDC/Eutrophication/mod_diagen.f90,57614,07b9f67326eff92045de6cf5c56b170285051f9e681070c0a6ba001e96db8a16
EFDC/Eutrophication/mod_rpem.f90,84207,22c403054db997b98004bde257c8feef67d12fdfd166ee21e8561a983781da15
EFDC/Eutrophication/mod_shellfish.f90,35412,42df3eba0c1c8607ad32a008830808905fd5df03cd0725bc04714f56032a7f3f
EFDC/Eutrophication/mod_wq.f90,226410,a0c65272585ad35ef15da33220817de63f98b5139eae62507690beb055178c53
EFDC/Eutrophication/mod_wq_vars.f90,64851,cf381ef5dd2518d9a18b5d9eb925014e1f0e0cce54601865e05bef6e66a7068d
EFDC/Eutrophication/mod_zoopl.f90,26487,ff632ee4a62d2b7b6418ace0ab0ee61942cfb35846e969aad9ffec39d2e6c23b
EFDC/Eutrophication/wwqnc.f90,1664,231b3ddf48d52359a1681b54706446e272b7d848981586570d886c41cb360d95
EFDC/GOTM_Turbulence/algebraiclength.F90,8841,768e51412ab781c825bc104f4fb9ed0bd84ae71e5a44e0d26255da9b674ed14d
EFDC/GOTM_Turbulence/alpha_mnb.F90,1731,310e888631fe0d226205e6491cf291a2596496205337b2b3af858dab9806a5a4
EFDC/GOTM_Turbulence/cmue_a.F90,7384,c93524eea5c7ac1ce419646e2ee764d01c8df2ccec2f2ed917e7b26e0cad5308
EFDC/GOTM_Turbulence/cmue_b.F90,3533,fb0bd3ecdcf8251508b3caea6b4ff929cfb1da318e9033a541d94c2fae5b4078
EFDC/GOTM_Turbulence/cmue_c.F90,7374,803ded8660b2382e0fac1c304c283a63eb70977dfeb6e51c5d5d1afa95c1d041
EFDC/GOTM_Turbulence/cmue_d.F90,5588,4c8106268772d197a4be2ad2df1e075d72785e6619d21b69ffa15f3d0e86fbc1
EFDC/GOTM_Turbulence/cmue_ma.F90,2016,b4ed0d231b609bbfa8e200ba049534caec3b25454bdc234d00fc6548af354688
EFDC/GOTM_Turbulence/cmue_rf.F90,2568,f70dd557f26a765ef7e855a9b237b49221ac3ce7874890690fce447281d568d7
EFDC/GOTM_Turbulence/cmue_sg.F90,2135,baf018f602b27cf03675f6079535af36bff1c748f9c135dde3001f62e18b7116
EFDC/GOTM_Turbulence/compute_cpsi3.F90,3917,e0eeab506e189c39c315e960b27781c0a567ce702faf25bc430ba4d3b33a452a
EFDC/GOTM_Turbulence/compute_rist.F90,8419,f0f37ac4578bb8511c67b730922d8d2b5b26e53689e2e1a4611ca847359d1dd1
EFDC/GOTM_Turbulence/cppdefs.h,1944,ae375c844d92a2eabe9d2291958128b4c630428f3ed4f4f95fe5abb200d09099
EFDC/GOTM_Turbulence/dissipationeq.F90,7613,3e7ec4eaa30e7e7d1ef91da22d83dd6c062bd26d1f18071fd59868839c837003
EFDC/GOTM_Turbulence/epsbalgebraic.F90,1675,1916af18ae83be21a44348136bada8b88a843cca6104062392c397462259b01c
EFDC/GOTM_Turbulence/fk_craig.F90,1066,268b31fd894c8d361f33bebf60d626de88afa9700f31694ecf1dd4cc130bca0a
EFDC/GOTM_Turbulence/genericeq.F90,10554,a6dd145bee9dae12ceade155c52fa07194fffd9c667cd40a4d5d2d86c9a81901
EFDC/GOTM_Turbulence/gotm_lib_version.F90,875,70a39c262193c1ba4b6f87372668b7073599192eef51866e040e2037c6fad87b
EFDC/GOTM_Turbulence/internal_wave.F90,3353,71e40aa6d9a6798b28b3b9d1b3c0ce803dd837eb4d22c43f6da1ec0cf4673603
EFDC/GOTM_Turbulence/ispralength.F90,4737,40bcbbe0d03b08e019d625f439f7086220fd93a4cf4cc28df94380769067e5c2
EFDC/GOTM_Turbulence/kbalgebraic.F90,1733,2e1aac327f8d90f8c4c1f58f65a5c62258109a858bf9516d8245e927f1cbe8be
EFDC/GOTM_Turbulence/kbeq.F90,4387,713ae2808950a47e98f7ed19da0f08ec9f8feadd8b0244eb360bcd64632b5194
EFDC/GOTM_Turbulence/lengthscaleeq.F90,8650,df7255e5ba8a7f53f681247ab41d185553b9b2ba8632a01675be1ff67b35cc2d
EFDC/GOTM_Turbulence/mod_gotm.f90,12246,7c18dd07f7148448878929b68f49e2770e653ed3512ca119243f6b65689eb577
EFDC/GOTM_Turbulence/mod_gsw.f90,24445,fb040bf9c4f8a25c71335215f6f4942e749730f5c5515f6bb87b26d6f5c7cf64
EFDC/GOTM_Turbulence/mod_turbulence.F90,159302,333143436205bc216789af4b10393ce184cfb71fe205b35c9f0cf994a5ee5205
EFDC/GOTM_Turbulence/potentialml.F90,5989,9bf7b58bbab235ef5f9abe0416923620a4256939a9750d44e6677cdd2b695e78
EFDC/GOTM_Turbulence/production.F90,3640,579088c5c95c96aa5ec11b13a146b257672a350a06e3fb8c53a56d4f36a59a5a
EFDC/GOTM_Turbulence/q2over2eq.F90,4714,e6a893db705a43c489a8776211f7be5b0aa622fe8707415aa9e517bd9c385c10
EFDC/GOTM_Turbulence/r_ratio.F90,922,651ef722588f452938c66df1b16412fcd7c86fdccdd7ee9fd2c22dbbbc487723
EFDC/GOTM_Turbulence/tkealgebraic.F90,3086,73f1714477ddad5905d3a3116c6424d3a0386c376260b1e1a04a1dcd8c4a8ce4
EFDC/GOTM_Turbulence/tkeeq.F90,5516,44ab875af9bd91ac802523ac52c89f5567deb7d29c2a58296785fc2f4bcb1338
EFDC/GOTM_Turbulence/variances.F90,3237,97389c60f4c72ca422c7e8c2dfd354965f1dde505c3e0383d5a44dfe9af54d23
EFDC/GOTM_Util/adv_center.F90,14353,94e08d87f327b4ce1d6af9dec53c4d1960a4bae08381610dfc4585e5dbfd64cd
EFDC/GOTM_Util/convert_fluxes.F90,2858,db47d7a16817f0e3503c04e7f955224230a8ce38afd5c217bb1475ae3dbd701d
EFDC/GOTM_Util/cppdefs.h,1944,ae375c844d92a2eabe9d2291958128b4c630428f3ed4f4f95fe5abb200d09099
EFDC/GOTM_Util/diff_center.F90,6491,7da826d6536b27cff54438e8bad39d9c33cee0082def2c20be585da12bcac5c0
EFDC/GOTM_Util/diff_face.F90,3989,599b54d29ba982909cd28c5aef6a5732b5cb1df8da244899a10bc05dec98c2f3
EFDC/GOTM_Util/gridinterpol.F90,2168,0d278020ad6dc3625739e302e5f8b268b9472d4fe5ac2aac8505442ad0b856e8
EFDC/GOTM_Util/lagrange.F90,4224,e8607a6dde9fa6e62664830133d9042ef5ff91e009275930cbe892359839259b
EFDC/GOTM_Util/mod_compilation.F90,193,414e2966ceb3e6ee38e1720f65c004964a0b91900dcf21274ad64946a6a61ae4
EFDC/GOTM_Util/mod_eqstate.F90,18131,a60d07bcb78d04981f3ac61d176b0e6ebb0c1a8347e780ef64fa4e44b44f5574
EFDC/GOTM_Util/mod_gotm_version.F90,152,ceda8a161d8da7b81a520ab470ef9389525fcb72e38f1ef62099ab9347bb0dde
EFDC/GOTM_Util/mod_time.F90,14147,66c218b4510967879f78dbdbb1a879463338774ef023d4ee175ec33daa180e36
EFDC/GOTM_Util/mod_tridiagonal.F90,4663,9003e7dc2217ed1d3cc29979f024c15a8debbb20140ebbb2645a332a865b566e
EFDC/GOTM_Util/mod_util.F90,2009,e7893ae27c4af275eaf903abffc3ec6eba84aa677494b2124e08dea4d74f4065
EFDC/GOTM_Util/ode_solvers.F90,42503,29f3082e5bc19add6b55b17f24580e7864c9b1fca9c714bc1db7d130905fcfe8
EFDC/GOTM_Util/ode_solvers_template.F90,33827,cc9d953ce415a9f0aedc570bd6c1357e900fdc9f5cbd6c41e853b304c0bafd16
EFDC/GOTM_Yaml/mod_yaml.f90,11413,93be2d11dc0af2f46d865d50b76212dcfb9d9782d0e8ea4e7a40f142488f25df
EFDC/GOTM_Yaml/mod_yaml_settings.f90,73517,eb47fc6b7290754cd728a4264bf6ed6b8c37c5b079750a9717116791c1947dfc
EFDC/GOTM_Yaml/mod_yaml_types.f90,19671,30cb6b708c6493b98fcdab63e2ef49fec8800e0968a17dfecb85dd222b8c4469
EFDC/JSON_Reader/mod_fson.f90,19120,655ab39bac72681621cccfb80291cb2ebf7bc60a6996e02e6a3c9cf485b2c1fd
EFDC/JSON_Reader/mod_fson_path.f90,24607,e113d52500fa838b8250d14127d3b2979f959bcef6eda8b72c0f3c0836144dd4
EFDC/JSON_Reader/mod_fson_string.f90,6945,aae41f16577ad45fd3f161bda442be809ba45bc58ca6dc7bbf911c1dcb07e136
EFDC/JSON_Reader/mod_fson_value.f90,9402,626cc62621b7b212059f8046b616f044a1c9900407252806477202770d145bfc
EFDC/Linkages/ceqicm.f90,21436,e84c05d59d3da5a6b20c5c2af7502e74269c4f7dfd3e3f875eb3efda0c13482c
EFDC/Linkages/foodchain.f90,20094,e75d303342d5ba28b9cc3919cf80448f606a65a02bec84b886e653640dc94afa
EFDC/Linkages/mod_efdcout.f90,94608,7895d6ed97e12162edef99a9fca3a4fdc37b1d37080477c4d07fc9ce6e2c4df2
EFDC/Linkages/mod_hifreqout.f90,13345,a0ee1f758422a5bbd4fde22fe310aa25de0f88ebc9b14d989d1c5cfe29b0504d
EFDC/Linkages/wasp4.f90,17304,e68d5d37452da7932f618a778bbaac4bdf3729dbe247841185dc3ebe774dbfab
EFDC/Linkages/wasp5.f90,22485,c48f6c925cd9c8dde102594f567b771101722656433a2bad0b0868f40ed75a3a
EFDC/Linkages/wasp6.f90,30909,082d0187501f40a003a048ed64c707ebf866317c85db1fcb8792dbf0cc2cb302
EFDC/Linkages/wasp7.f90,33235,599f7aa729ac5cd2a7c77643095d045c015b8fdfb4e3e3b741487f573611acc5
EFDC/Linkages/wasp7hydro.f90,66112,79d2487ba72d845a0dd2c84fe7ad9082f27e27cddc05b850d0d278483d8cde54
EFDC/Linkages/wasp8hydro.f90,54239,f9179594493bd7655567ad8586590abec2089c310524b950e14dfaf5ff805631
EFDC/MPI_Communication/Communicate_3D_0.f90,13554,0911fed719ca3ee9a9d548558b71eb9c51657b0e9e99ca96507d47002f23437e
EFDC/MPI_Communication/Communicate_Groups.f90,75769,e58bc7caa31801667d8d9f166420cc670d118e53bd72314e0d053d28218baa27
EFDC/MPI_Communication/Communicate_W.f90,7420,c21c5763131bef113e348a59952a5cebd30b20e5920e1c1d1a9b2577ad0a7696
EFDC/MPI_Communication/Mod_Broadcast_Routines.f90,28835,f51454e6aae02cd84c6ba8baf78b5659fd86d1a377fe567f3de6c9f7e1b0c0b7
EFDC/MPI_Communication/Mod_Gather_Drifter.f90,6059,0c79b0a37e3a97008e1a9f54a46e8fe4c03921ea50244d28e66a04db4f8bd736
EFDC/MPI_Communication/Mod_Gather_Soln.f90,26967,ed2bdc31076b403c4ef4acef1f91b578aad4400a642768aa314a9b3e24ca0f10
EFDC/MPI_Communication/Mod_SEND_RECV.f90,3599,2888e2a902c0e8e217d2ae14e2a11c0c861a6fb097d0d95df8884def567c5a91
EFDC/MPI_Communication/mod_Communicate_Drifters.f90,18459,db94c5ea2e16a203812ebc875d7513ac4b87811b1aea5afd9d3d068ffdeffa2d
EFDC/MPI_Communication/mod_Communicate_Ghost_Routines.f90,86301,4e2afaeba393415de1fc7337fad30fc779e5a40836082c52eac524c007918027
EFDC/MPI_Communication/mod_allreduce.f90,10023,1a69cc0fc32c7f5856f23077378182f0cd279fef5aa0a4f20a05d85a8ae0e116
EFDC/MPI_Domain_Decomp/Allocate_Domain_Decomp.f90,18588,804c1bd03ae7ca50eef1cecc7e860a79a6abebb0a2bba6f9aaae13586f89039b
EFDC/MPI_Domain_Decomp/Child_Grid.f90,2450,f446c7d6f93a4d8bdaaba9056e7fab44ba5c25e42084b2617b6551cc096c3ae9
EFDC/MPI_Domain_Decomp/Congrad_MPI.f90,5499,9cdcd8d2ba9f9b9be958853ffb7848375dcf26f07fc25c9567ea4252a2dcc9fe
EFDC/MPI_Domain_Decomp/Parent_Grid.f90,2190,13cef7c498101f8c99fc8b40c827ed291382dfbf480a30afa944ad443d2f13ae
EFDC/MPI_Domain_Decomp/Read_JSON_Decomp.f90,3498,8e3b8c965aa6191a1c18c90b3bbcb3aef8bf7956225be6701e23c855896d7c9b
EFDC/MPI_Domain_Decomp/Scan_Cell.f90,7324,e661a1d02716bd6af0d2d85b0a7bda5fc12bd2a4ff2a6953a888aa04ac6b357b
EFDC/MPI_Domain_Decomp/Scan_JSON_Decomp.f90,4132,ce21e3ab5e02549d1e4fad00bb53a99ebeadd2e678ce8d479e62af4f14d7b978
EFDC/MPI_Mapping/Calculate_Local_Shear.f90,2403,5f14c8a6a963ba2a662bb05458ac314041f9b911820bbf79c119d7e586b0a26d
EFDC/MPI_Mapping/Create_List_No_Ghost_Cells.f90,1690,15afd3e7455693e33628d423d24a39fe9b8603fdaddd6056e4eb8fd8b8a91646
EFDC/MPI_Mapping/Global_Mapping_Routines.f90,69882,159b88a95e2b3b2b31aece532ce9cff716c62c30059390cf63318c743feec525
EFDC/MPI_Mapping/Map_Connectors.f90,8352,7caa339b84d6086b01d41e6ebbdfb5ecb309b25800afd01ec625333b3eda1ecb
EFDC/MPI_Mapping/Map_Discharge_BCs.f90,18751,b713c21722026812a29d7d7bcdce7b9cd021c51106a0ddf541f3d1b587faa403
EFDC/MPI_Mapping/Map_OpenBC_Conc.f90,17491,8f4472d376099709cc53d10fd6a5fae6d20a5ef53f08ba7a9bf294b90a353155
EFDC/MPI_Mapping/Map_OpenBC_Pressure.f90,4844,bb6d4beb4a326811e8a4310c39c65e99bff3a97de7f3831abfdd0a8bbe824acb
EFDC/MPI_Mapping/Mod_Assign_Loc_Glob_For_Write.f90,16313,3c7d9656e7fb9f9ab054890188e006b809d287aeb3c38a78fb10e480163e0c39
EFDC/MPI_Mapping/Mod_Map_Gather_Sort.f90,26629,17975ccd75fff048d435f8e2cb09411ca0e5efe5ad930b5bc18261d855b94061
EFDC/MPI_Mapping/Mod_Map_Global_to_Local.f90,12374,b6897c94c3a98cf8e8cbcd781c43f302bee575a42d79b4679f0663e993ca07d4
EFDC/MPI_Mapping/Mod_Map_Soln.f90,33156,33d00463e106d74012f34f164d72858b7e5f18fa6e359ec5d4207007ebfe7eee
EFDC/MPI_Mapping/Mod_Sort_Global_Soln.f90,18481,e4d6e7fb33c4383beec8eca3a81025819270f208428962129987f7e0279c0c64
EFDC/MPI_Mapping/ReMap_RSSBC.f90,4830,feda3dbf1bbc89e562bc5eb227cd9a6666e5887fb6d906954c7c479446756172
EFDC/MPI_Mapping/Setup_Local_to_Global.f90,9753,a2ea49b4ff6225c26ab7482d251e5f79243a44577bf2edf5619a7d411b09b220
EFDC/MPI_Mapping/Setup_MapBackToGlobal.f90,1403,44aad5967e7348a7cabd932b7e07bdf300e35b05456041c72d62f66f2d691dcf
EFDC/MPI_Out/FormatOutputMPI.f90,1144,fb653deb87a91c38a612bbee7b04393afb5ce7bf7fd6c0c9414731ee9526a1c3
EFDC/MPI_Out/Mod_Map_Write_EE_Binary.f90,34536,fdb6e468320e33fe5942b0748cd75eae7adf3a7b330608c441628946e79aa629
EFDC/MPI_Out/Mod_Map_Write_NetCDF.f90,18758,4491b9f7f2860ba8e5da48a47e843bdaf039e4069acc54c64b0980a1566b806f
EFDC/MPI_Out/Mod_Write_Cell_Map_.f90,5474,44f4f24b046586c4107ca8250a8e7e9adf8d53b3d78d3f51d12331a910c2b3e7
EFDC/MPI_Out/WriteCellMapLogging.f90,1582,abfde9f8fc3577e34e918fb84c9c396c6432818d42305c140e0720b8240b3e23
EFDC/MPI_Out/Write_Array_Sizes.f90,8454,a1055622cdc7fe17acbfe9f07368f2fe9a514aa587b7b842fc36e7340625617d
EFDC/MPI_Utilities/Initialize_MPI.f90,2804,06a30d936264dee4b849c1d8efef6da2dbc26e894d26886fe69012ff659c8052
EFDC/MPI_Utilities/Mod_MPI_Helper_Functions.f90,7485,a807bcbde25370b48824ea6bb2dabbf0ce10c1fd881f3dad8620e179001d56ab
EFDC/MPI_Utilities/Report_Max_Min_Timing.f90,3661,a519e112838df31f2f9f8bcc5506016e90cac08b4ad23d3f93453dc69b243004
EFDC/MPI_Utilities/Setup_MPI_Debug_File.f90,3902,0b75a5737077701b1f5698125ba83e1024e98debfc42b3d867cb1d873205dd19
EFDC/MPI_Utilities/Setup_MPI_Topology.f90,7439,3342511f0dc3b4f8dbe9f03e91e6f31a2aa21e66a15dbcf10cc87ba4b0339c7a
EFDC/MPI_Utilities/Task_Division.f90,7071,b9ee59c0690857f0125386ea012eb9da754a8568dd57b7ba8fe1c67693f2e1e1
EFDC/MPI_Utilities/mod_Variables_MPI.f90,12169,c5e828bfa650660c0e9563a3051652305fa6f56aa5612a132fda9973e35f6bde
EFDC/MPI_Utilities/mod_Variables_MPI_Concentration.f90,2302,d70377cf5004d8b67a38dec102577d8bddca5455fcb08f872d2798260e2859df
EFDC/MPI_Utilities/mod_Variables_MPI_MapGatherSort.f90,4876,e35abf24cd9882bca13f63709535819a042aa925990e54bcee2187c72541fa0c
EFDC/MPI_Utilities/mod_Variables_MPI_Mapping.f90,8119,8173377a1fe9c2947b63ea179f22be7b88293a188d7bf428cc8907862fb779ad
EFDC/MPI_Utilities/mod_Variables_MPI_Write_Out.f90,13522,98ba01bcc058bb391e75f46c548473dfabc66db4ca7926a7107c4f86b55200a0
EFDC/Post_Processing/calmmt.f90,22452,83b59a7a652b8ede612bb66533733563e4f7e1215b67da377d521f594b89f99a
EFDC/Post_Processing/rsalplth.f90,9143,8343ca24cddc4d1cfc170f4b41e219f55ef23ac3d4d560f5c0ac78bb376ca714
EFDC/Post_Processing/svbksb.f90,1155,808037f40c3613d86a52035ea94252d7f593e34027db87a4da9e7eed03622f71
EFDC/Post_Processing/svdcmp.f90,5940,708bd7d563f8b2a6b0c6d4d6ef1b9b996aaa80175794c955e6105ae72e8fc9c0
EFDC/Propwash/Calc_Prop_Erosion.f90,28335,477ff8356ea090bb82c7c3d0650ce7f7359ee407d0713672484dc55822053386
EFDC/Propwash/Det_Adjacent_Cells.f90,1781,fd56f15154ef596d8a97d3961f8b75b02c968b5bcbbc2586ea55597e20c6e82c
EFDC/Propwash/Mod_Active_Ship.f90,50285,bcb4791dcef34cfe0edd5c99fe75281a90c7b0a6d12b95e818d6992147db344f
EFDC/Propwash/Mod_All_Ship_Tracks.f90,697,8624574966857f907a76ca62e9f14e3333842605137dfdb8e79683fda94d3108
EFDC/Propwash/Mod_All_Tracks.f90,2903,70355c85b400607b2f07d92e517bc2c94b1c15efd92e2d536ab1f1b4a626b36a
EFDC/Propwash/Mod_Erosive_Flux.f90,1332,60d82d388b9ceb93002d117cb4f1d43cb869b425b4629cb856c9c0722972245a
EFDC/Propwash/Mod_Mesh.f90,1331,95e1de465c8fd70fd31d678128d7c6b48b4721d42155d68bc2663bba548d11c9
EFDC/Propwash/Mod_Position.f90,2676,0da21d20dc61bf2a1127dd5a84c8e5e53a63211d02091dce41f1301c18cb9567
EFDC/Propwash/Mod_Position_Cell.f90,4432,d6a0b8e7d1c1bf75b1af5a04cdd29ca1fa34594648e4c8e72e39d3e45303b5b2
EFDC/Propwash/Mod_Position_Elev.f90,915,8a24d4c78ded618cf268f6e6afae235aae047756bd110564f54c9f9a70e68742
EFDC/Propwash/Mod_Read_Propwash.f90,22458,cb32dbb9078540414dc6943e1f3954ee969309dff926af84310503e4e43c91e4
EFDC/Propwash/Mod_Ship.f90,5988,1415cc24ce4e47d762a2f0841b646c9b5a8d2e4c4332ee8d85aef683e182e686
EFDC/Propwash/Propwash_Calc_Sequence.f90,4681,17ebad89b31ccbb4ef1b5654f40b8c46df2a70878864be7be7103a5d05e833f1
EFDC/Propwash/mod_Setup_Ships.f90,12005,846ce3de920e43cca865fed41132b0c763f6b26622509b23ffe0d8429ec36e09
EFDC/Propwash/mod_Variables_Propwash.f90,4728,dec4594e6a62dec437dfb96e1d73bfa9c7f76916e1986e91900756717f267f2c
EFDC/Propwash/mod_Variables_Ship.f90,860,619b7293579a590c1993e17ebc4f0ee577c0773626070b3155c397f870bc824d
EFDC/SedTran-Original/bankerosed.f90,8589,94861c9318f8a0673a44b193415a13be94750cee39119a85ba6510a2cbdad82e
EFDC/SedTran-Original/bedinit.f90,42302,db7d2aa6c2cfc4f0c9573665f4cdeb66a5c4c2d05b2d8ed39e70cfd6f35aec68
EFDC/SedTran-Original/bedload.f90,17699,de0fb33a4833914cebf9afa07b80dcbba22af1a441f2e0d85a79d3efb0aa0d2c
EFDC/SedTran-Original/calbed.f90,8535,2714f0457fcd3c32854f022c0c0c74c5c9bcee1d43a5650c56db8f3fa0db6e88
EFDC/SedTran-Original/calblay.f90,27443,131c02d24f893aee9d3e53014a8fb12b06307ac9c394dfc846fb2e300a41e2da
EFDC/SedTran-Original/calsed.f90,21215,bae3fae0c8fc739f778c4b7236500bbf5e8c27d14271148d30fc705bb46811e3
EFDC/SedTran-Original/calsnd.f90,31891,c14af4087ba1bc2bccc47d3a67928ffb5cb8da31259b1cd0c987d558cea46051
EFDC/SedTran-Original/csedresb.f90,1418,a600608a1739007fcbdf8eea8805dc0875712d98b366f9c1e17755766d7f191f
EFDC/SedTran-Original/csedress.f90,2009,876f1c093e67c586bae97c9aa2d94fc12509a970bbe94d53e147267aeeafe2d7
EFDC/SedTran-Original/csedset.f90,4250,33b59e3d33b691249d5eeffb68aae13f1ffed2db4b43d9f5e4c5c71f02a34726
EFDC/SedTran-Original/csedtaub.f90,1678,21f98b2d881e05b58e96ca94c9b44a4e4182bce431829a80926d61f27a08b0f3
EFDC/SedTran-Original/csedtaus.f90,4457,3c76c33535bc69603c636f9f300f540ed6d0b106e01cbce72e9e4a1f9f6e307f
EFDC/SedTran-Original/csndeqc.f90,4560,712b26eaa922591d1f32191fef2dd0f5d5dac9153ceef8f317e0713926fc4660
EFDC/SedTran-Original/csndset.f90,712,9ed7abc9374a70620822df01b722b433922584a1d77f7e00eb8bf9ebf11add27
EFDC/SedTran-Original/csndzeq.f90,2566,d859e6bdef8a8f5f798ebc1a1880b0c6cb32ff7fc104dcaa7b5dfee467534df1
EFDC/SedTran-Original/fprobdep.f90,1676,f8d5c71b6651a6de6bcb5a1e5606f511061b652a1edf6c0ccd4de0cc61373bb8
EFDC/SedTran-Original/fsbdld.f90,1767,e526b2b000682f7486061109139cd1cbe671b07509694378dbebb2cab5018e44
EFDC/SedTran-Original/fsedmode.f90,2464,1ee3ccd370812d89a8c15624dba85e49a9929c4a33144b75ca1a530a4ace542a
EFDC/SedTran-Original/setshld.f90,1235,3dfd60ac081bf1bfd051023edc181dab76370baaeeb8e372e36cfab9d5b2e719
EFDC/SedTran-Original/setstvel.f90,1011,674211839621e55d04d7378e5e654f350386c37ee99c8df0d3a1bdfad9e048fc
EFDC/SedTran-Original/ssedtox.f90,54091,90a304cb71f208200b2446223ac8f003515ab78346ed96eb98eb1f3b2e02d3f6
EFDC/SedTran-SEDZLJ/s_bedload.f90,10993,f652191a58d6c6a602ed5b1abe4af6e52de3e0b2ea7e382e7534ac1c23dca800
EFDC/SedTran-SEDZLJ/s_main.f90,12909,06ce52088d0fc9514dd064b2714b8e3e5765dcd601d58502a1ab210b566a47c7
EFDC/SedTran-SEDZLJ/s_sedic.f90,28268,c661daf5bf062b9c803fbbd0f760729d7b09912c220d08179e741ee54c3be82f
EFDC/SedTran-SEDZLJ/s_sedzlj.f90,49177,64dc84b8d55b423f9eb1d707969f2c841c297e88d5ca1cb2a38473a110a00322
EFDC/SedTran-SEDZLJ/s_shear.f90,14059,32d22b88ebdefc42f5a0bc9a688a5a64d72e707f6b58e9f184a6625de9e2652c
EFDC/SedTran-SEDZLJ/s_slope.f90,5734,114d50ba339a40f73ef13194f3c9742f3d50a374c6a2e1613b40113666f3b495
EFDC/SedTran-SEDZLJ/s_tecplot.f90,15108,6d4507559dd68213cf8a93fdd3d0de713207aae76240d6ab034111cc3b1125f0
EFDC/SedTran-SEDZLJ/varzerosnl.f90,1285,8f0e5343b663665160adb5b00e80d288b030a193c763d11f3c7c92c258bea39a
EFDC/Transport/calconc.f90,15902,00a9faf71d4f211eec673197699e7db0b89eb1e7c5a2724a961de4bcb9b64026
EFDC/Transport/caldiff.f90,2515,dadd333f0e02c44f86a14d5d2751f77b88385cd1a7c520e94b56e2b916b565d0
EFDC/Transport/caldye.f90,4705,48df6a60d5945a60aa4e8bd200f83a040c4d08d01f3632482a784dd29ad5d801
EFDC/Transport/calfqc.f90,18460,cad3a0576c1468e862c7e980ff72239f965329213d1679cfa38a80793c3f213b
EFDC/Transport/calqvs.f90,66666,f1223533b381b612411659b23a6e83ca5e894e04407523c8e37491686583a300
EFDC/Transport/calsft.f90,8382,9812d77be290a1b62c66636e99cc9c98f45f02e70d136c30b9c9685f94fe24e5
EFDC/Transport/caltran.f90,11640,348f5692db52338f252ffc95ba40c5f69766ff0558057286798a4e514ecc514a
EFDC/Transport/caltran_ad.f90,11661,302f5661049ca3ab5c3f72fd15baa76a97bfc7f95d0488e6abb8182723ae8ecc
EFDC/Transport/caltranice.f90,7741,917044e1cf1d13214a807dae3c94020a4df9fa0aa6ac291eebf7181435ea5687
EFDC/Transport/calvolterm.f90,7171,ed23fec10055641e43c15c6afea8ed42eae7cec0898d63decd3456308806612e
EFDC/Transport/coare36.f90,26003,970772be08778ecbd52106d5756e24d581adecc9cae12b86aa4925d55aa1b7ed
EFDC/Transport/mod_calcser.f90,9293,ba2037a79bc99eb3d7ead27559212bcff0608cfc08bc788cb02ba83de05998e7
EFDC/Transport/mod_diffuser.f90,70498,355ffb9d6b3c0d11decca4b1a495f9de4d35ed62f7d5fa39ea90a912fdcfd145
EFDC/Transport/mod_heat.f90,61392,4176ba3533d25858e3b9cbe9579d263ee02d8a2d144b8769e4b23a9929423ce8
EFDC/Utilities/dstime.f90,2401,30939f4fe92887bb00c7f9691ca2a6983f7e062630c29a07c225f6eb237f5d3e
EFDC/Utilities/linspace.f90,1700,da9c36aacfe2a7c30cf912933fc3b9af4b8b241739fe1685454525c726b16ff4
EFDC/Utilities/mod_allocate.f90,8167,ec002485096f896aa1e45b231562c031acd0555f923246f708e968d48ee2ef38
EFDC/Utilities/mod_convertwgs84.f90,4548,981f05a2e0ba0030adf7bb17179a0d454d89de734137eed9911041f3573671b0
EFDC/Utilities/mod_info.f90,2412,929b4818ee072e4b8f90ba3b4b5676c9732073bcb2ae90d8db479840f96a34bf
EFDC/Utilities/mod_julian.f90,3237,c86bb9905058555c621b36803860fecb014184f5395d1f08ab63af56184bb592
EFDC/Utilities/mod_xyijconv.f90,14487,9d1f4facd799eaea005d01c86520c2c3acd89266bf2db4bccb004ee32aca5cd8
EFDC/Utilities/seek.f90,1712,352ee1478c2cb6d285ce1ff5d3a0898a44f349e98405eec1deedd4d18c76cc4d
EFDC/Waves/mod_getswan.f90,13862,8308338e46b1ae7d300a299813c1037118c7187e0072ff7ba304e408a9cfb58a
EFDC/Waves/mod_wavelength.f90,2525,c434d151b612606b948c46aed1213b88a431a6ec423cf4e69da693c634633440
EFDC/Waves/mod_windwave.f90,34157,b3e77186654856eca9439a30c545fa6926d33712020247c1201b1fa13335ad82
EFDC/Waves/wavebl.f90,7726,ad8d8db5232e81c4efc9160d1c0946462c9533bf10f804770ddf99e4639065d0
EFDC/Waves/wavesxy.f90,22496,ba7cadb7d1832d1f4be42fe7ea7d9bd9f2163fc95164fc515515ae4e2556affe
EFDC/aaefdc.f90,116022,41b93cabcabf96788006d9c197e945d8d4b314cb4be1edafb66c37f7caebe61a
EFDC/ainit.f90,8618,db9a6a02f9285b335144ba45c70f7da43bb34ae034108dcf8ee2736721ca7082
EFDC/calavb.f90,12469,af0dea0068b5052d2e3fd8f2752627f722c67339528a1402187f15768811a642
EFDC/calbuoy.f90,8514,02d117dcf2bb59259c454641e152ce550354f6d6c2393670482951958a03e209
EFDC/calebi.f90,14809,fa06be30dc28e46a8af90ea51409ade716196081a447206af165953dc9fef147
EFDC/calexp.f90,50276,619fdd0b7747be2f963f5c8434a2178c6a6dcfe1ad50d7bb2fb97ad703698f3c
EFDC/calexp2t.f90,51760,c6faf6a88df484a7b8f05e00cddb292746e123a2bee080de954ba949036ace38
EFDC/calhdmf.f90,13334,c2f1bed5523b22474a04bc727ef52a40e4b1229597e96ec1c196327679ece6b6
EFDC/calhdmf3.f90,11265,4709546c7a532b6d7ead52bd79aa56972e33c86650cd44ffa12cf3ca83a441b4
EFDC/calpnhs.f90,6396,5d9345948100e9a208861bbaebd011b2f87cc8354a0b2ed7db0270f4b8e8edf0
EFDC/calpser.f90,2516,f7dfc7bb560a80d3e6d941020d8f5135a0cd1e930a4e7c1c03e4f97236299935
EFDC/calpuv2c.f90,59726,7a67f3a60194b5804623d1a3ccffc352e1c2ae432b64c6c2de7696c2a7db47fa
EFDC/calpuv9c.f90,59360,e926e62d28c3e7b77e380a04d1d399db858405a5abed0d43553f904f08ec1bdc
EFDC/calqq1.f90,21675,af5b914c24a68fa2866cdf07e05694a7b8324be5d2dd3cc5d123c5aa5c6b10cd
EFDC/calqq2t.f90,17661,c19e83c63a97bb2d3cbf1fe3497498bc6fc533269c537c0ef1871d17be126731
EFDC/calstepd.f90,12604,7af56f1def29fda5b5a13bad3d59d213abebd03b963008d2f5869f1ae62cb083
EFDC/caltbxy.f90,34225,642de260b8c20f62633e1ec99100cc6759f970b0e7ebda6096882ea08e2593fd
EFDC/caltsxy.f90,29984,692025d835fee19924243cae2fcf131e2c69d00a40e962825b7941a386189f3c
EFDC/caluvw.f90,46412,9d8bf438dd8a33691f86317822c9699d2c45c5c97b6a4084c5fd86db5b2556ed
EFDC/calvegser.f90,2277,ae3609e224063a3bcb2b73fe96fca42a0d4893d351248ea5bc4f963669d13414
EFDC/cellmap.f90,11961,d6a64e7841b0e8ec3ce0799f172a182a135b9bfe8d0700a7b6f38c4ae73aeb66
EFDC/cellmask.f90,8776,f9954bf61393c2aa47de810b38377ce33a7ee183b7e47ddf69532d6ef35be7cd
EFDC/congrad.f90,6577,950215f319eb006fa251b589715520c983ee8de941049a2c6c9c720950731b8e
EFDC/congradc.f90,6210,be5206bf78203707d3b4265254bbdda997e6a25880bddff31e374786005501ae
EFDC/cppdefs.h,1952,e52d50e8e893eb7e8c3a78d364e8e5eb2ef6a3e3528ffa717f753b3710f3c3cd
EFDC/csedvis.f90,1210,2b7f23f6a3505464346aded690c23c8790dcea8c8b4468191bfd5507a02d8a76
EFDC/hdmt.f90,51808,79203a4f41ef1640cb6359f076460c709a2d5900f7c9c96f10f7cf0b03e5a1aa
EFDC/hdmt2t.f90,40033,bafc0ba295644b0e8ad0e9c075936ed5122cb94a7564f49cbad80167571fb3b3
EFDC/input.f90,268608,314ff53457954b8541e6c4b398fd995aab56bbed216bd9aee8e102badec0434d
EFDC/mhkpwr.f90,20511,e196f24df9c7b4332092b47140898d26ee521296a8e8f22336a6f77ccd88c7af
EFDC/mod_cyclone.f90,26835,b47212e13f174bd1992dc584844c98a09c037e47b9a4df389deeb82357e88962
EFDC/mod_fields.f90,22127,77be3b1ceb24a7e3287c59ebb2b228c981b367f9ea56b811055f8b2e38fa1eab
EFDC/mod_hydstructure.f90,54085,4d6e56b0f399ff424c6dabbd44a647e8d963f7587ed5fb16488ee0a922844294
EFDC/mod_netcdf.f90,106884,dbf9473abaa44745b6a1bd1b4892ee025d0a813f8cbc8d19176343c9f6ea16bf
EFDC/mod_restart.f90,91442,55ff75bfad7ea3355d0b47b0790f86528dd4ac9c23fe96a3a86557cad8043802
EFDC/mod_scaninp.f90,68690,eb51263228605a3d1ca50fe9e77e817da515b17f08616285739215f7f6c79876
EFDC/mod_var_global.f90,176732,bfee1ced648698418ca4c1f8a51deaab9a3eb6cda64109a9ebb88ba0e6b6a196
EFDC/negdep.f90,16036,fff56313b7f08b7098d0ad2ae4b896544e6698de6a3357e81b863cd1c6fd1287
EFDC/runcontrol.f90,2058,e46f7887f894cf0ec71c5eccffb61eea7f5e2f64fc6cc4777d9ea978a5cda4ed
EFDC/setbcs.f90,36285,fd4662e7565103492e99eebf264bcba9a700d46ab8c9713cbb6887830824f80e
EFDC/setopenbc.f90,28697,03540ffb376a7a33c51584141f07398c930de7428663f96b4e8360f5f7aab65b
EFDC/showval.f90,13529,a44877c173ed446b7b7fb4e1e5280c3c99ccaadfbece941bddc0a78c13f958f8
EFDC/subchan.f90,4035,db2ac11446a8c122f9d1bbe1dd08db5f6a8fb04cb0e30d5a4b0a923cea9eddc5
EFDC/timelog.f90,1142,0408ae0fdf9d55d7228a245555f79fa648e680811345df78ac1b042295c49129
EFDC/tmsr.f90,35867,2a18296395fcf46b6c339b2a5c7a347d9f57141aae156f4e23cc6ac0c929b868
EFDC/varalloc.f90,75122,36d868cf718bae10b572b345e49d4dbfde01231bf08323fe8de200cd3f7955a2
EFDC/varinit.f90,12602,97ec2f67e5827e7ae22695c1b2f1c65ae3b817e4ff80dccdda99c21cf1979a05
EFDC/welcome.f90,3589,a3e144792926b7d202d32d0cddda31a46cd362ce4400faa3f4facadc9b5c7ad6
EFDCPlus_MPI_12.sln,3167,c99fac6928b0b31cf77acde94255c877bd1dbd681cb240c19f2942885c34bcb8
LICENSE,18092,8177f97513213526df2cf6184d8ff986c675afb514d4e68a404010521b880643
ReadMe.md,4586,d57aca7f2a1a9b0fcc10083d82eeee0c01b7b2452b8377098e0fdd49a2363d58
include/NetCDF/netcdf.h,67862,23699a55df47b1cdae38e109f14c828e4ce7843929936272cc1e2a3608fd63d0
include/NetCDF/netcdf.mod,285794,d117a8acf90877f454a0cb68bea1c742b1cd22605853f699f60637fd10444212
include/NetCDF/netcdf_aux.h,1453,1734ed6b78183e7c880aeb72ecdce654b1cfaa5fc92a2018534373f4b533f0f2
include/NetCDF/netcdf_mem.h,1542,6ea86fe61f352890d3b42c397f6056b980e1cbcf6399b14d2d38b129eba043b6
include/NetCDF/netcdf_meta.h,2401,3ec3231018f12fc31cd1facc0e8c6a2c5eecb53afba206817113098b7e23c77c
include/NetCDF/typesizes.mod,1437,173e6d5971276e94c3b83a7212ea3118b8d77d5725f08b638f81163be3450073
include/compiler/ifcore.mod,30487,131beaca732eef1d56073af8b54c7acc344d2d29a541eca85be084bbbe9f573e
include/compiler/ifport.mod,128719,ce2eceb2f5ce376bee35512f11b1034f07e721e1eba051e223a921c2ea4288a0
include/compiler/ifport_types.mod,3066,2011a69acb854df785e7149abd94450f8c0fc7f940809202a0c8e40f2a1f2463
include/compiler/omp_lib.mod,100725,7bdff8a096a315e805c97fb459c73ab8f526cef886eefb34040e08218e8daa8c
include/compiler/omp_lib_kinds.mod,5616,8d5b6e77dd6920cf070d653e9bbeebd5d37b2622fbb101c2cac0c61329de1f04
include/mpi/ilp64/mpi.mod,12953,06d8fddbfc1d7afa4a4b8bfd0a7749e99612bc3bc1b3f52ea4d73ae73d02a30b
include/mpi/ilp64/mpi_base.mod,147914,7379073d7b2953dbda5434bc4186ff408820848c3196d06414c75ec80c73fe72
include/mpi/ilp64/mpi_constants.mod,56582,3f4a5365a0e42d596045a15c575d033d0b24a5571c6abe558ce97450d8fa6334
include/mpi/ilp64/mpi_sizeofs.mod,8633,5a77472b448d8c8774b00347d63feca6ce8024516406ab61f3106d6c649cc7d6
include/mpi/ilp64/pmpi_base.mod,149080,c4ca6d0d5d1d03d59e1aad41a1e804e61009bd7adaeb8395935ee9c942054208
include/mpi/mpi.mod,12953,3255652424ff40e8204a68cd7366e716b71a526bffe674e26ee4faebf314634a
include/mpi/mpi_base.mod,147914,616be4ead9a8c8844875ced5efeb0aea9ac4e41684ea10522225acc18aedd309
include/mpi/mpi_constants.mod,56582,c4f7abdfcd33b2127685fc36a9e91887600d2adfda602236945af099d5c7c9d0
include/mpi/mpi_f08.mod,1274231,f6aebfd758be48f62d76efc300b570a88933d63d96ddc99157ee33a22dffaaa5
include/mpi/mpi_f08_callbacks.mod,42264,78ea1830868fd5a2d2818dc8f65bd9fc20ecc26b26703d92d05432df10378256
include/mpi/mpi_f08_compile_constants.mod,61800,58cce9a5818c916ee53933ed38a44eb2c42e87316db464dc07217861e346bbb8
include/mpi/mpi_f08_link_constants.mod,9222,8e25bd681be4f18804853f84091084dea21e1b554fa7ebf2e19566f820adb38c
include/mpi/mpi_f08_types.mod,53810,41cd93ef62eaf66a59a19f1bd9102be53d577a2bac2ad36461a1a608c4c2a25d
include/mpi/mpi_sizeofs.mod,9660,32b5ebbea02f960facf4787cee98fbc9fec112ed2b43287ed082325008b9ddcc
include/mpi/pmpi_base.mod,149080,31378ef7401f33d46107819efcd726003332eb6a02781e1ad8a08d472ae5d6ec
include/mpi/pmpi_f08.mod,1294271,bbd81b013a96378dfbdb1ffe9f6ac159f463217bfd3696c5d104009a3ac79d80
lib/NetCDF/hdf.lib,105458,52fa5f5036882c5d70491f1e92553d85ac0ae41c4ddf04a300ad99bb4549e055
lib/NetCDF/hdf5.lib,714588,2bf4de92537cce47881fa4481808d91e3f232ab1359bd69145566b1a84edf8cd
lib/NetCDF/hdf5_cpp.lib,396318,839d15a23b5819b7459de74aceff47fac0328697297866991ab568e5d300d63b
lib/NetCDF/hdf5_hl.lib,28104,238bd35049c0363cdf4e26af804d5def72080f018f7da8443b3243c62ab744ec
lib/NetCDF/hdf5_hl_cpp.lib,11804,c2cbdf53f6ffc368fc30846d0b1b56e60aed67ada44787c8ddbb30e59ab8001d
lib/NetCDF/hdf5_tools.lib,33906,2271039c6f06a5ae59954f81e36464022ec65cb4c4b84e13e09da8b5ee87f21c
lib/NetCDF/jpeg.lib,34574,6ac6e20a2545f0cd3dae7bdf1fc24b161253168696b63b21d5580b2972b21588
lib/NetCDF/libcurl_imp.lib,16758,d1596a3cd0154d6b58d46ac8d99f0b1e02f100461d54d12730e133e20a1ea1a1
lib/NetCDF/libhdf.lib,1362278,21d77bb2689d6aab3dc509250464e1786b3ff976f5ea963a3adb2434fd2b5fa6
lib/NetCDF/libhdf5.lib,11971054,b8efd36dcbcb7ab9bfbf78b4e572d29dbe2f3d8d57bc429899abc7d4733891f2
lib/NetCDF/libhdf5_cpp.lib,2345912,3fec2f93a7d5bb0074204a2c5d73a8493a8486c060f5d473bce807597fdbe726
lib/NetCDF/libhdf5_hl.lib,301254,bb9889cf15521557daaa8ffd149aeb119bb60ab2f9a529b9cbb9b2d15e104db1
lib/NetCDF/libhdf5_hl_cpp.lib,15944,23f8cbe19b5bfccc6a316596d0942fa23f9a89f24be23d880ef0fa2497511ee4
lib/NetCDF/libhdf5_tools.lib,701918,4b214aeb9cde2c54c060efdee90786837b195b41a9dba8499b775e0572202483
lib/NetCDF/libmfhdf.lib,426714,6c034b4ee2f2c49234c77ca3b1f56d1c1d69c9e4ffb451fc2cd55fc90fdb4240
lib/NetCDF/libnetcdf.settings,1494,1b68e8d7052627c7b6b55e8496529f43269db3b2a24451696151fe2390f15eb0
lib/NetCDF/libxdr.lib,20674,441c977b9d473195fb18c16008bd5115caac40b2b9c35dadcc8e2d4998ea6251
lib/NetCDF/mfhdf.lib,38326,1382977c2a4839f17c81072f52506daf6de7cacd0201faa850f33541663177fb
lib/NetCDF/netcdf.lib,176570,b4e3f33edb1692931adbe8b8b4d43c0a6dda988d1babc2fe99875fcb7aad4d66
lib/NetCDF/netcdf4.lib,3456662,0388a63a5e19ebb0abe89fc36f4b5b6f6c200671a3308389e8171aec11b7b3e7
lib/NetCDF/netcdf_f.lib,579908,6abaa060ecd7c46fcb3d9116779fcc9ace0acd37e49ac950b47b1950ac6e4b5b
lib/NetCDF/netcdf_f.pdb,110592,29d3defc18d3ce116663e85e29509fd9d65094698b1ddffb171cf2769a62c2df
lib/NetCDF/xdr.lib,5384,dfd1b658b3c23efff1323f06dce97958c8eda16ac9711c7c34d3789cdbac9853
lib/NetCDF/zlib.lib,14882,1b6de7f3f65ecfc722120925bf198e61459048d568b17bf2431b5b7a2fff7cab
lib/NetCDF/zlibstatic.lib,168960,c3fce1f5fcc9f5273b76ebbd68ef92f95549d240abfd018ac8e8ecf1187e9a39
lib/WASP/Distribute/hydrolink.dll,3260003,f9701961bd50a4f11c002fd718f45cb99e1c52eff51fbb6e84a81cfd8254312c
lib/WASP/Distribute/libwinpthread-1.dll,58341,c8086027f50173454c9fbafaf33cca0a1c0895237a8505515b688b87c8616101
lib/WASP/hydrolink.lib,12378,6eb056ff6780db6217da7fbf57f7dfbc5dc8f1b4c1f5b086c35c9cd52f61fa28
lib/WASP/icfhydrolink.lib,35786,023d2280dafb76d315b16833559d24bf326294d4204b9b6cbdec48cd0b050bd4
lib/compiler/ifconsol.lib,11400,17881cdeac837d1bffa415789543fac0f77ea3b78ab08efb1c3a5a5bcc18a363
lib/compiler/ifmodintr.lib,81204,d46cfef1167d0b3d05d96c73c35ea42bd00676273bdea74e93f99ce96cb074ef
lib/compiler/ifwin.lib,35234,71ad6bfbc556b099a6da7bab00e4395d792ceba5359d216df632dc157ac52e21
lib/compiler/libifcore.lib,1844990,ce3501f7b4a3fb7b976e40f3ee613d5410d3305943383767a4686e8a5c1403df
lib/compiler/libifcoremd.lib,178268,ab24865b2884e8bd4fee80629cb8417e9a2fad2a28114e1a72fce02ec74d6812
lib/compiler/libifcoremdd.lib,179138,bc8271fcd6b08c9029b0e4af5b84247170ded5befbe34318864896d62b0b6d43
lib/compiler/libifcoremt.lib,1863654,2150af8ae999e9164008d9e2cbf3309fb033538a0ef9db7459ab1251f44132b6
lib/compiler/libifcorert.lib,178264,5e41c61d285934c6b8db2c6974d56f9caf1d44bfc25dc92b632bc774d7e10a2f
lib/compiler/libifcorertd.lib,179136,1f6545f446d8a62f7b366f7c06ea5041b9f1ea7190ebb1570daaac85368a6d99
lib/compiler/libifport.lib,470126,1812dbe8a0322312f52231d80f0d99c9bc8e323bad26986e02638be74b2359c4
lib/compiler/libifportmd.lib,62086,d6bcfef6df073f34c576e0568ff98584711ba0ab1d521ea94f8b8d5063899cdd
lib/compiler/libiomp5md.lib,264912,08562c7b2f2974499e49de5687b3a746a1e1b6ca2227b8edf9e4973ac84c08e7
lib/compiler/libiompstubs5md.lib,72262,9e42c93c775f450c1ffc4a5040f1cc8eae56bb48dd7e12729e447221f897b7aa
lib/compiler/libirc.lib,753382,92c4f5dcb21aa27f94845d0e1d85829b1c2b4d72fe3b62d19b27306b74499328
lib/compiler/libircmt.lib,753382,92c4f5dcb21aa27f94845d0e1d85829b1c2b4d72fe3b62d19b27306b74499328
lib/compiler/libmmd.lib,174392,bafdd4405b33b8f63ba92071aaaf1547a67f683a8aab35eea2b2726ec1df1bae
lib/compiler/libmmdd.lib,175416,94c64212590bbc1a8d6d1d3dc78c50a7d5f90a73ccb91924a15c284dcbf96c3a
lib/compiler/libmmt.lib,7986340,f7e8cd2ea77e7b0f6d9554b77808212d4d40fa1e49dcffb36b16d3cc47350863
lib/compiler/svml_dispmd.lib,3385388,c8a5984f76836c32d20f68a1c2f23b8b54323444e0b51a6155bb1c1ecd6db477
lib/mpi/debug/impi.lib,1301258,9c49460842194b61fc3edc5bec7f32d7d77c060a10e9b7ff216cb74212a9947f
lib/mpi/debug/impicxx.lib,631574,b9783995357211bfdf3752e25827a83b63f9cce310a45db5e8a1b686dba379c2
lib/mpi/impi.lib,1295848,9de3ae2eb4480485d4f3aba770ddb8e2696115e41c43c11f147f7ec9bc6c11ae
lib/mpi/impicxx.lib,519158,164352ada7d937a6270292ff48aebae97eb151e3a6681078feb9f3ad66d00549
lib/mpi/libmpi_ilp64.lib,79702,0a602eb6673931a00020ac3df175b64a07ec5f29b776633606c20459409c29dd
lib/mpi/pkgconfig/impi.pc,900,60bd004135c684d60c1e0b9e740a74d7029bbe906913251252964bd64a9adae3
lib/windows/kernel32.Lib,313500,25346e02cffca92abff07000d54e1830fe0d8861c31a114eda472547fe9f2f00
lib/windows/oldnames.lib,157422,b803d3c323932b158ea4e00c9e384e48eb31ff7f144ff6fedd0e7fec31a5c030
lib/windows/vcruntime.lib,151772,b0b40f4e37cb981b5c0fe426286f40ea83e00c976354c84b055aeb2ed7b36051
redist/IMB-MPI1.exe,131,cb932d047f613dba10dc293e6807954f0eaea08e1bf9ff51ad0793546851ddf1
redist/concrt140.dll,131,d4c0dd7920e036a5b9f52111083668d2b720fa0378b2004a4da113e7946963eb
redist/cpuinfo.exe,131,95f46489bc2e20b9b2dbb4eb19d4af4702c1e2b74ceb8c41565a2feb21e10209
redist/hdf.dll,131,d350e508815d3581a559b2c7a3afffe2f6c8d67574e0d83a36b118a2edefffe0
redist/hdf5.dll,132,78a45601ae52c4c24830e7dbd0b5e56b51ff8290061e36c6cdbf2d880d976ace
redist/hdf5_hl.dll,131,e2fa9b0c983393bf9f72710fff88d2a5e0c06f738839bfd4c1749f3726b0f0c0
redist/hdf5_tools.dll,131,b231f936c9814a0c8e1a8ac04904e06de01e6f397d75b2a9e9bdb70f5584859d
redist/hydra_bstrap_proxy.exe,131,bc22e9cc67d636c38fd2f34c0390e441fdbd4b8a57562ca7dfc58163ac45f300
redist/hydra_pmi_proxy.exe,131,86d7ff8e1cbfa25db6a95a7d7a03b188948aa801fbde290c37735d77626f8b8b
redist/hydra_service.exe,131,c364abc3fe7819110e77c5edb8be43768cb7f103dab0ee854b0026fd127f5099
redist/hydrolink.dll,132,cec2ae2e3648a1e7b35042ea5c0a0284e3a34121b0a1eea388d32c7d72cfd68e
redist/impi.dll,132,0b90ded773542921bb57cc5ce0e1f1b38ca705fb06ee905069ed270d8d618a32
redist/impi_info.exe,131,b59e84c5d5ede11952fb867282d95f979150c37d7353647d89ce0a53f6685390
redist/libcurl.dll,131,6e604d8cd3f9a9851779ed5de69ebea0bb1c75c71a377079bc0f01dcac6cc6b7
redist/libfabric.dll,131,be21e3108a97624fb3fc6d80ba60f43949ca027de0c1fe99158a72750dde10c3
redist/libifcoremd.dll,132,ed89d1dd6c61e7881fce348652f460ef1107cd80eca043bafc7c5379eece43bc
redist/libifcoremdd.dll,132,eba11f684dd5cc92ece8375d41d5177211e803bea0f895e0d8a9514cf9c09234
redist/libifcorert.dll,132,e2610692319ded6eab2521dba1b7f95caddb20b5051a4245cd9dd2470e79e678
redist/libifcorertd.dll,132,399a33e38a51c8924296f207ae91de5736d2d18ddf32f29d36a4212a7de75127
redist/libifportmd.dll,131,904aeb690cb1ca2159cf02be6b875634291aa85da87b5149857ca5e99602da53
redist/libiomp5md.dll,132,14b5978c6559527ff34cc9320dbcacd7ee6ed01068c61dbae16bc054a0ddacdb
redist/libiompstubs5md.dll,130,56a50b9b9cfa329972aeae5bba05dff9cba83e6c07ee77807c6cc434c0a50298
redist/libircmd.dll,131,f7510ebb2747f305be93170f4175dac04d281955cb3cdb998dfdb7137d2f49ab
redist/libirngmd.dll,132,b94d4ef4d137c3626ef9e9bc9540250a8e03c77af4a7afcff7a2333df6f4ec31
redist/libmmd.dll,132,bae8a374b62ccbcbc4e7b0053768b8d5174844691df57090beac286556c7a7b1
redist/libmmdd.dll,132,0414a41724bbc3f408d71e1c02752a36de17cce61894fd3ffed036747bd1c947
redist/libmpi_ilp64.dll,131,98e823a96c6c7a951727b006740bae540a6a9a3ebf7522dddd6b29344318a774
redist/libwinpthread-1.dll,130,157f88722bc944b1139d709273aed5a7a81ce6a6c92e9c99c957079b8e7b99cb
redist/mpi/debug/impi.dll,133,efb23920069273121dad109be6d724f69de3debbb2e71b2d273d9fe3c70b5561
redist/mpiexec.exe,131,8d78808a816a30d3e326dcc11daaab5aa19cda55029ac613f68174dc28caa994
redist/mpiifort.bat,129,dc31877126a9600b1c09fd8ed2428fb2059d4cf4f515cfb0b44e576cf93b709d
redist/mpiifx.bat,129,b71e244a94e69d22f1768b9a027011f0b2ac6befe421a341f262bc411d8379fa
redist/netcdf.dll,131,829e165c4aaf52b1fd1e1ed5515a732f9a6b37d9b91feecea2aea6f7cf9e073d
redist/tuning_generic_shm.dat,131,694c0099768e5a7e2977c3f115ac0953416e839efb8e699b0aabba8275156fc3
redist/tuning_skx_shm.dat,131,31f038d0bd9b9acf57a418f6768de3f73c72604617c9caea1e1b02312bda5155
redist/tuning_spr_shm.dat,131,f96ed3000b6c0e77714a5cd5c3db99f5306914f20e695aa4f066e9b899ddd6dc
redist/zlib1.dll,130,f2be0830cd84708b96effe1535392d9831a17f3dd05d8a945bc19a8faa7964e4
