path,size,sha256
.gitattributes,131,de4c7afa94ad61b020d7999d01abbf6d3fd709e8df61a4c6882a49f739dd4086
4dvar/Contents.m,7307,4e1dbb9effacfa40847f16ff2663da7550041ae99a0f6c1944b5deefa074a75a
4dvar/add_obslonlat.m,3724,291ab0e90da1ccb2c384997ee37b72ae1a18a2e500a666d1cd5bae2f4e3b2143
4dvar/add_obsprovenance.m,1945,1f2fbe6db8882ee684a29a2dd94b72b8907440f7754423aea7a62917445c8d08
4dvar/add_uv_agrid.m,4769,a08b37a6f6d4b20291f44a569ee0c60548fc3f7ed3306015847804f1d2d6f6ea
4dvar/average.m,1483,b228783ca6bb04fb164d4bb531669a79cfac390c1f64281883f9d54bc89384e1
4dvar/balance_4dvar.m,13707,3585022487d3337308fa8cfcfa8def4508d43719b0c966442d4d98113db521de
4dvar/balance_driver.m,13241,cdd36d3d802eb90097d960ff0bdfe84d45e37fe845c35bc281d3309a6b3d58cf
4dvar/biconj.m,22835,ead56e06e45272df1653351c4dfa5283264fb351028f44c5834f61e7aefbc487
4dvar/c_observations.m,13077,2d490cb139f96c6ab5438882f58a76c6ce4e790ae064f2185f49c4eb7279a12e
4dvar/c_std.m,25007,07e8bdc4540b206ca4f198cd9a162c0111c45544d3ea6fc143d8bc54ee68fcb2
4dvar/c_std_bry.m,23315,78d17b0697a48277659ada2a4e09b1dd09407c17fc2d9a705546aa6866aa0282
4dvar/c_std_frc.m,22507,e47da5600eba2d6ac873158dd89bcfb01bc08150c65a77f2e33fc655d1f0fa06
4dvar/d_observations.m,7841,85110031f3442ef644dcec9eb6ee5526df04b89e495d1f2daee763c31475d657
4dvar/d_ssh_obs.m,16265,b9eed7d4ebc2eb126faad4cacedc645eda2cb6caecb65e1a884619491479f67d
4dvar/d_sst_merge.m,2711,8548105fe06e12523c460e3646638e7d5a882d358e3fbb80569bde01aff81b52
4dvar/d_sst_obs.m,16620,1c0186591cb2c991fee35d0ada7fcf4f404f5885efae74b17024ec51033a9ae5
4dvar/d_std.m,8491,e20535c18ebd6cc05b497ca80a307afc78d187d0599b3f4003512a3de613cf97
4dvar/d_std_bry.m,7282,52b6f330af423491f260909d5551538f06730d4aef6930b23a57d59f47cb04a3
4dvar/d_std_frc.m,8488,d34b926e576cf73791c270f94dd095a48a9350bdd66c45fdb353d7ef39fa6ae7
4dvar/d_std_unbalanced.m,14085,f3802b235d99a9b5a3d7398b0955f3d523f432a4ad1801a3977371f87b05a914
4dvar/d_ts_metoffice.m,18820,ecae9c60187fbd038fc788886ac7225a7858685cb0039492f3ce54ba6fcb1133
4dvar/desroziers.m,19104,5b66127cc10343f5931f9ec7b08039bd7f9443cfc448c378044c56c9a6412dfb
4dvar/ijk_lonlatz.m,4483,77f5ba918966624b1c869d0c7d16b7e55a458643898f77ad4ae50f1ba834026a
4dvar/ini_balance.m,6702,38f1d86b60af15b204335640a94dff0ff4a28ba01a3668860888ede2c0ab66d7
4dvar/lateral_obc.m,3504,4a2ab0b639784a2449d7b10385ac8bda04c75432b5a2bcceadf94addb220e2d2
4dvar/load_ssh_aviso.m,6740,4ce2af903e1e3fabce8d0e0f9ca835434b09d76bf8e4f81f0f34ae2ce84e4497
4dvar/load_sst_AMSRE.m,7142,6a877e263bd6e5d14ead5fc82fa6e8892c2d1354a0b3e04c891db58d250bee58
4dvar/load_sst_pfeg.m,7555,b9b0a609b281ada9adf157cafc98596ad0ae1252c21193b9e5b1c3a78c9aa634
4dvar/load_ts_metoffice.m,13950,8af3cda8b85f866c8e5630c66ebb9443fe70a5b5839dd5a4144bba65dbfb75d8
4dvar/obs_depth.m,6076,59c4b5faefec048369a37495e8cdd8e5b32e0a30821bb91a6396ce477fcc475f
4dvar/obs_extract.m,10388,056bc2c8d87b0f61af998b253b7dd5fb607db28e8a9ef48fe35db6d3832e9c60
4dvar/obs_ijk2lonlatz.m,4336,988d23e9f3414304d433e1c5ddd80df99fd8b582c0c31d6ae7c4adf39aa9e506
4dvar/obs_ijpos.m,12878,66a209f0200bc9e028f27ad195466bb69b36c6890c19e12941ce19e55d5802fd
4dvar/obs_k2z.m,3586,b575cd6af75e5b544c72794aac789cacf28a700dc747c599de69cfca7c67c04e
4dvar/obs_merge.m,5446,5f66b9a480ecc7808a0da1e37a3b6c6869be58198edb250cbe2136681e96c40e
4dvar/obs_read.m,9182,f1ac2e8479a894cacf244da033c459f25e1525bd2786d403e70dd05a4ec0f6c1
4dvar/obs_write.m,7576,8bc3fcab34332f31b381d2f5f2df955623f321781d550a45a4e735a3082ff689
4dvar/plot_super.m,4606,1cbab3597aaf6c9c04e02465f63af868feda13bb58532d191b2e7c189a1e9da8
4dvar/rho_balance.m,1712,27a45c775666c372e5922a59d8847e324b4c9ca0881014e2e85b3c78225343ca
4dvar/s_balance.m,3610,1df9e89153cf4c0c8b38f54c5599e9707dc74bfe17cd446978dc82ce07402598
4dvar/ssh_reference.m,9556,817ee8d2370e730bb9135cca8d2a419ddca9fb8eb886f999a95a2aa9b9aa182e
4dvar/super_obs.m,10781,4702a227b44b32b877d94210464476b1bacf86e201e137801c125714c35d86cf
4dvar/uv_balance.m,11834,fc4cc63aee64ea649793e15958851fff7978030f072b0d678bde1f92cbbc8790
4dvar/variance.m,1645,50748b6bcdaa7ce0b23a58c5a8d1f6c686c559a59c8791a948aa9ed624fecff4
4dvar/zeta_balance.m,5350,d5dc70f2d974eed56d944351f8ddf6237a48befb956be31bc98811ade3d56242
README.md,2751,c2269a5a64c0b8f296b96d64cd22f10d5a688e7aeda99df1c4a3de3810349a29
bathymetry/Contents.m,1167,c6bd2490266095bdd7551a745a12a88e9c3e48aa707a4867d9ab37daf795218a
bathymetry/c_bath.m,3882,5ab948e5a5f0a09c608feb4ee8b6388c5bb385b978d56d3ce179dd68b2f8f1bf
bathymetry/etopo2.nc,134,4a2088b06ebfc2b04b328e5015aa6ae40341f87b0bb8a0b21f18c68458380239
bathymetry/etopo5.nc,133,2605adb528d22fc5815cf73e8b1d8d8ac7ca0398f3c58395799c8e3aacf39954
bathymetry/extract_bath.m,2113,82d9dd452c2816b0278d9d5d9eeaa2c0089b2848f69fa463aede68ce289aca29
bathymetry/get_bath.m,3308,043a7c7f4234a23c605f9a3e44a466b0d8e5cb6d3c0a1e57b1555431ea167bd6
bathymetry/x_etopo.m,3437,f1fbbe86cec5a0c8ef8246babddc60c59c2edbc27b01bd1bd9d65a3aa3459cbc
bin/copyright.csh,3632,9b46fe3beecf013942d2e4e4f4fd61c7aebb106cef9a9a84aff9fa1eb559b6fd
bin/copyright.sh,3381,1dd5e3e9a36e82bd128796fee8c12b428240a7291221d54b258dd0118864ed6a
boundary/Contents.m,3005,68fcc37754dd882206ab5cfac0619505299004f31fc885fc50fdd1fe1d18c88c
boundary/c_boundary.m,24205,56847c29411a2d283db73b9c9024d15dc0cb604ead5cf8e3697cb6c66047c2da
boundary/d_obc_mercator.m,15336,4f5c6da267f7072168075ee4f61b984291ed55d011b3cbb638fcd033f500264a
boundary/d_obc_roms2roms.m,11257,71e2c2e9703b8e2bc738862be72cf0cc4ad129d7907d3b509e6b501a24dbd796
boundary/extract_bry.m,5902,1159510aed0a7186d019f01ca99e65359dcea6c633547c636cc0661999dd951f
boundary/interp_boundary.m,12710,fb42614e7aa250247d9130a6aa83d8f0b774b839865fd97ac3d22fb2fadf8673
boundary/obc_mercator.m,15477,417005d76905e2974f3bdb95641180f674ec53844a0cb29aa714979c414ec86e
boundary/obc_roms2roms.m,25219,5967d4da6be9cfdc9d9e126e0db1340e38e3c9e7f5568c8036a2593116eb34ed
boundary/plot_boundary.m,9123,b56cd362de75049c9f0e782e2e412519c6912c6ee051da61858f630da1de3592
coastlines/Contents.m,1309,395b0848fe6f0cfd1fa72946038ec68e116587816b5b5065c666ed614505d366
coastlines/boundary.dat,1426,c3abbaed949429306d601066abe17d66bc5d32ec1c19ef95de42f46d9e578a91
coastlines/extract_coast.m,3220,64ed1b58088c43b616d69b9486330c97de3badd1b5edef8e2031ea31bed72760
coastlines/get_coast.m,5071,d5986dc9c1ccd70068dcadf3ef3b27a1cda8a676dcdcf5d9e94b4b3c0d5de4dc
coastlines/grid_corners.m,5489,bac454f426f5f9cb0e4672a53e59d86ded8bbf8b199b06d6b887a18b43ab78ed
coastlines/r_gshhs.m,16052,28392041e1c23194c844d07f6e69e7ffd5dd5fa0df8ef2582e5841a8298f83d0
coastlines/x_gshhs.m,6333,914c7bd9e45a4b71f97fc7d5f16bd3f699c1066a4cedbe1db8fffc3a3d399432
colormaps/CMAP/applycolourmap.m,2248,d6bc2d77f162d3baaca01d04a5a504290008bc29644c53422d5bd0f802cfb3b3
colormaps/CMAP/bbspline.m,2976,10af3d8f79d1c552e6cf7cd20ee9f250d17afdd2a1b78f60deff4eb82fb0c851
colormaps/CMAP/circlesineramp.m,5528,1c53d9fc0abede2ec2ec5c2a365fa3c34dcd45a74b307cb025ee74a1db511083
colormaps/CMAP/cmap.m,66109,c15e9117ddffe6e7afb9489d483e6ac763448774c5c142ae0c604cff3d7b93b2
colormaps/CMAP/cmyk2rgb.m,890,feff466bac459383a39ae62ec98f8e9384d96671c6c85d926e5fde50907705c2
colormaps/CMAP/colourblind.m,7475,db217c99077455a6f2277b8760b07c252a255fcf9c9cd7bd060d71a8a440f677
colormaps/CMAP/colourblindlabspace.m,9164,7f369789c589f77715099a8259665e50494e089054ce0853b47a4c0f0da0d468
colormaps/CMAP/colourblindlmsspace.m,8565,c92fd5252a353788753d3a023c187f2783bfad2fd12f47cb194896d70cd886a2
colormaps/CMAP/colourmappath.m,11246,33784e8aff362fb7915239b2cee23bb73c1607e4db83f626f72923ee079a9c66
colormaps/CMAP/equalisecolourmap.m,18069,5257b10d29bbec2740aceb5f01cae6bbe5d5cda0d8a5be1f996ad28983952825
colormaps/CMAP/generatelabslice.m,2213,52c91b7e64f6e9573809a5f56db8430bd66fbd30068a336d3856cd6c4aca4e1b
colormaps/CMAP/histtruncate.m,4297,0ffa6a2e46ef0040670d793c90fdb3ec4a3cf357c790f67ea01bfb600bf62e31
colormaps/CMAP/linearrgbmap.m,882,5a7a5021bc365c5ddfdf5ade17995b973637b249a2108508f7d07de833ad9157
colormaps/CMAP/lms2rgb.m,1212,6665942b85ab77b6c4d19de426c8e78be861a6749c838e925d5dc29759c6455f
colormaps/CMAP/makecolorcet.m,15752,6b6055afab791670ecd40a2bcb042582619ef1fa86ef6b1b77d811e79e4efc8f
colormaps/CMAP/map2actfile.m,741,305a6bbbf26a7a18b79702a51b1abfe23834a5c30c27b222b4657f53c5a6b647
colormaps/CMAP/map2ermapperlutfile.m,1797,99182999968eab18612c5d2b6621cbf5120a7264a2cc4cc9071d0b79f201f620
colormaps/CMAP/map2geosofttbl.m,1634,a711e2c292d1102f28fe3b513d8e9eae1a8df4646890da9808874bd2dfd73eb3
colormaps/CMAP/map2imagejlutfile.m,946,dc693e59ce5ab4513325530cf63efab5b15ead0c58d8f762b0dd6cce004d38f5
colormaps/CMAP/map2qgisstyle.m,3266,bd985b65e91090185595f414dc4365a46f7f80d9ab7161502c5a6e4aa90d1947
colormaps/CMAP/normalise.m,2312,b2f13155183c4691c597586ee75586b7e39e78d0043e3fbb1e5be31b320c32cc
colormaps/CMAP/pbspline.m,3825,7561c3e6ef0ffb41240160f4040f3929f36360dbd9699772dbf78987ca8964b1
colormaps/CMAP/pseudogrey.m,3667,c90f311ed5828d1c73c7f4dbc0bfa3a5320acdfd3711e98aaf6cc78f7be7de6c
colormaps/CMAP/randmap.m,731,2155e47ba7765b5feac192d6f84578c13de34c56ff024034e016572aefd267d6
colormaps/CMAP/readermapperlutfile.m,3143,ec1dbf3955956f79dfaf02a47f789ddbbfba2f0bdd7db04e611c043a193623d4
colormaps/CMAP/readimagejlutfile.m,1122,bfbeeb18010d1c77a1bdc97ca858292dc26c0fc6417fbdfd94f4737973e6a7c0
colormaps/CMAP/rgb2cmyk.m,1000,dfbbe2a7754cb929a887e64788e93bd7a87d7b2cf24e9b50f02dd267b2ae524d
colormaps/CMAP/rgb2lab.m,1063,087c9366538ce7602e6e1ac0acc150a2cee976e528a4a9b1783fc4014a2ca490
colormaps/CMAP/rgb2lms.m,1128,b11e0a0d5c55a63f9c66bfdfc7c68fb270c455902ad8f22ad218149fe636ef2b
colormaps/CMAP/rgb2nrgb.m,1125,b76337efe79c635ff1b931140170d6809bcdb3c11a289870db10dab2738523e2
colormaps/CMAP/show.m,6034,6ca9efe08d3e7351fa3a9bedfe220c72a34367d683cdc148f1d138631d9110a3
colormaps/CMAP/sineramp.m,6647,f32fc3d4b8d3019905497307c5167dbb5405f579fa0b986f21579c268ff32544
colormaps/CMAP/strendswith.m,1172,829c16bd1be1311cf38145f15654caa36bb792f29d3ca0f79c6eb58b9c80b120
colormaps/CMAP/ternaryimage.m,4009,f61bea2033281bf000076f59dfbd92bfe530ce03b7f3bbd0076fb0ecdc6c9b58
colormaps/CMAP/ternarymaps.m,2033,f09f89559b17d26ebe5e103e099fa218a0f00178cf33a9777d18cf811dca5706
colormaps/CMAP/viewlabspace.m,7263,63b32e90d7f462f82da854f770170bf9b484958bad033bc145f9aa3b6085d474
colormaps/CMAP/viewlabspace2.m,5039,810c0ce0f0f7c433686079d221a876392f20f1e9d32fd6df2ef345c8a937054d
colormaps/CMAP/writecolourmapfn.m,1354,ebbb38547fbc170d1a868e9f1ff4c8a665a0803fc232d9b7e0b6107afe2dafc9
colormaps/CMAP/xyz2lms.m,1008,c8d13ff9fe305f7242217e9dcfb4839cbd363ddd54a3b0c5e4dcf986a924a2b1
colormaps/Contents.m,3796,e041b90b79fb375aad6c8eb39c16d69e7ce9b18876f0abbbbdc423fcf0f264f4
colormaps/OceanLakeLandSnow.m,18144,9363ae49b6c32a8e165d9b42ae60462b42ec7c2e112b2014a79e764d0a4c607f
colormaps/Readme,678,71a53c0ba398e7646da7e7b207022f64df4bc2fdfaf8feb1b6a537cc5546fef8
colormaps/bwr.m,1477,f2fc1e917eee19dde2100b56ec9f2ba326f72ddf697e92403319561a73d87b73
colormaps/bwr2.m,1486,7ac9ec155e638fcaad2d3b39fd0094c27ef564651e0f10e9b04a01fa8d9734db
colormaps/cbarrow.m,7804,11eeb5b7fbe9fe1eeae993875b1d195f10415cbb8ca81162e607ff4926aa7937
colormaps/cividis.m,9692,c4b031d480b438dc5fafd548b70a7f0bab8da4a5f7349020737a227fbff5152b
colormaps/cm_algae.m,23457,6080ecc3434b442dd50eb8da30b0cf7cee035e4869cbc882e2e70dd0bdd8d392
colormaps/cm_amp.m,23444,12236df055092f6e15597508c26fdfdb50c95859b62f1707c8a836bca00ffd49
colormaps/cm_balance.m,23468,4f291195461b3fb9bb0775b3010e1f005730c64c24efe0fc8a95f45913fcaa18
colormaps/cm_curl.m,45977,e270950c0d4568750de68f075421de03efb96b6ffaaf5d42c4d2456ba0160b9a
colormaps/cm_deep.m,23452,126e5f25b77394da1f6812e99166051a7c903d192e591ec02f94cbe2fe546cdd
colormaps/cm_delta.m,45984,4e4ed48d3e6a9e468141bf6d533894e6b6f9bd562d2b67fa95216d88130e9828
colormaps/cm_dense.m,23456,0dd50f27ca31548910dd3b98dc88155cb5bc84b6ba54e0aa01d1501072ad6a24
colormaps/cm_diff.m,22934,c59cb28cff78a1a552540ecffcc04be06cac1c777680d0ae91bb8eab714c3098
colormaps/cm_gray.m,23450,21f39ab519c3b2d0fd1e89afa5c88ac0f9f72cd3722656416958eff8b5924eee
colormaps/cm_haline.m,23462,2a00051d1e6bec6f63e6e026b548519748c92d82528f8466b7648c1d3c419008
colormaps/cm_ice.m,23446,7a6b2746f637da0155f7a1ea3272eb6429394720a5ff150b9ff6b350bb5dc28c
colormaps/cm_matter.m,23464,e8024f26fe6f22666cbe5fadbedb3fad70e3c62f26a6ce1dac6b8d9635917555
colormaps/cm_oxy.m,23444,1e0ebdd0e4d3eb1f2ccb12798695a309a568bef477b24f087da3817d4bc3f220
colormaps/cm_phase.m,23456,872107dfd62c1c3395f9fd76513ebcc368228e8fad26f23b1dcc2258db358e0c
colormaps/cm_rain.m,22934,1d5653731c81c15e0667d9260ee1516bcb45a53e72a439d825156161eabde35b
colormaps/cm_solar.m,23456,b82b749328eb338b1d9b1e72279c983ab4405286a89a1c25adf337b8edcbff75
colormaps/cm_speed.m,23456,ac20e4f6f3b04ec960b4a806aafcad4fbf19ebb33aa9a4fb34686b1a1241a35a
colormaps/cm_tarn.m,22934,50ac5ddffcd611a2e209ab2fca5b46d06e7c4ff35387c56c34dac6cb2ede165e
colormaps/cm_tempo.m,23458,84042d50588a5ebfd6a2f8b85c740f06cc9905646a5bbeb1c92363758ebe4111
colormaps/cm_thermal.m,23468,f5fccffd14e4ccd0bd1fde054fe2b12d7a437ae0e3d28ff632cdb1ba37266db2
colormaps/cm_topo.m,22934,43c816fd87a97f3e80dcad7102bc642257f40a4afea74363bef4738dce61bd2c
colormaps/cm_turbid.m,23464,f4d7730df31f217e3949470ef95c63cfe3ff1f9a35708c15f80c5ed9a0752855
colormaps/cmap_odv.m,1048,1ed4ba1708e8992ece69d18a848e053e5080c3f47ff1a5aa91e88e3931af8a38
colormaps/cmocean.m,8681,2acba7990fe9388df4ad60a9dced8917d35c5beea95f4337eebf38526028da20
colormaps/colorspace.m,16219,96b1f0f9e335a280630b96badb91f2dff2fa573a162b62b49ab564accd10748d
colormaps/cptcbar.m,3361,211731f1ecb0d8085c48dda34b7ce1e129803024d6547ca49d43d16ff33a4ea8
colormaps/cptcmap.m,16323,1e4d8bcbfb0bc0090e5aa5bf19f246215ef1ed9d9a1b024c4a37c44b328f9b79
colormaps/cptfiles/GMT_cool.cpt,146,58ece048cd7cbefb0d8c4189f41d37db6f7cd4c5f50d3f2fbe6727cf1e818811
colormaps/cptfiles/GMT_copper.cpt,204,436dc911cfe8d82121f232d8f0352a650b6162c982ca5e64fd924230891b5efb
colormaps/cptfiles/GMT_drywet.cpt,289,d8eb0b2ef4ac0f8cf08b4982526c06f6bc14075629c898b1cf713d062738e80f
colormaps/cptfiles/GMT_gebco.cpt,755,c7d3d45383238ef81e341777987648782c2758898afb7885f6443429f05232fb
colormaps/cptfiles/GMT_globe.cpt,1798,3ceea3a05aabdeff01485597b465a29b8d05a3feaf51607b4beee6b4405f123f
colormaps/cptfiles/GMT_gray.cpt,133,f72cba237299db8c41fd6c14b260bb9066f3ad60472116a8b64e6f07280980c8
colormaps/cptfiles/GMT_haxby.cpt,1011,35843b893e2cab30a20c45b8317c08e7748583a85a25cf2ed9d3b2c48f16b114
colormaps/cptfiles/GMT_hot.cpt,203,d712e98aa3eab1beda4577f4c54f8e2e17b31c7c4ed9cb5d344d9c8ee187b3b6
colormaps/cptfiles/GMT_jet.cpt,267,999632087c4c6bb25d441c2279851fc52c3dd6b25a15e158813e7e8ce03e582e
colormaps/cptfiles/GMT_no_green.cpt,668,6b9b4906515433b4b42cadac40c047cae1a1898c3fd66f70f3262e5428b95d38
colormaps/cptfiles/GMT_ocean.cpt,455,a10a2e51491fbe6c997b06fe19e91b81bf0eebfad0b03426061bdb51a3ef8019
colormaps/cptfiles/GMT_polar.cpt,173,610497852d35cc45d358a85af6f9a21b6500a608d1dc837faa293bc2b537920e
colormaps/cptfiles/GMT_rainbow.cpt,6909,3c9820d813581de4fd3a08a076e1378b2395288186c1c525f5c958360a4b662c
colormaps/cptfiles/GMT_red2green.cpt,206,94211cd47161d4f7594ac81c1e0e8803dead9b8bc32fda3abcfc8442f9dab7c4
colormaps/cptfiles/GMT_relief.cpt,772,fa937503e444fe3e4c7d0f169599c029ce9f0e1281997c5308bf860d702d3dc0
colormaps/cptfiles/GMT_relief_oceanonly.cpt,511,ce662bbada8afc4c9ee91aef6ac73109fb523201e93d4d7ebf1d26eb1e8ac648
colormaps/cptfiles/GMT_sealand.cpt,1349,80636c7135b44da09fb59684e313d2d21ef8d2825a35c8cc1ae10ca24984c1d8
colormaps/cptfiles/GMT_seis.cpt,434,f19a145b1f7920dd9ab35c6bb482a7601ed567e290e087e47c05771a5842d852
colormaps/cptfiles/GMT_split.cpt,257,01287283fcdba60760ce6053fbfcd184a5a490f0e111a8e92ba4f83210b06c97
colormaps/cptfiles/GMT_topo.cpt,953,729d009c63559c0f8eb6452ba5b3de63ad224b5dd2d7a6d95c5b69b049e4fc70
colormaps/cptfiles/GMT_wysiwyg.cpt,715,bcb65d8f158959a5d957de72ba959191572ec0daf684b39724c63f9ce1da21ab
colormaps/cptfiles/GMT_wysiwygcont.cpt,719,de2dbbfa6796b83ca4908ee8007d3e03a1ab17b834db3e83961f407a7d997e70
colormaps/detail.m,18593,d4da30fed60d7a79a86bfb2d5f5742be16eb086f05944dabe2269e1d53509d9b
colormaps/distinguishable_colors.m,5897,dab8f994ffcdf5e9e866934692f7f9d15515072709c42e567605bde5c7dd279a
colormaps/gebco.m,1915,1cebd636fb2ff3e98cd8d25131d6b4bbf605e75daae3e2cfb5fe3b425834d56d
colormaps/gmt_topo.m,11324,3989901a704da7d00149814b55e67908469be7a27f04999cc76032802dd6cd4f
colormaps/haxby.m,1405,38ff4c4030edcc0e8b39696e17fe71c9b7764f6171268982bd4508bde90ecaa5
colormaps/inferno.m,11258,2cacf31c0c41f4ba54fe309f1138b23f3368379181e008bfdc76a9d61f603523
colormaps/linspecer.m,8170,e66323268733cfc68449665470c22ee9126af2b652a71c35d6552b87d4865221
colormaps/magma.m,11245,bebfedac168ff1994348ae32771454fe79e0ef2b528612cd005370eead4e4688
colormaps/mpl_Accent.m,6208,665f7e4228ffb2808cac4118bc61cc610f3f9d5e6badb526707112d9c61ae7ef
colormaps/mpl_Dark2.m,6201,b0e78395d8a28eb0d2977c66dc31a45506381f995d3d402c62db53798fb4eb5c
colormaps/mpl_Paired.m,6208,7ec078b2306cfa00fe1066916ccad9a11fb7e27d393798856ec3f450f40f5e16
colormaps/mpl_Pastel1.m,6214,385c9e464bdbfcfc9db4db018380fb48f01b708f2568e570c3c635312dc82d69
colormaps/mpl_Pastel2.m,6215,e7ea27cd17bd9b8aed951561ce9d43b94ae7ac151ba2cfb9ae51b975b4bef03c
colormaps/mpl_Set1.m,6194,857eda120cd6c51ca5bd75fda84c7b4caffbb42328cb0abfc8105df2707d9156
colormaps/mpl_Set2.m,6194,18ca0d2011d8df2188becb368ee5fa2a485e9ca9e51ec920e4a4970a02fd04ce
colormaps/mpl_Set3.m,6194,37010e5ba7238add0d8f011ccd6213bfa377dc1f981b91dfe41f52ec3d83311b
colormaps/mpl_amwg256.m,9665,21f04e6b98eedd8585880441e24c277a63ff2c5cd641a007dbf109e1267d1f3d
colormaps/mpl_gist_ncar.m,6220,c1db222a7189c4d7f97269844c3ad7bad1b1ef7f04e592246fac739b2489b7c0
colormaps/mpl_rainbow200.m,9636,67fb3cc94452de5e38e43daf39ab2f43382884acf8cfc1e0369f21e2bb4002da
colormaps/mpl_sstanom.m,6219,d0e80dd1994e5dd3f67961f4377f7cfac7f8b9aadbd0c290a5a1a25dc1f142a6
colormaps/odv_palettes/Bathymetry.pal,4425,f8732803a48288d96fd09fad25a188eb9944161e053ee9a38881e83b7202bab1
colormaps/odv_palettes/BlackWhite.pal,4119,2a6c27f1a15ccb3def678bb18d4b2682be073f5834ade9e9a2b0f4e4988ff300
colormaps/odv_palettes/BlackWhiteLight.pal,4602,3644d80c3f5461e66f3f22522ef15a913b8a3374645060c5fce6366cba0c9dba
colormaps/odv_palettes/BlackWhiteSuperLight.pal,4602,e6393ba2de10fbc0adcb28617af66ae4305ede698e9a5a44fd4a85b3184c345a
colormaps/odv_palettes/BlueGreenRed.pal,4602,a480b195e0159dd6583e0b501cf9b98337fef7c4edcaf7b699cd70e0be8ea032
colormaps/odv_palettes/BlueOnly.pal,4602,2994b0642e01356eca0eb645fc6f57c9b2a1fc872f292523e3137054ff4ca6bd
colormaps/odv_palettes/BlueOnly_474.pal,4602,e69a6ebed2e2de409bdf5435d25d4d8f7d3268aa7220d22c0a289e7f40e6c56c
colormaps/odv_palettes/BlueRed.pal,4602,1a415f8fc77089e54a38a2afd56db565dff4aecce8d70da081bf2352e6b261d8
colormaps/odv_palettes/BlueRed_473.pal,4602,5c89a1b785005c4387b97b2172828c3d670565d5be698a55e41f8dc1ce8de611
colormaps/odv_palettes/Bright.pal,4602,092ee422e45fdc8d04fbd0342c0463ae001dbbfd53e1710838c0d5881902c98a
colormaps/odv_palettes/Bright0.pal,4602,5f7f22015aebc2ca3ef9e860e0cc429e9e45dfb3fbb11d125bd4712490da73ca
colormaps/odv_palettes/Bright1.pal,4602,5ec67dd0a14b1ffd4cb86adf5aa4b98d37372e27826ab50294c5ab5dd8b6d777
colormaps/odv_palettes/Bright2.pal,4602,640e4cfc75e70ee408e176a4fb3345d1a0b2ffe8eadec0c553059dc38b292aff
colormaps/odv_palettes/Ferret_blue_orange.pal,4602,ebb418c47858d9403697cc5f079bed228802d7b451cecd1af732888254cdb88c
colormaps/odv_palettes/Ferret_rainbow.pal,4602,8fea9672f64dd6110584dc6eddd6edf4aac31802a18e5ce88f6ce4a08a76ca08
colormaps/odv_palettes/GEBCO.pal,4602,bd99123752ffb98933038a7042a8a753ddb3cbdd0ad43cddb7522167c44c4862
colormaps/odv_palettes/GEBCO2.pal,4602,02aa3146c570bcd0a7cf1c094f2160ea791a54ca215856c492a17efeb3125bea
colormaps/odv_palettes/GEBCO3.pal,4602,3ee93b6c24783ed4cf21d54d5ef8e8d3784d920d6827833f1b7a7e1ec747bfea
colormaps/odv_palettes/GreenOnly.pal,4602,e82fb71f47e72cdfb6cd9b0d854c50028f95e9b72c4522f541119c5558951990
colormaps/odv_palettes/Matlab_default.pal,4602,cc40d5e9f456740b5e235baa9b40563165f6e3072b540d6eff1c637483c89e8b
colormaps/odv_palettes/Odv.pal,4602,75aa0e9e0cd35d338cd15009bf52de7165020208869d6840abf032dc6ffaf642
colormaps/odv_palettes/Odv_437.pal,4602,4eb0d7cbf0cbfd44bd4fb8787f7b09dc376a99c39d1c40277a6c8d94e8a65aac
colormaps/odv_palettes/Odv_465.pal,4602,83b5bdb68abab9335737d3bd996e33c8800aa83e7f375f830c268aa994b61a57
colormaps/odv_palettes/Pastel.pal,4602,08faa0df1f3007a8d28f75065053e4c569e3e954099d5bd8066294067c1b3c91
colormaps/odv_palettes/Pastel1.pal,4602,adf49a563a83ae3dfa33b9b5fa3e4f5a48c925ce8146232d95eb37f706c79630
colormaps/odv_palettes/Pastel2.pal,4602,80e0e7142561dfa8b984dfe3a08136289960dc0f6f4b2e2d4aae6b2fe81dd0bb
colormaps/odv_palettes/Pastel3.pal,4602,ceacfcd7d72ed637d9e397b7b5f4ea01df28d066ee1db86e3a1fbc3b397a0329
colormaps/odv_palettes/RedOnly.pal,4602,2ee4d92f70ca478f6d5d43c12605484bcd54e4726588e9e9b4b623b59f1ca214
colormaps/odv_palettes/RedOnly_474.pal,4602,1698673a59ddddfe4a8fed593e522a26bbc40a90dd5e0c74921989081cc8b171
colormaps/odv_palettes/Viridis.pal,3785,917617af70bc1c09609f88613718ab841c8b51e73125c105734bd80f106d2975
colormaps/odv_palettes/WhiteBlack.pal,4602,8fef53367f43ef4a7af1b09b2d9a9b8d14913ab1059ae2c33a5062eae546cb07
colormaps/odv_palettes/WhiteBlackLight.pal,4425,d44a95b121589706b75d8db32305a9e67987c1d1ffbaba133e9c8ecf3ad415f5
colormaps/plasma.m,11251,2acb476458a4310ada982b34d0d969d39054f1a631ca21dd516538b01d64b9ef
colormaps/red_blue.m,21784,60638ba64c037da270f255f4fc06d1dfc5ea3440bbad1c47e34365f88a17010e
colormaps/redblue.m,4245,3583ee6e10554cd0983bf4154d3430cf4bd0b55c830bb10281bbb54d5ba1df34
colormaps/svg_feb_sunrise.m,15864,5b28db34a3eb7517f25631b391fa71531a6b353b486ca590b8e7e358edc0ae5e
colormaps/svg_foggy_sunrise.m,15874,f00d4f54f19f4668068b8bc32f2a03d3ee5c5dd89851fc959528e623fb7b51b4
colormaps/viridis.m,11226,c26edb863ee948a9a70b1803577cfcf8f5e55f38cb26421a8f6974921b534eac
colormaps/vivid.m,5297,80b17ec31e39de710129a924c615727395ba090b558b73abaab571ce1b728b93
colormaps/wrt_palette.m,1446,fb7791d9b65489c17489c881abb5c12d475f403bdbdebeae86885b6c73d67fc7
colormaps/zebra.m,1742,d8307e2c87fa31dafb320775988316b75840ccf063f353bd4bd6e4d933483a13
coupling/Contents.m,1455,f372ab7b79bf46a1037ed70b41f5ceca42f88c68348e1b36feac999c142ff991
coupling/c_weights.m,4952,95ff7c32b1fe0dfcde185f2a16f67770e8da8d654f5e656e376c649463732407
coupling/coamps_weights.m,7955,950f5e6b8cf823fc6d5f0cb037d89bd44b80cc29482dc6150f0e85d851f06b03
coupling/smooth_weights.m,4175,14022e7f6cd16072acb50416143e160f7f72ad262c50d84bd4326c7d50378cea
coupling/wrf_weights.m,6806,3b0ed252e426e5e02f2b1dac9d25f5b2f454199d883d63e9ec41f344e8241ded
forcing/Contents.m,2087,0bc7e1d4f3fe3bcbc9ae0e70f0bb7a611c91d5bf875b48c13e9efe6d6b096bfe
forcing/add_heatflux.m,3487,f2ee5315261dc7ef27912ec57b2716570dfbbff416681d78434090208eaddbb3
forcing/add_tide_date.m,3331,3a391a48376214a4f9117d5868dba8d52cbb8c77b15ecc46c7dd5b0cb5f47a15
forcing/d_core2_frc.m,12142,97727751e418642b9d38eacd0d4d6cd04f6b2bfe03ac9992ce92f0444db7ef2f
forcing/d_ecmwf2roms.m,18627,ac92cf86e53b466a98e23cadbcae55dd3615fbf5a3ca0676dd22de32610fe41e
forcing/otps2roms.m,8589,3caa5a09fb240c2f5b8912fa5fecead1d0662e602147fefecaac61b812cd2757
forcing/write_tides.m,6510,0806b7e86947361f78dd3c5f7c4d91f700d65869e752955cab12e493c4e35fd5
grid/Contents.m,5015,58ac5f512ab9c283240d89e7efa09e6f2fb22509606f6db1b8e16e3d997b0b9f
grid/ad_interpolator.m,15949,b70c072ed553a0d61fa26d13b5e2e5105c39bc752cd7967f36845bcdee8c62ab
grid/add_coords.m,2721,18069c667133dd0a6a8bb6e4138c348cab8bd16121249a3b226847636eb5adab
grid/add_drag.m,4237,6ff50bf0febc9b402e15aed789c5e27640e66fc676ff25f2faf6cf6d77fb98c1
grid/add_mask.m,2098,2ee1d8d120d15af5f119d60c1947d31f120ee5e7dc49634eceaabdd73048c4d4
grid/add_masks.m,2463,9ec5ede8eff643c3defec01e259a80241d4450d0d0feb9dd84b0449a52c8a083
grid/add_sponge.m,4109,28d4b98bf044f176dc3b4202d50a84c8ea4dc3c77bca4af485f363c9e1114d9d
grid/append_contact.m,19197,199836f49636ca7cefc9cd1520bf6fcb8ee28ed2f74c17f824cca0b43e7f664a
grid/c_contact.m,23338,18911eb046df0612c9efb902a635041242e778d2ecd5632170c79bc284627e61
grid/c_grid.m,17942,2bbb916d8e914225e687a696af40bbc18e33d52540d73bf6fba88ddbd27f789e
grid/cartesian_grid.m,7047,6fc911a45f6d9d48ea0cdcedc3a1aff5c092cc430870e10b0ce04fd5ba05b782
grid/check_nest_masks.m,9306,5bb31ed2368dbc793f394ce728c3c7ff176d573a5251fd7f9e816faa884f7990
grid/check_refine.m,25968,0508491163a9eace5406a83133c8251c95a9c47909b42be12e136d485d344682
grid/coarse2fine.m,20325,3ba8024d6f45dbc1a5a1cfd753470e8812ca4fd0ec5ac6652dfe9d8750ea2057
grid/contact.m,130702,a30d84ce9399b7d93c958f152168e5c5c312d8aa1768339921a738ca34b5575b
grid/disp_contact.m,2931,c97cb7228eff08c1ae7d1889cf848a825dbafe481bcd9d8db3c8fcc849775f09
grid/fine2coarse.m,16944,0c6d1a9b85430cdab908ee950ef1bf55b04d4428685f52d30097b845dfe93ebb
grid/flip_grid.m,5996,a2dd75c34cdc2df77b6d91c412c1e4554196df8b62055444bdc4c5bbdedfd6b4
grid/get_roms_grid.m,24887,b55c7b9e03ec3744492e0d9b44fc9a564bc2465ae70ff32c1bef2c5888d6df78
grid/grid_connections.m,23697,e04fb311f1c56be21a395d05291dedad7fbb5e5491d15ec2ff0868eb1c39b0d5
grid/grid_decimate.m,18994,196d8e4f33c9b85ce6eb0fbb1ae5bd6f17943f90b10ce60310f9e5b9204bbb92
grid/grid_extract.m,7510,d80f1e3e1a81545c20c2fc93f2c56c08ef66251734a67abffddfbfd8f9135993
grid/grid_perimeter.m,25498,076156c541ae872b16e55920750e61296cbf2ca7e247fdb566971e8a7e273a83
grid/grid_rotated.m,17913,da2ad7628b41ccff01c76be2714f66d1e5c77d5459732f225d3439ead230e5ed
grid/grids_structure.m,3098,f0c0b864eb9a151156f0c4323b9ab3fb7e36d1c6d176466b59766291f949a282
grid/interpolator.m,13815,b541e8aee32b988a6bf476ff878062f648b61b8886909c73f85f4934ec54b113
grid/plot_contact.m,27431,6aa3a67b5c55ab53a53d2caa02d11cc0e17423a0e6c2787f4d0e215ca25cbc5b
grid/qc_interp.m,18365,0b16c5fe3d3c4b584594a27e9540e0ee2fd98c568e7b74be9f7748430e383627
grid/read_contact.m,8301,bf61eded43edfd90dd370a2aa3adeddeb0136d30614539de9c1c07198c6d9802
grid/refined_gridvar.m,12662,160ddca0a644af31f4395130b0920ea96b0094425b93feab861d34e1d8105073
grid/roms_metrics.m,13254,5230adafbe4526a0fa7364806cf7681561a3390b872d2f4416599432629d1d32
grid/rotate_cartesian.m,6416,77266ef665ee76f24d70100a06ae57446bbb6be153bc0bbe03e4a89de64b5061
grid/rotate_grid.m,23118,fff3647a90c1bcba7919a293bc8c679639cf99362c4c4c6720174abac407807b
grid/rotate_spherical.m,19768,975753ba2dae568bf2ef87c6ef200e80e0459b8cd737fd077c7890f0e298cbbb
grid/set_grid.m,4645,103744bd8e1461cb88be87000b01f05b941f741a3e6ae859f8d2479e24a3b1be
grid/spherical_grid.m,19159,f40c7ac0ad9df2041c2b2a3487f68b7b7e44996ab7b2b9c9af6b291ecfbd295f
grid/sponge.m,6430,ffc50b93c302e4c376520ace96f8e2b90224974ba0173fa4545e44831e7556b0
grid/uniform_grid.m,3190,e7488013f2a097b43edabb8963ab465bcc4a72dc172c86d4b1607a6459a79b75
grid/write_contact.m,14944,2808bd620f9502a5ae13b73653e7bd9b572546721f7ef37d754f0a4b08942c2d
initial/Contents.m,3298,5b359e2692e288f863e06bafde3530fcc6ccf6cfa9415a7188a64751ae02aa89
initial/c_biology.m,16566,82b182e034a11d03d1bbd04eb0dce58fd233b034b9e305f3037647c3dde45e61
initial/c_climatology.m,23246,4102647c46c059aa1bc1d53aacd167c82402ee0cbeea2264e845fae25672af4a
initial/c_initial.m,18671,641765f02181e69f2b927efb051f456e22bd70cce5d7f7755f1ef9e156b95c53
initial/d_climatology.m,11506,dcec4bc281d161ab8c6980f0cc5f59d3d8d79414c06f55563dfd2999c2560078
initial/d_initial.m,8814,c5b5cd484a4ad4119f7a58fb9a15f7450c27102f391fd3974e9bc37783d0ba31
initial/d_mercator2roms.m,10966,9d78931eb395b4a82ef0ccada282d66850aabfe3a920f6e90a79a3d8c18242f9
initial/d_nudgcoef.m,8645,f620ae79248045a86ab7c1f0c4ecd1f8e6f971b71e06358b1bee808ced4dc1e4
initial/d_oa2roms.m,10714,c99cc9f51e3e21a09eb15902a15dfa40cad1e67f87d9a0d3cae364138ea3326a
initial/d_roms2roms.m,7265,830dce67001735863bed8e2a6de1b007e6786d3bd12241fd1f79ea53a505eb58
initial/interp_field.m,10499,9db283c127667d840ee8d92a074cfa285b5efe552246e62bab50a41be65f0e60
initial/mercator2roms.m,6205,1c0ca09f0e38a9ad0e724aa9e3ca1752129a9478577814cbc9cf8f33a084d40b
initial/oa2roms.m,3396,32efbcb6c498457691c020dbecf41a86fe4eb268147f55a39a9dac8225a9f53e
initial/oa_cat.m,4886,68b46fbda43a026de3fd06356eb866ffc30cfe29418ae4dc2bd0bff7e9d35f48
initial/roms2roms.m,11977,c52b2b26b77e9db56421269fae7f0c48d89ae2d63a5de669cad96541f6d658cd
ioda/create_ioda_obs.m,20420,49ec7cdb8f418a443ee96faf35a51305c28e2190e6c905e7f75d68383b1142f9
ioda/ioda_metadata.m,3917,2ab065400dc7beae44937a9ea7db4ddb173c3b4a2eb0046215e2f9a4bb7509d8
ioda/ioda_read.m,8483,12ff96610a361f3056a772ad9b54bc6784a9de257b3974f229e194cd3574d497
ioda/ioda_write.m,2519,4371e030b27b21235375670bc27da6d98330933cfe8e875f117a35d51fd0f044
ioda/plot_ioda.m,17652,14ff96eb64425bfdad16306abb9a38815222c317ad845466e1e1021fa6216206
ioda/roms2ioda.m,24704,792064376ecc5d99d9fbb5dbcd722072ed48f707f5be65c9f51d6b52652b4755
landmask/Contents.m,1977,baa01fbf574f6372909d39e6740098d3e691e822df90b7b662167518e7094257
landmask/add_coastline.m,3344,7219f8688b0cece5c70939a0e9a8d49269d4bfeb9a573df40965fea1d92801e9
landmask/add_wetdry.m,6782,5a3a412e1220f128e51e9f91d420eab2902b5a7f977c05e0525af4cc421efbd6
landmask/axisscroll.m,3979,b1d6b632206c7c645101bc80437008495cea2f830e4d936c7313d38715273f34
landmask/button.m,941,c7377f4afd63c6954ee9c2fb939b5febd9e01d8c2f21bf9a542d7686fd537455
landmask/editmask.m,21168,c2549554b2303f1e6ffe889189e2db2bb837c434cd4e186040682b9db0c2d6a9
landmask/editscope.m,20907,85c6ddd50dcfa8c636ee020cfcdb9785fe5a5f374b13f2bd1ba60418263c1011
landmask/ijcoast.m,4006,0b6467de9440c0a2531da343083fe39df0bd46a2457ae932fdbee3d53a3b30e3
landmask/landsea.m,10379,6f93bd4f013976aa83cfe9cc5374d73d268b2b6fd24e0b3de5b56736acde5e98
landmask/pltmask.m,5115,c312b69fda494d4ec36da7f7d67e8c23ed748e84682ae27cb4d6b7a3e8057cfb
landmask/pltscope.m,4414,2beb2ed2c47ad1ff0f379457bf3800dbd67f52e9d2fa48a2e43031c487ac1fa5
landmask/pointer.m,3020,58569162c5ee83d5c95917cc80a6372ef08c33ea0df643f76b9692e6cd55d2ee
landmask/radiobox.m,2455,fb02ae5597fe3f8fb9c9129a38ebc7ea446191e09da318896eb626bdff101e92
landmask/read_mask.m,3544,3b8ece3fdd474784ede032d1503df4a89088a8a3f791a4e058e1a2a0dcf580c0
landmask/read_scope.m,3679,188fc56820030d0cd4ab9316985fd9c93280ba45b72b1c087502cfd2f4eacd32
landmask/textbox.m,1804,7b039e4f67b70315019837f2fb33ce57f2c8164938aa000cded97ddd3ddc54a7
landmask/uv_scope.m,1087,f2d358b5f716e8890d69823781623e4592af5851e1683bf99a3d7152bf5b2b26
landmask/uvp_masks.m,4139,d09e806ebd099180a2c5a083e83be0242a73c208f2a5e9446d6236e73d22f13d
landmask/write_mask.m,6099,a3fa30d16462a7e6a5cf0d1d5fd67535729c2f4a0fc4403d90a859a4b5ef457e
landmask/write_scope.m,5476,647fd69ce3b2c9a1657c1aedf4444fb956a0f354f6dba5ecb5172dd8701283b5
m_map/Contents.m,6114,24c918037cf94bb3ccd1d8981aa6aac3b32eae313982ae1c1c3188a18744eeba
m_map/m_annotation.m,8701,35e67625440c5833f118085855f807d2406e97a1a72b4ff058e770041b7fddd1
m_map/m_coast.m,925,4c036bb1293abec734f5fce894ebc85999554505ac0884622950b9844d060c27
m_map/m_colmap.m,110664,3b9fea4a6d46705b6ef4e407e85a8dc6da05db018f7a4dd2ac471f1fb50e42f2
m_map/m_contfbar.m,8047,2ac01e615efb095f56f2a6292c19bc78daf6bb0bd8eeb6c7fb88f7d9901f250a
m_map/m_contour.m,1486,f33570936431afff23bac0f0b8e37ac2d57f970807d9c42e997e582ca040f5cd
m_map/m_contourf.m,2490,b3d129917727e40387cbab6c5cb80d04006b1f0606d8ca7f61a0493607042078
m_map/m_coord.m,1722,bacc9e979a6f9ff5ad3b389b511b07a469b1fa2060d03f27967672ccb81049c7
m_map/m_demo.m,10035,705c3f6aea35450680f0a708bf4dc03c7905bb4cd9b3d3f59fd27b54e5766381
m_map/m_elev.m,4068,7183e18654ccbf7c860ff5a860736025870c4f3394c6785c1ab3e99b4c45af77
m_map/m_ellipse.m,5288,ad6b8c1399895aeef052c43d57cc01f8f42d2932df0e1a5504bd7cdbfcb0989c
m_map/m_etopo2.m,7967,75a9a78dbf304f73a7dafd2ef85c257377ce393992425004db763c73923b99f1
m_map/m_etopo2.m.OLD,5524,7c7840ef40fcf65dff5ed5b86b14e50963cf1443e9f50fe3f9bd7afb0cac2410
m_map/m_fdist.m,5299,00b04a6721965af0d658e7fd4aac9f39ad8c97673ea22a1f8f8c84aaa97b42d7
m_map/m_geo2mag.m,1466,06f4ce714e908659251f5647896620a385c604f8e0e02b183fb8e30cd1773c74
m_map/m_geodesic.m,1727,b10bc31b35352a21c95bc9f14e970191668eae4e0fe45bd03b6ebce9b237d5c9
m_map/m_grid.m,31846,2f4e3cf3875f72c7ab47e506da3c045219b7656cc093f4864698f6e935b7ff41
m_map/m_gshhs.m,3731,0a637e3c2a06146266367c5d5d5dd1592bed00deb2306b99e1113715e61fcdc5
m_map/m_gshhs_c.m,1043,460731f320c5862af72fdbef6ab3f37185f7dd331a05ceae8f9bdc0553e25d76
m_map/m_gshhs_f.m,1037,c13b1838cbe44b08d1c4f5909b63b269c6cf1341594d7197bc19900ebc5daa80
m_map/m_gshhs_h.m,1039,34baebd9c86a824b549ee8f12c6fedb5e53beac1ce81021800a1170c93246792
m_map/m_gshhs_i.m,1047,7d890e557eecbc5753bb695191e02759d14f75f9a982a7119014825f98ef918f
m_map/m_gshhs_l.m,1038,d03ebe790519412323ad54cfb55510e7bf4080a8b5d1e76e000157d9756758b8
m_map/m_hatch.m,8837,d2ef6f5f125c831474932d27d0f3c4e10acc5946af475221fb9aaf61f83d31ec
m_map/m_idist.m,9821,5f6b5d28f8afb253371086d70992699a38e7780cc318732ff4b7a69e5b1d7b59
m_map/m_jet.m,21780,0d668d47bf4b06214192f96e4aa5b252249e1bf9c5af506859d6a857c920f27f
m_map/m_legend.m,2986,8e24eabb376daf702e3c4a464708f300ddeea6776958b2ebc407b338ae5c3fc5
m_map/m_line.m,1415,c34a7b8a42172c9f51235ad34eaa4f415b0c840a6842766eb6c7cd04c34fc8d0
m_map/m_ll2xy.m,2305,b5f8e8c7bd40365b794a03cd70c0fb41d4f0cdeee098d6871814812948bc3001
m_map/m_lldist.m,1998,c2fd76cb0f6631d8ff181d3d24ea5f563082bc5328105d83dcf37affc0e47d91
m_map/m_mag2geo.m,1463,f0228903137b582693d4587c6484acef3bebf2b34fcc30f332b4f4bc2d2d9740
m_map/m_patch.m,1220,c1577fd5940156925ac358b19792de9b156c79a3e50de68c1b794dcb38b64861
m_map/m_pcolor.m,2415,7f2cdaee19341fbf8cf9f928e1390cf9384cefdd56c0d42b828567fdca8bf766
m_map/m_plot.m,751,52aebb9a2bc280678b533124c6dc6ebd6e5f81f598204125e286bbf67bf18871
m_map/m_plotbndry.m,4358,13d874c724ef022b89f862b8be1d4ef5670f7be1536334978fcf1ceb12c339a3
m_map/m_proj.m,6746,4849de39bc1d25e6c6ba7238a9e60cbafe3a85cc765aff3e8710805052ac9159
m_map/m_quiver.m,3130,5d623caf070b5737bea611fa72f2a1d0504202a28e55ed7de905a7e487b53793
m_map/m_range_ring.m,2921,a5c74677f7df5e002cfba3072c2101de315be1b550fedd331eb2cccb0c1ad9f6
m_map/m_rectangle.m,2872,75accc95cfec53f5236ee90077f4e031953dacffb4021df73143e9ff1f79493d
m_map/m_ruler.m,8444,e7bafb3d32a52e87eea6f9d0471aa388df029dab4ff55c1872ba46af3d048594
m_map/m_scale.m,2601,61771897b4d990c7ab7b6a6307b2b3b811cb2f65b2197a0f0747d49cf2f7c46e
m_map/m_scatter.m,1597,07f94e9ee22f903af82411847041e11bfdd4aefdbc23cd499f78d307ac9c4610
m_map/m_shadedrelief.m,7992,79735255134504ba64138b5d1e3f3307062c498ec9d4ed5dbea5bcb25f8c8823
m_map/m_shaperead.m,9954,eddc3759fafc1dd24c715ebe218bb492c0b01cf009c4800766e1439bf1c68029
m_map/m_streamline.m,3566,c34fb9a21a0f0a4637ac3b1c8d90326bf46a5ce13f917a0e79d055f1cafd495b
m_map/m_tba2b.m,1299,b31cb067583a77ef154e62176235d6ffbe2729bef4af36ca309012add112d2ce
m_map/m_tbase.m,5377,9444926f1164ca85e2e853223250edb4600d2d49d9f74dd0b5139984a7108c5c
m_map/m_text.m,1484,f2f302d9608a901e1e1494192e397e2cc4b1ea3ed28a792c391361a5ebbfa68c
m_map/m_track.m,7243,c29d8517312acb4a9de0ad99fa47ee845eabb5c0fcd4fed461ea890bc24b99cd
m_map/m_ungrid.m,1029,21c77268f77ce5f1cf0349e99f3333cbac41e07532ddec8180b1635976342674
m_map/m_usercoast.m,851,0791fe4cc842f62dfca025223d3e93296622d698df5b12ab58f398941e47624a
m_map/m_utmgrid.m,4703,f1141dbf77e1cac90f1abd40723c390f3c6ce33cd903bfdc5e6d0c66abe784b6
m_map/m_vec.m,15299,14ffd1c87f46e382768bc4b9b619886b95aca636691e60b715060885a119f4d7
m_map/m_windbarb.m,5513,658334924af7a3ec0be4672863d38810e381c224d33ae4f78681a926cb9e510f
m_map/m_xy2ll.m,933,6fedc505b2f97d1d11d2c96347fbaf7cc235ff7670f1bb1fee62aab76a12d1b9
m_map/m_xydist.m,882,2f1a7cfcde7db3f705fac09e302cd2f34d3051bd5bc755e3520af470bb5e5189
m_map/map.html,41159,c9fa665ca9fc5f4d54fff9830cc0a9417b407771e264f6161ab2e3929d95249f
m_map/mapug.html,93393,f803ed838f66e38d448f2fb36dac52ff402a2f79e26f6fd1b14a3f57416867ce
m_map/mygrid_sand2.m,4670,0fd9ac81836a293fd4eefe744098fb55d47ddd32998c9f84273423529968fe1d
m_map/private/._mc_coords.m,4096,e65384b5e4859346df3370f051e0dfb884c25d4befd6245d322472e7b8c6e32c
m_map/private/._mc_ellips.m,4096,e65384b5e4859346df3370f051e0dfb884c25d4befd6245d322472e7b8c6e32c
m_map/private/._mp_azim.m,4096,e65384b5e4859346df3370f051e0dfb884c25d4befd6245d322472e7b8c6e32c
m_map/private/._mp_conic.m,4096,e65384b5e4859346df3370f051e0dfb884c25d4befd6245d322472e7b8c6e32c
m_map/private/._mp_cyl.m,4096,e65384b5e4859346df3370f051e0dfb884c25d4befd6245d322472e7b8c6e32c
m_map/private/._mp_omerc.m,4096,e65384b5e4859346df3370f051e0dfb884c25d4befd6245d322472e7b8c6e32c
m_map/private/._mp_tmerc.m,4096,e65384b5e4859346df3370f051e0dfb884c25d4befd6245d322472e7b8c6e32c
m_map/private/._mp_utm.m,4096,e65384b5e4859346df3370f051e0dfb884c25d4befd6245d322472e7b8c6e32c
m_map/private/._mu_coast.m,4096,e65384b5e4859346df3370f051e0dfb884c25d4befd6245d322472e7b8c6e32c
m_map/private/._mu_util.m,4096,e65384b5e4859346df3370f051e0dfb884c25d4befd6245d322472e7b8c6e32c
m_map/private/clabel.m.OLD,16828,0b58d09480533666e1ea7ca94eda65ac9e54bf1dbe77f8a0048b4ffcbf3c5ad0
m_map/private/gshhs_c.b,131,1cf56a6d831ee3a02b9a8d670552d29f435dea48d3972ad921cbb76b1d40cfbd
m_map/private/gshhs_f.b,133,4cb8e1176249d1ecac34faa0e55bdae05072703289a0df997a1b59c879628ea3
m_map/private/gshhs_h.b,133,15daa57e7096d6e18b1951be804b5ff552d0e2f814835364e2a3676361748c81
m_map/private/gshhs_i.b,132,0b2ac7942e1aeb7463551d9696e3c7713b27af544c64beac858f40f0d840e4f4
m_map/private/gshhs_l.b,132,70dfb6a5cc5cb3b6d75a26e9a1b616cadf43255f413b93c2d9b932e7287fcf84
m_map/private/m_coasts.mat,139528,37526c01b816ee71daca60728db0c2ee0e2495dcd4b787aaa72628cd94704f76
m_map/private/mc_coords.m,4759,503e07e404d91a6c1bf478b4b22b87016b7c1a3fdd6451fa5b336ba04fe32fe7
m_map/private/mc_ellips.m,623,09ec0106d50ed3ff2ff28bc4013888536b0ab92adde66e413e46a57f9f829559
m_map/private/mp_azim.m,10231,01ed2a0ead91457d90b0d34eb07db24a25760c082e500554905d835e6716c493
m_map/private/mp_conic.m,13078,e1802f4d40dba5f2b0917b51c3897502ee2beb939eca3b6b0580dd4c7d6481e8
m_map/private/mp_cyl.m,5746,5a3dbf4aaef66020fd4cfedb04852c15b0e890150d493bd3cc94bb0fa4e76220
m_map/private/mp_omerc.m,6069,45e95d6021328fb4e47882b1f783f5c786e323d26a6ef14c10a325074b7cc165
m_map/private/mp_tmerc.m,10005,68aa32d66cc609e193f20dad9df44dc2f9526f4fc651b6cb1abc38b6081bf7d1
m_map/private/mp_utm.m,10013,8af02feb03dd29edd95372ca836d200c927d0decb4b506441e41ebbbdc152df3
m_map/private/mu_coast.m,26102,c09462d2deaffbaef850f2a5f33af980c54128b80eea9ec2d14e4083a3d8d4d0
m_map/private/mu_util.m,12821,d97a1218af45d1894bc40b58032cdec66df5ff571df9e102973f40a4f3306e21
m_map/private/wdb_borders_c.b,130,cef9d261a0cfccaf543587685aec9daf641359435ff72c44e4c243888dc14fc2
m_map/private/wdb_borders_f.b,132,66001ba53ccc1a6b67a96e2f3267be42f0ea9b3543670c7aa635919720affd39
m_map/private/wdb_borders_h.b,132,dd5a9bfd40348bd911fd23e6656a5fe9aa817ab9aa9b042f502967ef029af281
m_map/private/wdb_borders_i.b,131,18f64119219c2fe679b8b1134a3564d7aa2d32d2e3cad9ab5d830891988cc58f
m_map/private/wdb_borders_l.b,131,4ccc2216d52ff2d1eb81dc41017e888819b953c15974ecba96ea5f35884c3287
m_map/private/wdb_rivers_c.b,132,c25fc614511e78e337b8f1c8c85a833d0fcde45e1b7b850631c1d616f63760db
m_map/private/wdb_rivers_f.b,133,e0832aa4552aadc13371bc956d62f2f3dec4a471b00703fb0d02fc6061660084
m_map/private/wdb_rivers_h.b,132,515430febe01b40c8ef8caf702bc536825401c1c1337a503b35beab11fb74313
m_map/private/wdb_rivers_i.b,132,7eaaa6c151834c3b4900dcf9484e2c1d04ea6466f5e3588a10c857d91e30b0bb
m_map/private/wdb_rivers_l.b,132,a689af5627d6a1662b35d94d6b48b7491bc5c6b97ec923f80f712f7e656a3231
m_map/wysiwyg.m,756,386ab03945ce7a89c3bf87014bdd639306c498463ae69931fed19f2a3437e14f
mex/Contents.m,967,76d3df3ae5dfd69c576590dfddf84df77f2029d07d0800e5f319212dccd1dbf0
mex/make_seagrid_mex.m,526,31a6be009cfb69dceb3b45dfcde1bd18880a0e24f22b55a68a1d57950412661a
mex/mexinside/README,330,a1a1cd6d8f213eb478d58f74d766ea470ae6b9e2950e99f9f4a3f10df0397cf7
mex/mexinside/mexinside.c,4192,60242a464a47153222306fa8c763bb3e6c4345c176d4724b4d6146ff20e18a43
mex/mexinside/test_mexinside.m,357,138335eb887f2e40fcca6706c52ec7cb94a770fa7374cfd6721b7dae83998a3f
mex/mexrect/README,1870,1dd66bb26b927c3ee23866c756cf809e4a838f68a947d87e94d366610818a2fa
mex/mexrect/makefile,135,d140b9590621376cce9452875f8d2efaa4ac150e57e62e3f8a8cf270e123a271
mex/mexrect/mexopts.sh,10072,61b66ed7407f2fe59b04fee97fc6b03bb8b3ecee61b095f99de24ba4b6618e34
mex/mexrect/mexrect.F,7509,9a4224bf141f60dba031e6fc2dc2c7385132010cb24d07bee4283c51319ef41d
mex/mexrect/test_mexrect.m,1610,67d3086fbb0fc944caea71bc906b12630edeedaac769f6d484377db62efb035e
mex/mexsepeli/README,2189,22e642ad08c066834c4f3d286a9ee11f3da8e336d893ddf5778d0018678abaa5
mex/mexsepeli/makefile,182,b9e4daae967ba6c9404b2567ee88a33c141bc122f966ff1c3d806b1b383a82cf
mex/mexsepeli/mexgateway_sepeli.F,13100,22d73e7f2c390fff8a08b7db498517e7ab9657934f51f8441a01c5e7770131f4
mex/mexsepeli/mexgateway_sepeli.c,6244,be4b65b781530eaf7f66e5b49537eb85c8373a37d419c2fdaf4672bdeb40974e
mex/mexsepeli/mexopts.sh,10085,94f4ce13e03903706f8e05348562dfdeb369a4613df5a44488b5cd237e6a96ef
mex/mexsepeli/mexsepeli.inc,1626,90b3e860ca9754afc45cbdbeeb03701a7cc2da54ca1020e021d08399094530e4
mex/mexsepeli/mexsepeli_testdata.mat,315680,671c0e99e9304b7b3a487826938c78cfdce4d55bc1581ebcf27f56f7f177f86d
mex/mexsepeli/sepeli.F,109698,9eff8fc30e1d8e782e5862a8c908dc579a18777a3d4a3f9bc3ac3f53314bf3c1
mex/mexsepeli/test_mexsepeli.m,405,00287492d8025de8406cf03c5128a440172d1bb59029f2abac96267a7c892f13
netcdf/Contents.m,5056,2d37fa626e40bf638103a1cea186e05edd12a1e1a5f0e6ec41596c76cc9b6b0c
netcdf/check_metadata.m,4363,1b98e65b9ebf189f4b99c3026d0224383c4c78e5daca2eb112141a4e04185913
netcdf/check_records.m,1818,cf6dca00790a4cab9173dadc2975a33f83349ff0b3a909a2ed64b50e90373660
netcdf/nc_append.m,5224,7659d9dcaa46985659ad63182f7de4d419df58cf915ce0bb155ec915738a41da
netcdf/nc_attadd.m,12796,bb9d37c974a9aaa96741846edf2ece97c0b8e358aff22b149599c4d4fd2a0904
netcdf/nc_attcopy.m,3309,96921e9215944cd095695b64e0d7eebf419b86df08aefc7d1d9b9cd251a422ca
netcdf/nc_attdel.m,8238,b23e35d65074c1f7650987576cf21240b6aad77e33a08e664551d74e176bfad0
netcdf/nc_check.m,3093,f10ba6daf5af627720996ecf7a2fe54893033dbee9f5d25aa9d069535adc6efb
netcdf/nc_constant.m,2286,01fd869f79923c495ffccc69cecc621e0e18f14797c22f6acb6fc9934b918b3f
netcdf/nc_create.m,5965,614ff1c3fa11979a75d2778755a5a0278588d3b9791f57c0750acf74a045adc2
netcdf/nc_dfixed.m,2992,5ec65a78d0754fcc2d42b510409a127feaedeb3428016bcb1b2d1959347124bf
netcdf/nc_dinfo.m,5308,1c559ca602d26b42e7bd2d46b9591d302aa259c7599c18b38734b08bf2b2b978
netcdf/nc_drename.m,5015,154d67b43e9ae005585142ac22110f9c9d05572a61fd76238ff20a08f7bdf780
netcdf/nc_getatt.m,14734,1e663126fcd41067ebfa244e531c6465c43104b1631350a784c1efc09f741f22
netcdf/nc_inq.m,4566,fdd6145f41f2a2181dff1064c8140e8738f329b07ce4e3854924acafc7c65f0a
netcdf/nc_interface.m,3491,df9387968faeab6c36917002285900ec61199291d81dd4953544cc78a22bdd5a
netcdf/nc_read.m,32840,85e088ff704466087dfe2f41206ae480c9d5ac9517969d76e7c1ac31eb440f94
netcdf/nc_slice.m,5794,7b7b01e1123247f4e107aec547e3e5275cda75ac338579ee46a67fc6c951f5ad
netcdf/nc_stats.m,6800,e9392c4289a42ffe18b1e17dfdc241c8e39e97f32d03de990d76a365bb6c1425
netcdf/nc_test.m,11290,ef169948df664f1dfa630d70fa9c65c2e6cb165626b8c86a86e5b2c1dd58270a
netcdf/nc_time.m,2251,782e81eb3c966a030b5341045191bea7f67e9d17088e22cbf4746e00fc378e28
netcdf/nc_vdef.m,12918,9a987fd5ab2a8639bc90e1dc81cefa2ff6263938fd9fae979cf26112e2117631
netcdf/nc_vinfo.m,26527,a0134e80b07c582bcd0adc55f675d5556513c47c094666aab7edb2757e82788e
netcdf/nc_vname.m,4222,e30948566a5c3de1805e14fd43602b002fae9fe157bf1cc27eb1fc07df8a9b2c
netcdf/nc_vnames.m,17395,a6aa385b8e7652d349f82fbb1793b8072fa0f029afebc862223a9435f4f95082
netcdf/nc_vrename.m,4970,2ff589313646332a1179a97de2d34542ecbe9533954290e0a2c192de71e7d8c7
netcdf/nc_write.m,16670,835439560200d325c2ec470c9097e79fd3265ce9b6d8ecb066d7a988d17b5189
netcdf/remove_record.m,4364,85249588c8c538694f83a844df52eae5c05c1570c7c01954b339a7e23462fd29
netcdf/roms_metadata.m,226757,868878503c0f9245710df0e1b696bb41ecb4a4d4434f8bfbc12f7e8ab513b4d6
seagrid/@seagrid/SeaGrid_Pot_Setup.mat,392,8e2be8139a235f18344b1c4c3be541be74c520f546671bee97f1d385f37a8e01
seagrid/@seagrid/SeaGrid_Setup.mat,1672,9130ff49a68a3890bd0c4c563b53758082a969a7b01557e0d53d762f1a4c485c
seagrid/@seagrid/SeaGrid_Spacing_Setup.mat,624,f3f6739c508119dc5b04ffa3eb7e20868639c2a26d3a1597358d0a7988ed2c8d
seagrid/@seagrid/doaddmenus.m,2705,4e945f0de8fa2ab6195787a1187ef9bf203af797f474b0b5891ef299cd1249a5
seagrid/@seagrid/dobathymetry.m,3992,63034d04d45e1b0ec4efd7c5d21b321afc2b387e5fe5c3062728520e97a21f6f
seagrid/@seagrid/doedges.m,3800,bcb0f62d12aa3b91675365168dcc367c87fc049dea550349ba6d9f409378caed
seagrid/@seagrid/doevent.m,11271,19823d94ff932de3f8baf9c35997d41b636d731b7fc7e8d7e1512585970174f1
seagrid/@seagrid/dograticule.m,1638,90ada1b6926f1615dac3f2ab963a89946c20010aeaa977e7282d979af31c75aa
seagrid/@seagrid/dogrid.m,4884,e466599005194ec78ff98e8e68fa9fc5bf392387a58534dc419a9cd72127e445
seagrid/@seagrid/dohelp.m,1437,c01dd2aa7dbc6b89f6008c3863194b704c96c29bf8c84e3092ac17b3ddc2e94c
seagrid/@seagrid/doinitialize.m,957,7881d4e6c7ab814546f87adfe8c50a5c298d3bb0415402b0768ca008a3c5be22
seagrid/@seagrid/doload.m,2588,1cf02257cc4c2c8d801061be9f51bc596be27b408ce05f20c7fdc40b4e11cd57
seagrid/@seagrid/domask.m,2324,49f67394da9429da407c32e2d25b619632ea3f3401f1a85f9dce5e3367ea978d
seagrid/@seagrid/domasktool.m,3510,2908ebd6fa6bdf3a5db563364bb8640af9212e2504f8e7d4c2c15bdf3bfcf112
seagrid/@seagrid/doorthogonality.m,2438,ab831f9691668cd212047648968647e38a634160f0e22ddfd58e6b6a5826facf
seagrid/@seagrid/dopoints.m,3155,56f7236610dfcf47b3541c432c0c86ebc448e367f2eba56136fbdd68e6c05fe3
seagrid/@seagrid/doreproject.m,1649,6a9df20bb1d7f355a3a775ab9f31932cb0e0f21741e1843ec4a7462653ad7582
seagrid/@seagrid/doroll.m,1489,d0ffbf83fef2f624ac4c9e27c8ca15d9a489be5ef42bd195a07f62b296902b19
seagrid/@seagrid/dosave.m,4542,601bf89577d582b9e654e9e0ff9ccf05e083456e362a90b1412f6108616589d2
seagrid/@seagrid/dosave2.m,3608,6eceee816b019f2245288ffdc8951acb0e95ac3b6627aa161ccbb42bccacd66e
seagrid/@seagrid/dosetup.m,4429,b77d4b171dc513a7eb2f3db93b036efc70508f5ee3e773473c6a1dc52d36098c
seagrid/@seagrid/dospacers.m,3816,edc4d3d9d6f457c7a3a4846058a5ed73d5849eaa36c64bbfcb87c02b05d0c07c
seagrid/@seagrid/dospacings.m,3719,d0bed2cfbe3c151921794c98853990581dac0014d1283ab6abf2bce4d8190db6
seagrid/@seagrid/doticks.m,7839,da4efc6cb76bc3360f5998d276748846977170ff41ceb5fdf6f7e6857be64ff3
seagrid/@seagrid/doupdate.m,4280,074ccadd058e2e20dc0cb5ce76bf72e1b7ab3d8331fef5816f92457e3fca3250
seagrid/@seagrid/getbathymetry.m,2466,d2081c25e5ef588890eb2f9633f4e9b7aca9a305c3baecb6b118e4a838a6237b
seagrid/@seagrid/getboundary.m,8189,8bea159478b45674555ed3249525d9a85dbbea83050877473b87c61f81b980d3
seagrid/@seagrid/getcoastline.m,1911,5050479b78d24afb19e6c1ba91e65a11d36a837847d1b059023bdd35ddda0a7f
seagrid/@seagrid/getsliders.m,2003,337e9d5d51542097652b55e8f08e65f68584154849e0cf13b2a1b7b27984770c
seagrid/@seagrid/getspacers.m,1313,709cf14a41b957102e15bda256a5fb0a2a7b12acf037b1a32415e916b9d39e28
seagrid/@seagrid/getspacings.m,3229,694567a0f473e89497a8f18555d81d05c0f29715a7affd407d2b2174a56e4a23
seagrid/@seagrid/gridcalc.m,4385,1bb40ca6ccc901891b779b9d04f896f32e68ba664a3ebf22c6ea09fb54c64041
seagrid/@seagrid/help_about.m,969,2ac59d0adaf9087ce0782e07a6bf010e5cf86d28d3555899c040db6901aaf1a9
seagrid/@seagrid/help_bugs.m,1361,5c794b11e30fcbd33cf08ef52a18db921b2458fceac54abc7625fa43d5e62be5
seagrid/@seagrid/help_depths.m,939,8935ae7907a1d91b677049f3ab65542fdddce9acdb59ee7dc4ab3ce9350b3be4
seagrid/@seagrid/help_ecom.m,626,f9624b85629bead6184c3d4e6f8bf6f6bf1b5a37e1ca5322031dcdfbbc28f668
seagrid/@seagrid/help_future.m,994,ad3a2794e12dc9f31b57583970e1a31914781527a6a6576a342d3475d4f0c9d9
seagrid/@seagrid/help_general.m,913,bf7963ae5994d9c07328fb28b20e7403df3d4a14b8150aa2bc8feaab8f856a29
seagrid/@seagrid/help_help.m,671,dd89339f998aed7d0615c12f4de1e83ff8ece0ec4ce1d8691892550751e2a636
seagrid/@seagrid/help_io.m,1753,06c2b812bfe55135546cafa216b4220a6e4781033a797ef906c6611b56db9036
seagrid/@seagrid/help_loading.m,1437,f7e5eb87493fa02a13bdd80c2c39942bd946e2af3e8205d67b2701d1b03ebb53
seagrid/@seagrid/help_masking.m,880,b1c223500295be9699c9ded8f5398927e845584c76d5806cca6deaf5f3a07e7d
seagrid/@seagrid/help_math.m,1391,d52d05458fd35519b5732932aa306214f1449392d95c3d3a61d16204f7db12c5
seagrid/@seagrid/help_menus.m,4152,e79da08d3b30a6986ec7675dd27feac09aa2260c8e67462332368f86256008cd
seagrid/@seagrid/help_orthogonality.m,1033,f4b67a6a997f93ebd7ea05eca67186a186c6f4d6037fc11f1f03dc9bb4be3f95
seagrid/@seagrid/help_points.m,1371,98c3bfcd74c138ff03dc10c2b61fb56807985db2c49f23bd70998ccb5805664b
seagrid/@seagrid/help_private.m,750,62774f5c5d1af5d91ca63cc4bab5f40a3863e8d6bad80b92a51d06827dd82e7f
seagrid/@seagrid/help_projection.m,1217,4da9c684dd6dcece1eaa2fcffc6ebf2a7a569ef2c7d6173666d7c5f3567b9a5e
seagrid/@seagrid/help_roms.m,626,ce8accf96543f49ed6182a292a008b7a7fb383407640a012bb37e660af072d50
seagrid/@seagrid/help_saving.m,1161,db3131596068be341377f3586558b24d0d01ca8ec33e9f808e90189b062e120b
seagrid/@seagrid/help_setup_dialog.m,1205,338b2b2435a0da2be1751553ce1f8ec2af43d3c8d547905c5cf4a4c11ec867bf
seagrid/@seagrid/help_spacing.m,1566,906825cfa1b6a8b86084b1e36e7105382a1fd5d339b34e24e9e3424af1305c7c
seagrid/@seagrid/help_start.m,1536,6ae6b65b7acf9059b6530d1c7cd1ef50134199ca9c5cff06663c96b27fb317d9
seagrid/@seagrid/help_units.m,666,ef6008cc0609cb69cc7eb14308847e747c7126d92d2e27d1d7752c3757adbffa
seagrid/@seagrid/help_updating.m,740,8b332087c25f58e92eefda0ebe7a6da9701e370eb524fc5b352258a3c7e324e5
seagrid/@seagrid/help_warranty.m,882,23e59aa338008a34b7bd04d1fe5c9339891a58dafe8db25e1d56406f1cf58318
seagrid/@seagrid/help_zooming.m,1109,d25c2cead2827e8533ed17919490f80d03d3e246bb06ae8aa53277bd6f3e2658
seagrid/@seagrid/initialize.m,895,31443b1ba8e7e83529e1cf1f7a5c68f6f123a392a68d0c646fcd69acfe382623
seagrid/@seagrid/seagrid.m,5083,a4aef3c9457f1a616b61ac337da307f495fd0107382be8e3bfc118bc31609d8b
seagrid/@seagrid/verbose.m,925,c7d59d7b5b1bfe013ed2d87e856f735798c6e870b651dc058f98076769895fb7
seagrid/@seagrid/version.m,441,d7b60012828d5138e82b41fe3947ab3cc6e7e7f5901d9af456dcebf610e6cd2e
seagrid/@seagrid/web.m,1199,290a6a122dd79c6e1050293a369439241928907e8094a960b7b7ce71399ae6f1
seagrid/README.m,3589,a5d4bff830ef67a7781d376b0077fce8896275695fa6efa5f2874b1d2ba937fb
seagrid/busy.m,620,67087c86a10ac6d4904f88f5656af193760f03ea8617d3deec31af2e6545a677
seagrid/earthdist.m,1318,4621b749be8bd7dc79f33e68b9ecb870a1590cbce50731e05b451964ccba660f
seagrid/fieldrename.m,2027,60ba2b4e4e03631f534f00388f1016cc00854f418d8bb649a1323712847ad205
seagrid/fig2jpeg.m,1500,6ee5d1330e4dae23d47a6c4ae582976e2cbe8c6b832aeea4fc1b150f15874575
seagrid/fps.m,3469,bcb1b8c1ed51845ae8ca2bd2c9cbb5b436b27bd6eb27f27fbff8ac6f15bb8c9a
seagrid/fpt.m,1624,9f5af135a2b07b52657ba30ecb0e77300f3dc74dee698e9ffb8967a2d0c4d806
seagrid/getinfo.m,2190,4d7b8d2d4c60edaae55cca72b2880a71b9d8f4c95baf9e8c3a9ef7ea7e201e9f
seagrid/grid2mask.m,7929,a75ff885b9cddfa87d3c5e926edffae64da9bf3d42a6925d131cf4dd08a1e373
seagrid/grid_test.m,4134,2d2d00c8d71b2973d5ce48a60547f0f27e56496abac76574c43c0203dfa6e9c3
seagrid/griddata1.m,5997,242491a4c98411111a9539601bdf5d7c44439479453d6c8a7a2721db7cc855a6
seagrid/guido.m,25244,193d7e51268ed0b5c8d2b87c29a8c6ddbe9587306acdb7f35d4dd0c462dbd6f5
seagrid/hello.m,996,6d5bec3b14351b4e621c5037646745a5ef2ca0b0584b3ae7aba49e69e5e10be3
seagrid/hint.m,2686,cc6ecd060f2ebf04030ac31ca23fbc39bbb5fee16271ef3829f23a7a89763a1b
seagrid/idle.m,619,fc8f44339f6aab70f165ccf7a078de1c9a2648e236bdac2aa6c550e4d6f587fc
seagrid/insidesafe.m,3443,53337b7c579601e11ab2bc61284fec5e8a472538d15b7b033b431d2ea56fbf27
seagrid/ismac.m,638,665fc3d65c5e154b6d1e6393bb4e2a54d4b50653bc7abeda82467e10881fbb88
seagrid/ispc.m,628,c15315fda130d33a480012a503d6cd7ac51eba3e071a474c5236ee067ed0d8a6
seagrid/labelsafe.m,1627,cba860379385e0e2743ffc356c743c03c5f468c5362ebc34a72377706096fa04
seagrid/linticks.m,2565,810accb71eba86533ceaa7fd0e139092750db04c1348f2feeed60845658ce3ef
seagrid/mexrect2grid.m,6237,30469000e30c00533a9384e258e724d53b369a7f7c4ca52110d92135cdf7ccab
seagrid/mexsepeli_testdata.mat,315680,671c0e99e9304b7b3a487826938c78cfdce4d55bc1581ebcf27f56f7f177f86d
seagrid/monocline.m,2522,968d322e4f02b2f0091fc36badd66e04dddca7bb9fcc67b6cb1f842349dbb10f
seagrid/pdf2tick.m,2484,8a2e94a19797bb4b1b5c2186f4135e58ab1b103850b09417faf320c1b34ba693
seagrid/presto/@presto/detach.m,725,d8ff018e0e3c7331576465a1afc0dfed2315007d1b8994a7bd5b096eec214585
seagrid/presto/@presto/disp.m,738,49506bdcfe7ec096f700640e3eb853a75c49935fc0cad7fc21abcdd9d3b5eba9
seagrid/presto/@presto/display.m,747,64f1e6675249c8599971f66fc8baf1745832a22dddae0257dfc1f469e0d0f07f
seagrid/presto/@presto/doabout.m,1069,3019b2a0a8836f6cd1c57b0fc2131609b9d0e72b0a3a5d8bfaa1a2445f807e00
seagrid/presto/@presto/doclear.m,658,42bbb9ef442137fe6252115cd13f845db3ec8f9cfc20b9927705e7a91725d94b
seagrid/presto/@presto/docontrol.m,1038,ffd86138fd1c0892fe758c71709ef89c16ef881549f865632b1d9df07f1ada5d
seagrid/presto/@presto/docopy.m,654,c2d3f3927e32ce8f38d686791e9f861c9f2ae4a3b632f5b401db3a90ddc952cd
seagrid/presto/@presto/docut.m,650,3bb48266ad47d20eadba2f7c74bef6999bf6410979fd475e2278d3f8a444f40f
seagrid/presto/@presto/doedit.m,655,1dfe1ae6e20e33a4c919bb6b95d291fec179b7a242e1b9156715d82287bd2111
seagrid/presto/@presto/doevent.m,1331,94947521b473b56c06e6928a1c0716bb67c021ed177d68b9cede16acb718be8f
seagrid/presto/@presto/dofile.m,655,cfdac5a56f4221010a79b3ea4fb01b5e6a9784022562cf6f7ecb49d688db6a6f
seagrid/presto/@presto/domenu.m,854,32ef38da6dbe2fae11c8dcf6629d605cfee1c6c930ede03d9e30f9d61722f4c2
seagrid/presto/@presto/domenubar.m,1099,5084b47a1f0738d4ad859f3be0d2a03f792dd76764c4fd18e533df6ae2ea3c11
seagrid/presto/@presto/domouse.m,1887,176492ec81f41014786efddd3fc9944536ff1d86a7af36bf16def6bb1ad89db8
seagrid/presto/@presto/donew.m,651,ba6b05660984f65cfde8ee6dcacd88d46e91639493ad9363b3a7b8a9c5b940e5
seagrid/presto/@presto/doopen.m,993,edfc4ff430235b23b4d51ff0eca8c2c2d6d6850dd271d8ed604347421d76098b
seagrid/presto/@presto/dopagesetup.m,721,fd5cb355d381991820abfb0fe52dded56ac988b8a1a12bc5b701e85fde6b7e75
seagrid/presto/@presto/dopaste.m,658,695e5f5fe8d2c60cfc62c2438057260fc70fd8ab939aee619fce5a289039636e
seagrid/presto/@presto/doprint.m,788,e035f20997ba9c36ca2d2f3c786203c7de147d1dcfe53e8ca803158d0bb4847d
seagrid/presto/@presto/doquit.m,755,d171cf6e3164cc5dee07753f55e7413d88ba5d05627ace8f02c53597261322a8
seagrid/presto/@presto/dorevert.m,840,38292139bdd3c75787ece0a90d88b8d848a7243268d0ce378f689b6a8b39e17f
seagrid/presto/@presto/doroll.m,2114,1e2da987a24d9a42218e00ff5696e71447051cc8b9de298d1c6ca961e4e7cb44
seagrid/presto/@presto/dosave.m,1251,5a674d1a7ad4a68152c144d2855e536e81ade7df1801723c78bf8f363898cbb0
seagrid/presto/@presto/dosaveas.m,737,966aa611d4dda0eb0278958dbe436be8a262830739c3cd53a81760e3bcee694d
seagrid/presto/@presto/doscribble.m,2494,238b8ff3f72460491da3ae448bff07bfcfb7433ac2fe86e252ac4d7bc0be6c94
seagrid/presto/@presto/doscroll.m,1926,eb6aeaa9d72799aba4dbb906f381eb1c61eb0aaf3f59e854b7a5d4dc54933deb
seagrid/presto/@presto/doundo.m,654,09fb410422997acf1f2ccb2d607e11c86f22f36a032e8318184de6c0074032d1
seagrid/presto/@presto/doview.m,895,9e422baff04158e3e84908a339d968d6ee7f4fd99e29a63e013611763385d698
seagrid/presto/@presto/errormsg.m,912,36438aed9e0cb2e3883fa81452057268ff7480a2272322e9ebd6b15a7fcbda7e
seagrid/presto/@presto/getfile.m,1083,7d0590a3c781ebc7403ed0dad93a2cccfdebc33f0495ad1ae6b894bccf32b005
seagrid/presto/@presto/presto.m,5717,bf07d5f1f6df92b675bd7003a34803d3d4493c3a98b656cc106edfc1616715c5
seagrid/presto/@presto/putfile.m,1100,1574cd4f5d195a90c116b49c1402e78cfd67bf2cb69bb3c19ce930c527367e1a
seagrid/presto/@presto/version.m,431,0cc65a622e878614f690b90bebb22321367608727ad7871ae81131ab1cc38fa5
seagrid/presto/@ps/README.m,2026,b030cbe627e510fd77c161f5972c59c44cae13e951bc45445a24ef5ffe1cb392
seagrid/presto/@ps/control.m,2583,9ea1b4839841b773407c8f2c73577795d7c1c39669806c67307d5764471e4ee0
seagrid/presto/@ps/data.m,996,4eb5824d777f06b75ead999d3f73ea5b3f54af2661618770bfa4035f3a57129b
seagrid/presto/@ps/disp.m,395,3d764e1256f6c27291d6ce76f7b423a2a3623ea1bf88a55a356d8d0621b8df4f
seagrid/presto/@ps/display.m,439,bf4ef5075de89fe3d6298a67c8eaf3e7efaa17142b029df653f84dd6028d47f7
seagrid/presto/@ps/doabout.m,1250,ef51cd0cbdb63f5213aa3e4ab45bfad8f4a573a9745a3f69022ef188734e5127
seagrid/presto/@ps/doevent.m,1713,9f2edb1dacf1553beb33edc041470402779815ea6e40f4fba6c9169bfcf7da91
seagrid/presto/@ps/dohome.m,1218,7db45596e88898be05dd5b7fc3f1d85c6d93dc4f71d72168fa86a8d79407161d
seagrid/presto/@ps/domenubar.m,991,df4f3dd725e47be25df764315e4bfb01be9f45f297bc0cf89094dd284ac6a621
seagrid/presto/@ps/domouse.m,1888,b253163e5ff85490145f9a7b677c87dde960725a8ce89bab37842569d63f1374
seagrid/presto/@ps/doquit.m,745,981671a9c53ddd9e37fecf70a55c260f4fd43c2533c4a538f0966f08c0df14b3
seagrid/presto/@ps/doresize.m,1630,3c46f7dc8d547a63c2e2c435effcd435737e6bf7e36dc719520942e649d03a26
seagrid/presto/@ps/doscribble.m,2477,2233881a6520960ac18ff368d4b20ac2c750ca11e6c3418dde3b70d6cd305971
seagrid/presto/@ps/doscroll.m,1995,d276d076e405fd65aff90b396404136f083ef85cd159f5b877e3afee070c242a
seagrid/presto/@ps/doview.m,887,35903609e16fdd146323d8560c1fa66976190baad4d33c7dd6569eb0f42c8414
seagrid/presto/@ps/enable.m,1533,7d8b7539952a4481322144381ac9a7f119eb970aebaaa37ac6bd48a779b067e6
seagrid/presto/@ps/handle.m,765,4af2b79f953510e16bc0e940f8208a5ac81a4d97faa35f5d6db9d9cfcb74e748
seagrid/presto/@ps/handler.m,1881,64ec12b4e8767b21013890b585fba88727cefc6fd027a48b737dd0e42e8af2cc
seagrid/presto/@ps/help_controls.m,1139,9d4c5bce325a194f49ae2425e69c5e067dbb0bc9408d4574ee9758ebc9b79e25
seagrid/presto/@ps/help_events.m,1363,e8ed1fa4d2f2d83b74711cb18f054d6f16445f26fc7c2539a663223de40c29d6
seagrid/presto/@ps/help_handlers.m,1052,9c3fdd28467c16fa3510aaa4cfa8bbad17f4301890a23ffc41d760eadb79011b
seagrid/presto/@ps/help_menus.m,1093,937a755cf561f97f94a41e31404407a113814c44c4de780bac342c1be304f471
seagrid/presto/@ps/help_subclassing.m,871,63e1edcb0fdfabef19dcfd22c798d090a94f400c019c868e36c7a75773bc2740
seagrid/presto/@ps/help_version.m,678,76ce5cc118c8d4f695506e8291a2651c37b389c18990eae8b9df9eb233b37fe6
seagrid/presto/@ps/menu.m,2205,120ee5a8f415e220cb7688c65996eaf2e4d713c0e876f2839f055de9c52d44b7
seagrid/presto/@ps/ps.m,1981,92d0881deaa634e101662b1aebb6bccb086bc1ae5e8e10a635027572421f47d2
seagrid/presto/@ps/psget.m,1102,db01e94df68892a9708b5a619c0f33b2000f4993495462c18189ceee6b2323a5
seagrid/presto/@ps/psset.m,1691,18c3482349654e7e7de558c5aa3bf4ea03192e434192e0816496899ab3f7e946
seagrid/presto/@ps/px.m,607,651f0330f49b885fce21bbd9aded3fef14fcf12d924013b34c2ec0e537583098
seagrid/presto/@ps/pxget.m,653,c31f714158b55766231b8ce023ddec257bd6d58cb58a281995ade23dbb1613fc
seagrid/presto/@ps/pxset.m,653,184ad984492707be2b74f5d364544f8e9f606f6606068c2919afed766ebe0e93
seagrid/presto/@ps/subsasgn.m,1058,a6860f77ef39fc6fa60d07245ee34ec5474ea42fa3daccb15b35514418a9b365
seagrid/presto/@ps/subsindex.m,644,9b083b7d9a2c1089e0ddf1047c271129e63327fab07a1927c7547aa18a96b816
seagrid/presto/@ps/subsref.m,946,7e38a1162335e78ed8f4ccf5428aa831b808a0e2a18199301991414cc848c224
seagrid/presto/@ps/translate.m,1080,1ada594bf2abebf91d6ca9a394f69315644a6e34641187a854876e11ad14d705
seagrid/presto/@ps/version.m,436,56d9575c85dc77e1e7c6ed297caa0d2086c28d2d671e7e88811e3d1a40a100a4
seagrid/presto/@pst/docontrol.m,782,0f322dccec3ce12bb229ba925f62601f9eae67aadf29490df566b013034b1c8a
seagrid/presto/@pst/doevent.m,1365,4ab432e522bf7e8eb23527c9ea37b64ba0bfcc135bc37529732b9fc29fbe7eac
seagrid/presto/@pst/domenu.m,846,b2cc083708e2a17b47696d396ecfb3626f847ecfcdc205f8f6667b6cf81a8513
seagrid/presto/@pst/event.m,1423,3933ed87c88598567ba97bbe29c939ddb2ee64aa24553b7813a653ebcc8fd6e8
seagrid/presto/@pst/pst.m,899,16f537b045b0d19a8d54d53e0c8320d27eac9f526efdcfce05b74077fec954a6
seagrid/presto/@pst/version.m,437,689ec3bdaf236041aeff270fc9616d62174cdddbfcad03f22cf121f5648cf99c
seagrid/presto/README.m,3064,97916ad32f40c5ec27877ba2b79532c0a0d42ec2d5f0d581598c2ec068d3d521
seagrid/presto/inherit.m,996,bd945fc0420e4fbb77c9a8b7e4ff7a6c9ea05f43a326f7fb19f82bf6a349a8c0
seagrid/presto/isps.m,1156,18976ad0a60a22288f1349582ee1839426723e46fa9f384eba0c04394419472d
seagrid/presto/presto_bund.m,1132,9bcf0c088d02d45c8c4d567d8612f778d2b65c205a20548772e75051511606ad
seagrid/presto/ps_test.m,3082,8735a32c542f0518e1da8463c27202048bd4b478dfde6ae91d6b95236970ee8f
seagrid/presto/psbind.m,899,a34049bd78ac1260a56393dd863ce1fcef241ff728e835e9aed0a509b09fd145
seagrid/presto/psevent.m,924,fe0c44524702fb481dc13d77c81e67a255ba8c0aef9636ae1283ab1100c81be3
seagrid/presto/setdef.m,719,27013d3601fe0aeb61f0cdcbc86620678c0787d0b411037185f3c4d7fd35e216
seagrid/presto/super.m,988,26b39b9375a620db4bd2a62c277a163ddecb26633744b03024471ffdfb4eff6e
seagrid/printsafe.m,1651,520682c532f594060ff3689ed9e8f1b632db55880b045d86d63e889675b5e12b
seagrid/rect.m,6881,d51e494f2d97682b7ef75ab4af4deed4fb84de515a9ae99347a4da792268a332
seagrid/rect2grid.m,9473,6a224853ecc22e086bc64c27428de2d051c8edc8c1777f597f97e36ccc128837
seagrid/rescale.m,840,10147565144e202cdb1329a879849a5958eade9127b24318e72315f4ce285fe3
seagrid/respace.m,1065,0c94c800599c207d87b65a6effffed934d145d92e4125bf38702675c0487737d
seagrid/seagrid2ecom.m,6329,814702d7c0bf668a7a23ff150e5aa4e1289eb82caf088e2fdcc4c030ab56b033
seagrid/seagrid2roms.m,10232,457e9312f30783a0855bca1a644c6a9e813ea7e4cc165870df72d844d1be1bbf
seagrid/seagrid_bundle.m,3043,c6e0f11f578857b59d6235502a75fbfcec72f3d83dda8b053ff2131e105d205e
seagrid/seagrid_helpdlg.m,1007,e3d205e97fbc483c92facc48d1691db73f675100dfe12f66cbd98f7342f11354
seagrid/seagrid_test.m,684,6343538ce68794afba9de885899c67e56fe20fa34d95c5f61c51eddda3435fc6
seagrid/setdef.m,719,27013d3601fe0aeb61f0cdcbc86620678c0787d0b411037185f3c4d7fd35e216
seagrid/setinfo.m,3635,b8694808e759eb34785e4b7a04e11bbd7b562ea1df56fc60bdb2b5e6b748027c
seagrid/setsafe.m,4596,8d84922a46602468dde70ef915250d9a850fb654a72411faf2c530549d7ab3b6
seagrid/sg.m,505,24d689416831564bc7dcf24a77bd4b716082a8f2a09d07a5147f88fc20c08f7a
seagrid/sg_lambert_equal_area.m,3438,0d201bd4a6e9029145be5913fc2a886748846cbdd305a77ebec235acb029ff87
seagrid/sg_ll2xy.m,1204,29c20aa66bad9f96c35ac23d50b9ab0c9582cffde4cd3e386edd9a0597d27ac3
seagrid/sg_mercator.m,3425,099670db79467a247b081535638a9341d10b26fbbb3243fd1ed62998fb28789d
seagrid/sg_proj.m,1270,ae454ed27c3cb62f1ea8bc9363c8f90943d8f59cda7d96f15223f9af6c402994
seagrid/sg_stereographic.m,3361,507e2df1339cc12fe388377a0df78f4e9a5e942f5d7ecb82afb35bf707eec31d
seagrid/sg_xy2ll.m,1200,2ec0bb5010e13f02586c54a891fa96d2683af4141f142ccbc2edc612700876bd
seagrid/showhide.m,772,cad7bfd18041b8a3b6e76a150c038ecb57ee51e68d231ea9ffb4b24efb8b76c2
seagrid/splinep.m,1996,1b8d8aa37651577414f2bde60439d034dd4bb362e97a5287cf69687b0902b944
seagrid/splineq.m,3175,6314cd2fe6d953e9cdcfb7c8b8426971ea225f44f948ac2077917276453e490c
seagrid/splinesafe.m,2756,9fed7a3ece262ab99f19e8a0a0a32cbb1afc6a696e47dc59685e85d85d009332
seagrid/test_data/amazon_bathy.mat,169200,7a03e75e8821a96f397768e6fed0a82359f7b80a36116f23564fa76f9f39c1e2
seagrid/test_data/amazon_coast.mat,101184,64d27fbafd6c52710f1e92e4a787de090e4794da6cc0896cec0db4bb086b1793
seagrid/test_mexinside.m,690,66b0918d8e424d19ad48d752cedff822a81f7e0e2c20832fa0f5c8faeb21ea2c
seagrid/test_mexrect.m,1943,13bf62d0d76ba21bab0b746a23b81fe1666904ba7f5c597397eafd966648dd05
seagrid/test_mexsepeli.m,769,563cb7a681656ee8aa9c0bb92c279d3212baf936114b4b9eaedfc88a972c9f29
seagrid/tgriddata.m,1787,d80cfb02cacab2e4dff23f5b2a105a4efb11f1733a05ef7c0e5e1acc8e63ed93
seagrid/vi.m,1019,5df1e1e31fbb3cbec2a83823ab7b2b8b5464be0a53d4a2dc3be731e740d4dd6e
seagrid/zoomsafe.m,13989,b8c620c02725a0d27fc1311480a3e331e182cc4cee7788c37ce290a4a962a729
seawater/Contents.m,2991,a626849b0b918fdd9662b7cdac5a49e23465f9fc4d145a41f680a087250c5862
seawater/sw_adtg.m,2740,b9a3feac83cffab1a641aa67b5f4f0a8d33c67cdc977679f583fbdf0dcd399d5
seawater/sw_alpha.m,2771,8b65f65fc071d0d3a61b3083b3296e860bf6bc190846d34056995aadb83487f2
seawater/sw_aonb.m,3616,c815586575882e354f1c72e3e279297065e6db5bc77a2688a5697face2aae41a
seawater/sw_beta.m,3583,728466fa314878c2718fbee55b2c22bdba8824dd2404c82ff2dc122dcc5ad1a4
seawater/sw_bfrq.m,3856,398db562970b2bbc167e1ae56e1d2b0a335332e5b4e702807cf3e5da7821890c
seawater/sw_c3515.m,866,6964cdab1ace0bc217a4095b28bef18b60f601efed9e32b81bd2c43a2ba5c79f
seawater/sw_cndr.m,3616,7de583bd9189f0567319f67a5219e5f53ca0c31b476514aace1767e86ed5348b
seawater/sw_copy.m,8377,8cdf4f02a27b43cf062b542307fc76bd4ea2480626ce310a4d1bf44f2c36d08a
seawater/sw_cp.m,3753,55bc56fb0ef5eae0db30b7b99b203dcad61b090c65bf85eda60381dec6ce72a7
seawater/sw_dens.m,2397,b505532531798e2e83fa30497c7b424901386286b60e8062935a0b68f348b5e3
seawater/sw_dens0.m,1989,4c482284fd79f3705b8101f44c57a9f192410e4b9be8647d3b7f28ca471153ec
seawater/sw_dist.m,2921,3c6f2142e9656aeac88d22f269bba14a78336d76ab7f55616d051af6d7614ecd
seawater/sw_dpth.m,1953,ae920af09b27e226f059a3c1cbdf91acaae1ffe66dd27ad99a81fa0757dc8fe5
seawater/sw_f.m,1262,9b4edba0e6874d9a1e36913a97a3a258a5b0ab7464791032b064d9696bad5367
seawater/sw_fp.m,2022,f067680c0314b78dec79058aeb1ac8f51d0444d339ad6dbc2fce62c3c1bb1c26
seawater/sw_g.m,1719,b3a4433443bf7f801a65540b39a6bc10ab6bc57c8bb72674dd3c6aef39a7fe4b
seawater/sw_gpan.m,2827,e791f0e251dfabe5660fe3632c23854ede18789df16e7ae0e44c977508cec160
seawater/sw_gvel.m,1701,26308c396ba348eab7148b1495fa01717cc2700dda2e094d78cd5b09dd4ce931
seawater/sw_info.m,730,5e00acb36550cedc1fe849c034939b80ebe22853da5859be886653b91d0b8952
seawater/sw_new.m,3228,81c87019d7911b50289914f6e4a6cbeaf4649cee876dc28f749b0b14a70c7a29
seawater/sw_pden.m,1434,5d8147638a09c07a91a51ec916e1fe47695a9f71f0fa6fb2ce0df22b652de2d3
seawater/sw_pres.m,1852,e815c57e92e128e2db27fcf47755225d7f13fe0f5e174ede6f8f9887703278f2
seawater/sw_ptmp.m,3362,e11c15a745f61a1560d015dd1642acbe3cd1c9a89c1921401e580e03d44ea878
seawater/sw_salds.m,1683,19d80f751d2e538d64d9d4b2354b5d21a0bc30e26a30f9a62819f62585a8d27c
seawater/sw_salrp.m,1780,1850df369a15791585ba370fe502a8dd1ff593532edd8548eb3e04dfb1139e0e
seawater/sw_salrt.m,1260,97564f115a429dc5be14fbf629821e55e76683d5ae0186fbcb3fb42f047f7515
seawater/sw_sals.m,1808,55a1a790ab942fe2b1969a3037f60b44179c86dd5f3e5fe4e98990623c70f739
seawater/sw_salt.m,1515,ac383abbbdf9911772c5fea70a354343936de3d156647903f3805f89737efc97
seawater/sw_satAr.m,2014,b9c6a0680d88e24dc25c411194091398de3761a60629d089bf78d7a85e4ff901
seawater/sw_satN2.m,2041,d19f1de21c472b7b07eb2dd24483766bd612cf80b62ba01f225f3b266bbc462e
seawater/sw_satO2.m,2039,3812201a61acc35e83e7816a982a645779caef7fa5316e1abbc967d1f6acde06
seawater/sw_seck.m,3728,047dec49e7165ab589c1112b3d85b1c9e0277c1d1866217f36f260e5f568bec8
seawater/sw_smow.m,1596,33510ddfefd01d972486284e2eb0404cd8ad8ed34add8664c9402d04fc792e24
seawater/sw_svan.m,2466,ce23e18b6b4652e975cfd50ddbabe462de3ff7a0cd1730a30b52677d416b4615
seawater/sw_svel.m,3753,168bb48d9c87222f6c435877383862fd19906ddfd4f8add3cffca0b93724c306
seawater/sw_swvel.m,1362,1a172f356109f37fb623b0527445ff66cf031607ae5fb1c3360ea9696242b1b5
seawater/sw_temp.m,1726,c90201eb278df232b5c1a738792c0a43e676865ba5efb6786db9bae3cfe5d0b7
seawater/sw_test.m,19399,6560ea0168c70c004542912eb6a149d565c43ae394507501b47e70a9c2cde1a7
seawater/sw_ver.m,516,9c5fd820e4aafd1ebcff12f5b4ce14543a41da0fc8dcc1b3767de4e922994558
startup.m,2821,f01b1416acd35d3b0f1dbc8f261bf1edcd0bb556bde8c4684a043310160d6aeb
t_tide/g.mat,130261,072aaae935b23aa384fd6a24ef276b16b1f7ccd7a0eba6916b568eafa17e41c1
t_tide/t_18constituents.mat,14568,5370cbf4cdc20b06cccd6252ed324dc2bc7b86ddd17530539db6604c134022c6
t_tide/t_astron.m,4285,171a423e75feec43b8b9cd8a29fa75113c6b726a58cb75c3a9d767cfcefe5c11
t_tide/t_constituents.mat,29224,81055b297cf6eaf2b32344faab69d590b3f25775ee2b3d2dee89523cd15285d7
t_tide/t_demo.m,3957,a7824dbfd49c95235ccc4379ae231913c66fcfa5744636fbe9373a90a79f25d0
t_tide/t_equilib.dat,1176,a621abcd91bf354fab9f88be87dcb3668fb535cfa8dc781d4e996799d59da64e
t_tide/t_equilib.m,2314,e0591eb969fa1f2c2b7f5974633ccce23699d408988fc8757681e8b74d2154db
t_tide/t_errors.m,7263,5d3b8d73bac11ce13a7b13a9c314797668cf7b44946386ec73d9616b29b6fe25
t_tide/t_example.mat,25600,e1468f8ae8e336fb050bbdea781c0ebebd1972377f00c32e0bb73b870cf3fe00
t_tide/t_getconsts.m,5512,c5d12a1ce938aee6f9b9e43b4630d06010e0e0f7e698fa74d6e39c7941441c88
t_tide/t_predic.m,5265,2ae9490afbabce1c57165fe6e3194924f5f67c39d29bde3aa8e00156847068ef
t_tide/t_readme.m,5406,4b09dfc39a48af817ddf5de9744ed12e2c6b9cf1346d9bcb31067069732e8346
t_tide/t_synth.m,7886,846901d7ed9b472548f922702a520d5fa76a433839124a7ad25a42664c22441b
t_tide/t_tide.m,41158,392e77e97d5097ada2f9c65d51091d2fdcbcc1722f4c04ad3873d5d6f5859467
t_tide/t_vuf.m,4547,f71f69095a678f2bfc5060862d4f340b7fa828273f2737c03099b6092cd22521
t_tide/t_xtide.m,15159,90ce57c5071dd11ee90fcf167c3658a2b18c47bff215c597ced2ae85b567b30a
t_tide/t_xtide.mat,3001640,30cd06152026e9dd33a22a0b143183f49d81278c00e311fabf60141df863ec10
t_tide/tide3.dat,15058,29f0d118ea62104e0f9c5a963d130d89e0094c329bb6f1c50dfb7891ad321d1c
tidal_ellipse/ap2ep.m,5163,aedb983596e0e1b9de8522b8c4c1e6af9172be802ebf6ce72f222a2a7299d8a8
tidal_ellipse/cBEpm.m,4175,de070866bc6bb5feee94135bffd1fdee50b5ad05562b922ca0800fe809d8f3f4
tidal_ellipse/ep2ap.m,2598,0cb7e932c25a44ef801dd2f993326088afbdd0889b2168d2ec8aa0bff10c24a5
tidal_ellipse/example.m,1167,a50db83f3bcfe9c4fd51bdab13f462f37fbfa3b917ddc8c01e99896b1f9b44b0
tidal_ellipse/plot_ell.m,4701,3620fb8d1b0e714838ed351b743bf5882cf45ecbc055882bf7a7569d884da771
tidal_ellipse/tanh_v5_2.m,1737,373b00d1e4a30de03d891ed5855145048bb49ba45b8f8b20ec6586dab42e8bca
tidal_ellipse/tidal_ellipse.pdf,6568390,37947436e353f41df680c1e5eda0f191d0626bd41648f338cce473600a9f6c3e
tidal_ellipse/tidal_ellipse.ps,165995,cb48132e2850e38b7a850fc7afff65cf5ad5f127579917fd9b503def9f3484cc
utility/Contents.m,6457,d42f552bbd44b44476ba5b5e15dbf99a8392329d3c4cc8d36a0124cae219fc62
utility/bitcount.m,957,faf4535f1f91ef00762054a9a04c7cc2a0d0a983fe99512670c28ba01e814722
utility/caldate.m,2499,9fa9afaf1c1e06193bf9e5e92fedd916084e8f50e27e20791261ebfae1ddfeba
utility/date_stamp.m,2480,f7603bf84c19fc90847e3920a8d478a0bcc19cb70efe1504e81865c1f86cf592
utility/day_code.m,3953,4e35d85dfaa76491cdbb012cbc5583512f01cc455cd061447893097808eeb226
utility/daynum.m,2551,5bcdcd1c7ff1f51c280d5d4e7c30b6d8d328b82e1a1deaba73a536111f6fc0bb
utility/daynum360.m,2094,02e45fdb43de1b43f89c06abd4e5cea7262573db072b550d34a54cef3389425a
utility/dayvec.m,3833,15316ab608b31291d9f756c83e7ae0477709060bced9078358dd8248ddb296c4
utility/dayvec360.m,2719,325bb793ba8f0a6e0258d5c8ae51b60424256b64c5a1fd725a5dbfb4b0adebb8
utility/depths.m,5567,77b54a74b379eebfcddc33c49cd60a8bf57f292b45ce113e38c6a8e477fb8879
utility/eos.m,9276,9214898e7519f0b5e67de3ca4e0192cc1df981089f1c2d730dd3b72a9c506675
utility/fstats.m,921,890ccbd43581ac5a9ed0bdfdc791ebbcaaaf7fd8f0e891356102a654539a048d
utility/gaspari_cohn.m,2684,8c2f35a4d96dce9008b5027d09d8ffe5cb8383fd46a0d23fb6bd75688250fe1b
utility/gcircle.m,4114,86c785b19ec74a87014263a5db7642407e1922905ad29dffc122bd153dedcde3
utility/geodesic_dist.m,4117,b2dbf91cb23b24d5bdd26804639700fc6b6f57ccae85278efc830151f228cc54
utility/greg2str.m,936,f848c314356b2c396e41448810eeed7863ec934c1061b7e31ab75ebf65de8898
utility/gregorian.m,4200,fecc7e5372185fd8e530bc256b9db0b8103f3233fc144fefae4e038e99dd46a4
utility/hms2h.m,988,10f68bfabe649f413200ee9eecb753b7894dadd3b687d19fa3a7693d9a7860c2
utility/hplot.m,12481,e5c505b7bc2b48a835791ac26eb5fd7640292e49a0ec8657dc28776186ed2267
utility/hslope.m,8813,35cbe5931ef6843a839f39e8d756ab65110ec41689f7ecab5a27875000b87b67
utility/interp_station.m,10043,cd9576cd6e07a7f943a1ef7db1b031c29d45739136c2f617c406ad441e77da31
utility/julian.m,3585,92514f6e8fd827818f9ead3f419702a93d4f14bc4898d17a031891053a0abe8e
utility/julianvec.m,4575,a48c7e9299847c3a8f630346c410d90a4007a2e65aa857d49e184cb714c2cd66
utility/level_thickness.m,1437,31350f6388bf53867376ccb93a8078de86c7c16a98b8e95f34ef717acf8fc13e
utility/mask_perimeter.m,2066,fdcd6f41f2a45fd4c720f8e664dbda7ddb3665a1a8b92c51d0a7b0fe7bc09ad6
utility/merge_field.m,2917,a18db6754f2e2faf6f92086695a2943b83b41b3340a2781808b49009da9a0a36
utility/mpi_dump.m,2114,d344ada5760d9b9b85eb7f840958bcbd29f07e32566fbc8b61c927dfac169822
utility/nanland.m,3676,1ce054bc0934793b940e2ed56756c5ce731b69d87286fa13c4318e40040bd61b
utility/pcolorjw.m,3287,f64a9ef3f6279072c9bb885a711cede070ff61aa3a05672d68c448f0d75c834f
utility/plot_4dvar_vectors.m,24164,4990e9abe38a96cd9849c63d9bb06f15af1a2d10db39575db9e5a33bd233eaf8
utility/plot_avg_nesting.m,14124,4bb25b1e9f8e55122fb4dd34fbd093f9db4d86988e54a7e0e8ffc10c41af6f3c
utility/plot_desroziers.m,35449,af51ef6854200d982a19e0437c5d8acec44df00ccd9b21fee160818372462c76
utility/plot_diff_dirs.m,11238,a910e00e00d83bf20635865c50ebb4d5383a5adb45c1cb1c8a4e343448e67c67
utility/plot_diff_files.m,11549,53b8c96b5b95d785777b1b24248c7e4922b28d67b0b9cf5e393b733aa2887e79
utility/plot_field.m,10910,3ecc1b1640ed5894be794407e8b6b8421b2bb402cfc27154aa9fe6ab740ed823
utility/plot_nesting.m,13704,2f1a3e11eb5172c3b36deb52b860eb56659895c759680cc26fe8ca39620ab5bf
utility/plot_penalty.m,10471,c3d8272a90dadc928705dbb092797e95e1eeecbbfcdb21123bb12cbbda9043ef
utility/plot_perimeter.m,1682,730f7320282f8b67f6aecf51c0e86d1092b83361abdb2616529627da7b0ff755
utility/plot_section.m,14463,d5e5da2861f3bb79dab003057bc5703698a190ba64dcaf92852858edfe7fd495
utility/plot_state.m,17052,feb1a34f1fc59b4877b1109c0922950e226bbac8348ce782045cdebe460a7516
utility/ptiles.m,3751,fba6cfc1cf4928f842d81d972cac756517228e777c91e3b24303af7f6562995c
utility/rfactor.m,1801,a7c59c3d2aa94db8ab94705fcc7408864c6829ad6932e532980aba8efef80456
utility/roms_eos.m,4321,f39da7d988513144287c4b517282e7e08af8cfcdef1fcb253fd5f1b51667efb1
utility/roms_field.m,2523,d3baef8635e9b43779a3ebabcea785cdf2baab765b5f8f941160c784d04d013a
utility/roms_vectors.m,13108,306a0a20a9f1ab35fa197b5ca75f820a8b1a2bc942e2b1f314fa5bfe7d39e52e
utility/rotate_vec.m,10013,4fa23225623f1dca17a228b7979f23f6cea9cdff330f2097ee9352aa05c02277
utility/rvorticity.m,2981,77a7a8d1654be750b7f7190afa2f0cef0a8681d29b5ba2401cc5b38a23fbf752
utility/s2hms.m,1055,ad2148e4ca03243b9a1af24c12825c4093e0b2e680db58ca79a03af33f06a7af
utility/sample_grid.m,4731,e350a7910c74ee425f13a32a45742ad9dd3e7611287795fe5631371ff6cab1c7
utility/scoord.m,13445,8ff7980eb1a04df256dbdd3cdde838bac77fcf2a07c1ccb2ef93f06467070227
utility/set_depth.m,8072,d73d94fc465227e27a007ac22d1fdcd5ddb11698e6c9f943dc8e96381969274e
utility/set_weights.m,5064,96b4416c931fc92e6bcea35fda51f7eadb2317dc3dc6129c90d7467980610e8b
utility/shapiro1.m,3992,5fd12a2c17e9a33fb2f74d71a8aef7c5158fcbbab34a511b2be5ee115c89b191
utility/shapiro2.m,2027,d134221db3935cf2c7afb975041d08488def8d24b17f3bb63530a2d855cde3e1
utility/smooth_bath.m,2201,29d120c89862f3e11b7dc87d6755bbc4ca7cb0e098dd3c26778db8aaeaf690c5
utility/smooth_logbath.m,2642,663b9ce3f4f5d4f8b102388d68a19deeea6848d892cd38e2ea0cde51156e9362
utility/stretching.m,7772,c2e6ea6cd8363844735a6529e9d0bc413c74949de024a859138db85b338ff3a3
utility/tile.m,2666,9eb3db747a1cc75843e23759b0ea1c80533570287c334a2484a5849b6f4ed29d
utility/tlad_dotproduct.m,4229,23eed322de7ecb547e1323b83755db0364063c9ffe8afc0b70ec0199ff23dedb
utility/tround.m,3052,bada1bce4343148d03eebbbd6417a51cedc964e6b88c912543b568380401328a
utility/untexlabel.m,2288,4b04e18efe57e160ae65e6325098c232196e790a549cd8d44d4a20914cf7c43c
utility/uplow.m,717,f364a4b4eaa6981627c07cb43ea3a6d38d5a5bd32e1483d6abf985999ee4a048
utility/uv_barotropic.m,5254,8ce53655afa79093d207c3f7808719b8bff9702a0ea04d5a6e581ac703891aa8
utility/vector4stream.m,5136,5b442f5c7e7e76f3bc024f92cb90bff26e47c28e721df36763c076a8ff3351ef
utility/wrt_colormap.m,1783,5a0a96c061ffdb50f057d429d8bb20b70afe6a9a7f1e7ec0f74304941aabe0ee
utility/wrt_latlon.m,1248,7d45f455a113c3caf5ec93f2913e27f4e4ec466b34c21e3f653b4b09db0a0520
utility/yearday.m,1526,da2104d142b8c78c6d4874bd92b5b951427c9020123a59488dd7089fbbc47ee0
