note,note_line,ref,source,old,new,status,basis
models/ROMS/source-analysis/roms_4dvar_drivers.md,54,i4dvar.F:13-14,ROMS/Drivers/i4dvar.F,13-14,13-14,IDENTICAL,
models/ROMS/source-analysis/roms_4dvar_drivers.md,56,i4dvar.F:160-166,ROMS/Drivers/i4dvar.F,160-166,171-177,MOVED,
models/ROMS/source-analysis/roms_4dvar_drivers.md,60,i4dvar.F:24-29,ROMS/Drivers/i4dvar.F,24-29,24-29,IDENTICAL,
models/ROMS/source-analysis/roms_4dvar_drivers.md,61,i4dvar.F:33-35,ROMS/Drivers/i4dvar.F,33-35,33-35,IDENTICAL,
models/ROMS/source-analysis/roms_4dvar_drivers.md,61,i4dvar.F:781,ROMS/Drivers/i4dvar.F,781,792,MOVED,
models/ROMS/source-analysis/roms_4dvar_drivers.md,62,i4dvar.F:38-44,ROMS/Drivers/i4dvar.F,38-44,38-44,IDENTICAL,
models/ROMS/source-analysis/roms_4dvar_drivers.md,63,i4dvar.F:40-49,ROMS/Drivers/i4dvar.F,40-49,40-49,IDENTICAL,
models/ROMS/source-analysis/roms_4dvar_drivers.md,64,i4dvar.F:51-54,ROMS/Drivers/i4dvar.F,51-54,51-54,IDENTICAL,
models/ROMS/source-analysis/roms_4dvar_drivers.md,70,rbl4dvar.F:190-199,ROMS/Drivers/rbl4dvar.F,190-199,201-210,MOVED,
models/ROMS/source-analysis/roms_4dvar_drivers.md,73,r4dvar.F:138-145,ROMS/Drivers/r4dvar.F,138-145,149-156,MOVED,
models/ROMS/source-analysis/roms_4dvar_drivers.md,154,correlation.h:14-31,ROMS/Drivers/correlation.h,14-31,14-31,IDENTICAL,
models/ROMS/source-analysis/roms_4dvar_drivers.md,154,correlation.h:43-46,ROMS/Drivers/correlation.h,43-46,43-46,IDENTICAL,
models/ROMS/source-analysis/roms_4dvar_drivers.md,182,i4dvar.F:781,ROMS/Drivers/i4dvar.F,781,792,MOVED,
models/ROMS/source-analysis/roms_adjoint_model.md,130,ad_pre_step3d.F:14-15,ROMS/Adjoint/ad_pre_step3d.F,14-15,14-15,IDENTICAL,
models/ROMS/source-analysis/roms_advection.md,53,"cppdefs.h:30,38",ROMS/Include/cppdefs.h,"30,38","30,38",IDENTICAL,
models/ROMS/source-analysis/roms_advection.md,70,cppdefs.h:88,ROMS/Include/cppdefs.h,88,88,IDENTICAL,
models/ROMS/source-analysis/roms_advection.md,87,cppdefs.h:90-101,ROMS/Include/cppdefs.h,90-101,90-101,IDENTICAL,
models/ROMS/source-analysis/roms_analytical_functionals.md,33,ana_initial.h:32-53,ROMS/Functionals/ana_initial.h,32-53,38-59,MOVED,NOTE_DECLARED_COMPONENT: frontmatter component=ROMS/Functionals
models/ROMS/source-analysis/roms_analytical_functionals.md,37,ana_initial.h:31,ROMS/Functionals/ana_initial.h,31,33,MOVED,NOTE_DECLARED_COMPONENT: frontmatter component=ROMS/Functionals
models/ROMS/source-analysis/roms_analytical_functionals.md,38,ana_initial.h:54,ROMS/Functionals/ana_initial.h,54,60,MOVED,NOTE_DECLARED_COMPONENT: frontmatter component=ROMS/Functionals
models/ROMS/source-analysis/roms_analytical_functionals.md,58,ana_initial.h:66,ROMS/Functionals/ana_initial.h,66,72,MOVED,NOTE_DECLARED_COMPONENT: frontmatter component=ROMS/Functionals
models/ROMS/source-analysis/roms_analytical_functionals.md,58,ana_perturb.h:56,ROMS/Functionals/ana_perturb.h,56,56,IDENTICAL,NOTE_DECLARED_COMPONENT: frontmatter component=ROMS/Functionals
models/ROMS/source-analysis/roms_analytical_functionals.md,67,ana_initial.h:11-12,ROMS/Functionals/ana_initial.h,11-12,11-12,IDENTICAL,NOTE_DECLARED_COMPONENT: frontmatter component=ROMS/Functionals
models/ROMS/source-analysis/roms_analytical_functionals.md,146,ana_diag.h:11-13,ROMS/Functionals/ana_diag.h,11-13,11-13,IDENTICAL,NOTE_DECLARED_COMPONENT: frontmatter component=ROMS/Functionals
models/ROMS/source-analysis/roms_analytical_functionals.md,154,ana_perturb.h:11-14,ROMS/Functionals/ana_perturb.h,11-14,11-14,IDENTICAL,NOTE_DECLARED_COMPONENT: frontmatter component=ROMS/Functionals
models/ROMS/source-analysis/roms_analytical_functionals.md,156,ana_perturb.h:31-34,ROMS/Functionals/ana_perturb.h,31-34,31-34,IDENTICAL,NOTE_DECLARED_COMPONENT: frontmatter component=ROMS/Functionals
models/ROMS/source-analysis/roms_analytical_functionals.md,159,ana_perturb.h:69-75,ROMS/Functionals/ana_perturb.h,69-75,69-75,IDENTICAL,NOTE_DECLARED_COMPONENT: frontmatter component=ROMS/Functionals
models/ROMS/source-analysis/roms_analytical_functionals.md,159,ana_perturb.h:78-82,ROMS/Functionals/ana_perturb.h,78-82,78-82,IDENTICAL,NOTE_DECLARED_COMPONENT: frontmatter component=ROMS/Functionals
models/ROMS/source-analysis/roms_analytical_functionals.md,159,ana_perturb.h:85-90,ROMS/Functionals/ana_perturb.h,85-90,85-90,IDENTICAL,NOTE_DECLARED_COMPONENT: frontmatter component=ROMS/Functionals
models/ROMS/source-analysis/roms_analytical_functionals.md,179,ana_perturb.h:56,ROMS/Functionals/ana_perturb.h,56,56,IDENTICAL,NOTE_DECLARED_COMPONENT: frontmatter component=ROMS/Functionals
models/ROMS/source-analysis/roms_atmospheric_forcing.md,23,Nonlinear/pre_step3d.F:324-892,ROMS/Nonlinear/pre_step3d.F,324-892,324-945,MOVED,"내부 변경, Phase 1 판정 완료"
models/ROMS/source-analysis/roms_atmospheric_forcing.md,25,Modules/mod_ncparam.F:168,ROMS/Modules/mod_ncparam.F,168,172,MOVED,
models/ROMS/source-analysis/roms_atmospheric_forcing.md,26,Utility/def_his.F:5109-5352,ROMS/Utility/def_his.F,5109-5352,5117-5360,MOVED,
models/ROMS/source-analysis/roms_atmospheric_forcing.md,124,pre_step3d.F:324,ROMS/Nonlinear/pre_step3d.F,324,324,IDENTICAL,
models/ROMS/source-analysis/roms_atmospheric_forcing.md,134,mod_ncparam.F:168,ROMS/Modules/mod_ncparam.F,168,172,MOVED,
models/ROMS/source-analysis/roms_baroclinic_3d.md,47,pre_step3d.F:911-924,ROMS/Nonlinear/pre_step3d.F,911-924,964-1000,MOVED,"내부 변경, Phase 1 판정 완료"
models/ROMS/source-analysis/roms_baroclinic_3d.md,87,pre_step3d.F:901-916,ROMS/Nonlinear/pre_step3d.F,901-916,954-991,MOVED,"내부 변경, Phase 1 판정 완료"
models/ROMS/source-analysis/roms_barotropic_2d.md,22,ROMS/Utility/read_phypar.F:608,ROMS/Utility/read_phypar.F,608,608,IDENTICAL,
models/ROMS/source-analysis/roms_barotropic_2d.md,24,ROMS/Utility/checkdefs.F:3596,ROMS/Utility/checkdefs.F,3596,3631,MOVED,
models/ROMS/source-analysis/roms_barotropic_2d.md,29,read_phypar.F:608,ROMS/Utility/read_phypar.F,608,608,IDENTICAL,
models/ROMS/source-analysis/roms_barotropic_2d.md,70,checkdefs.F:3596,ROMS/Utility/checkdefs.F,3596,3631,MOVED,
models/ROMS/source-analysis/roms_equation_of_state.md,29,cppdefs.h:71,ROMS/Include/cppdefs.h,71,71,IDENTICAL,
models/ROMS/source-analysis/roms_global_state_modules.md,26,mod_ocean.F:5,ROMS/Modules/mod_ocean.F,5,5,IDENTICAL,
models/ROMS/source-analysis/roms_global_state_modules.md,27,mod_ocean.F:363,ROMS/Modules/mod_ocean.F,363,364,MOVED,
models/ROMS/source-analysis/roms_global_state_modules.md,29,mod_ocean.F:76-78,ROMS/Modules/mod_ocean.F,76-78,76-78,IDENTICAL,
models/ROMS/source-analysis/roms_global_state_modules.md,30,mod_ocean.F:1566-1570,ROMS/Modules/mod_ocean.F,1566-1570,1567-1571,MOVED,
models/ROMS/source-analysis/roms_global_state_modules.md,32,mod_arrays.F:123,ROMS/Modules/mod_arrays.F,123,127,MOVED,
models/ROMS/source-analysis/roms_global_state_modules.md,53,mod_ncparam.F:586,ROMS/Modules/mod_ncparam.F,586,635,MOVED,
models/ROMS/source-analysis/roms_global_state_modules.md,65,mod_ocean.F:459,ROMS/Modules/mod_ocean.F,459,460,MOVED,
models/ROMS/source-analysis/roms_global_state_modules.md,69,mod_ocean.F:84-361,ROMS/Modules/mod_ocean.F,84-361,84-362,MOVED,"내부 변경, Phase 1 판정 완료"
models/ROMS/source-analysis/roms_global_state_modules.md,69,mod_ocean.F:363,ROMS/Modules/mod_ocean.F,363,364,MOVED,
models/ROMS/source-analysis/roms_global_state_modules.md,75,mod_ocean.F:93,ROMS/Modules/mod_ocean.F,93,93,IDENTICAL,
models/ROMS/source-analysis/roms_global_state_modules.md,84,mod_ocean.F:458,ROMS/Modules/mod_ocean.F,458,459,MOVED,
models/ROMS/source-analysis/roms_global_state_modules.md,86,mod_ocean.F:11-34,ROMS/Modules/mod_ocean.F,11-34,11-34,IDENTICAL,
models/ROMS/source-analysis/roms_global_state_modules.md,94,"mod_ocean.F:104-105,123-125",ROMS/Modules/mod_ocean.F,"104-105,123-125","104-105,123-125",IDENTICAL,
models/ROMS/source-analysis/roms_global_state_modules.md,98,mod_ocean.F:1562,ROMS/Modules/mod_ocean.F,1562,1563,MOVED,
models/ROMS/source-analysis/roms_global_state_modules.md,141,mod_scalars.F:265-266,ROMS/Modules/mod_scalars.F,265-266,265-266,IDENTICAL,
models/ROMS/source-analysis/roms_global_state_modules.md,147,mod_scalars.F:470,ROMS/Modules/mod_scalars.F,470,470,IDENTICAL,
models/ROMS/source-analysis/roms_global_state_modules.md,153,mod_scalars.F:4457,ROMS/Modules/mod_scalars.F,4457,4560,MOVED,
models/ROMS/source-analysis/roms_global_state_modules.md,157,mod_scalars.F:570,ROMS/Modules/mod_scalars.F,570,570,IDENTICAL,
models/ROMS/source-analysis/roms_global_state_modules.md,177,mod_iounits.F:167-189,ROMS/Modules/mod_iounits.F,167-189,170-192,MOVED,
models/ROMS/source-analysis/roms_global_state_modules.md,181,mod_arrays.F:123,ROMS/Modules/mod_arrays.F,123,127,MOVED,
models/ROMS/source-analysis/roms_global_state_modules.md,181,mod_arrays.F:111,ROMS/Modules/mod_arrays.F,111,115,MOVED,
models/ROMS/source-analysis/roms_global_state_modules.md,187,mod_arrays.F:123,ROMS/Modules/mod_arrays.F,123,127,MOVED,
models/ROMS/source-analysis/roms_grid_metrics.md,19,checkdefs.F:2832,ROMS/Utility/checkdefs.F,2832,2867,MOVED,
models/ROMS/source-analysis/roms_grid_metrics.md,23,metrics.F:344-581,ROMS/Utility/metrics.F,344-581,344-581,IDENTICAL,
models/ROMS/source-analysis/roms_grid_metrics.md,27,read_phypar.F:369-5081,ROMS/Utility/read_phypar.F,369-5081,369-5083,MOVED,"내부 변경, Phase 1 판정 완료"
models/ROMS/source-analysis/roms_grid_metrics.md,35,checkdefs.F:2832,ROMS/Utility/checkdefs.F,2832,2867,MOVED,
models/ROMS/source-analysis/roms_grid_metrics.md,63,metrics.F:344-373,ROMS/Utility/metrics.F,344-373,344-373,IDENTICAL,
models/ROMS/source-analysis/roms_grid_metrics.md,93,read_phypar.F:369-372,ROMS/Utility/read_phypar.F,369-372,369-372,IDENTICAL,
models/ROMS/source-analysis/roms_include_cppdefs.md,34,cppdefs.h:11,ROMS/Include/cppdefs.h,11,11,IDENTICAL,
models/ROMS/source-analysis/roms_include_cppdefs.md,40,cppdefs.h:751-752,ROMS/Include/cppdefs.h,751-752,753-754,MOVED,
models/ROMS/source-analysis/roms_include_cppdefs.md,45,cppdefs.h:761,ROMS/Include/cppdefs.h,761,763,MOVED,
models/ROMS/source-analysis/roms_include_cppdefs.md,48,cppdefs.h:751,ROMS/Include/cppdefs.h,751,753,MOVED,
models/ROMS/source-analysis/roms_include_cppdefs.md,48,cppdefs.h:752,ROMS/Include/cppdefs.h,752,754,MOVED,
models/ROMS/source-analysis/roms_include_cppdefs.md,48,cppdefs.h:755,ROMS/Include/cppdefs.h,755,757,MOVED,
models/ROMS/source-analysis/roms_include_cppdefs.md,48,cppdefs.h:761,ROMS/Include/cppdefs.h,761,763,MOVED,
models/ROMS/source-analysis/roms_include_cppdefs.md,50,cppdefs.h:742,ROMS/Include/cppdefs.h,742,744,MOVED,
models/ROMS/source-analysis/roms_include_cppdefs.md,51,cppdefs.h:737,ROMS/Include/cppdefs.h,737,739,MOVED,
models/ROMS/source-analysis/roms_include_cppdefs.md,53,cppdefs.h:734,ROMS/Include/cppdefs.h,734,736,MOVED,
models/ROMS/source-analysis/roms_include_cppdefs.md,56,cppdefs.h:680,ROMS/Include/cppdefs.h,680,682,MOVED,
models/ROMS/source-analysis/roms_include_cppdefs.md,56,cppdefs.h:680,ROMS/Include/cppdefs.h,680,682,MOVED,
models/ROMS/source-analysis/roms_include_cppdefs.md,56,cppdefs.h:682,ROMS/Include/cppdefs.h,682,684,MOVED,
models/ROMS/source-analysis/roms_include_cppdefs.md,56,cppdefs.h:683,ROMS/Include/cppdefs.h,683,685,MOVED,
models/ROMS/source-analysis/roms_include_cppdefs.md,56,cppdefs.h:691,ROMS/Include/cppdefs.h,691,693,MOVED,
models/ROMS/source-analysis/roms_include_cppdefs.md,56,cppdefs.h:711,ROMS/Include/cppdefs.h,711,713,MOVED,
models/ROMS/source-analysis/roms_include_cppdefs.md,56,cppdefs.h:712,ROMS/Include/cppdefs.h,712,714,MOVED,
models/ROMS/source-analysis/roms_include_cppdefs.md,56,cppdefs.h:713,ROMS/Include/cppdefs.h,713,715,MOVED,
models/ROMS/source-analysis/roms_include_cppdefs.md,66,cppdefs.h:13,ROMS/Include/cppdefs.h,13,13,IDENTICAL,
models/ROMS/source-analysis/roms_include_cppdefs.md,67,cppdefs.h:49,ROMS/Include/cppdefs.h,49,49,IDENTICAL,
models/ROMS/source-analysis/roms_include_cppdefs.md,68,cppdefs.h:63,ROMS/Include/cppdefs.h,63,63,IDENTICAL,
models/ROMS/source-analysis/roms_include_cppdefs.md,69,cppdefs.h:90,ROMS/Include/cppdefs.h,90,90,IDENTICAL,
models/ROMS/source-analysis/roms_include_cppdefs.md,70,cppdefs.h:106,ROMS/Include/cppdefs.h,106,106,IDENTICAL,
models/ROMS/source-analysis/roms_include_cppdefs.md,71,cppdefs.h:124,ROMS/Include/cppdefs.h,124,124,IDENTICAL,
models/ROMS/source-analysis/roms_include_cppdefs.md,73,cppdefs.h:33,ROMS/Include/cppdefs.h,33,33,IDENTICAL,
models/ROMS/source-analysis/roms_include_cppdefs.md,73,cppdefs.h:71,ROMS/Include/cppdefs.h,71,71,IDENTICAL,
models/ROMS/source-analysis/roms_include_cppdefs.md,75,cppdefs.h:15-18,ROMS/Include/cppdefs.h,15-18,15-18,IDENTICAL,
models/ROMS/source-analysis/roms_include_cppdefs.md,77,cppdefs.h:18,ROMS/Include/cppdefs.h,18,18,IDENTICAL,
models/ROMS/source-analysis/roms_include_cppdefs.md,79,cppdefs.h:30-31,ROMS/Include/cppdefs.h,30-31,30-31,IDENTICAL,
models/ROMS/source-analysis/roms_include_cppdefs.md,87,globaldefs.h:11,ROMS/Include/globaldefs.h,11,11,IDENTICAL,
models/ROMS/source-analysis/roms_include_cppdefs.md,88,globaldefs.h:13,ROMS/Include/globaldefs.h,13,13,IDENTICAL,
models/ROMS/source-analysis/roms_include_cppdefs.md,93,globaldefs.h:46-48,ROMS/Include/globaldefs.h,46-48,46-48,IDENTICAL,
models/ROMS/source-analysis/roms_include_cppdefs.md,94,globaldefs.h:57-63,ROMS/Include/globaldefs.h,57-63,57-63,IDENTICAL,
models/ROMS/source-analysis/roms_include_cppdefs.md,94,globaldefs.h:53,ROMS/Include/globaldefs.h,53,53,IDENTICAL,
models/ROMS/source-analysis/roms_include_cppdefs.md,95,globaldefs.h:112,ROMS/Include/globaldefs.h,112,112,IDENTICAL,
models/ROMS/source-analysis/roms_include_cppdefs.md,103,globaldefs.h:392,ROMS/Include/globaldefs.h,392,392,IDENTICAL,
models/ROMS/source-analysis/roms_include_cppdefs.md,106,globaldefs.h:426,ROMS/Include/globaldefs.h,426,426,IDENTICAL,
models/ROMS/source-analysis/roms_include_cppdefs.md,110,globaldefs.h:361-393,ROMS/Include/globaldefs.h,361-393,361-393,IDENTICAL,
models/ROMS/source-analysis/roms_include_cppdefs.md,110,globaldefs.h:395-427,ROMS/Include/globaldefs.h,395-427,395-427,IDENTICAL,
models/ROMS/source-analysis/roms_include_cppdefs.md,111,globaldefs.h:429-437,ROMS/Include/globaldefs.h,429-437,429-437,IDENTICAL,
models/ROMS/source-analysis/roms_include_cppdefs.md,112,globaldefs.h:560-576,ROMS/Include/globaldefs.h,560-576,560-576,IDENTICAL,
models/ROMS/source-analysis/roms_include_cppdefs.md,113,globaldefs.h:582-592,ROMS/Include/globaldefs.h,582-592,582-592,IDENTICAL,
models/ROMS/source-analysis/roms_include_cppdefs.md,114,globaldefs.h:627-644,ROMS/Include/globaldefs.h,627-644,627-644,IDENTICAL,
models/ROMS/source-analysis/roms_include_cppdefs.md,115,globaldefs.h:646-659,ROMS/Include/globaldefs.h,646-659,646-659,IDENTICAL,
models/ROMS/source-analysis/roms_include_cppdefs.md,116,globaldefs.h:594-596,ROMS/Include/globaldefs.h,594-596,594-596,IDENTICAL,
models/ROMS/source-analysis/roms_include_cppdefs.md,118,globaldefs.h:264-268,ROMS/Include/globaldefs.h,264-268,264-268,IDENTICAL,
models/ROMS/source-analysis/roms_include_cppdefs.md,118,globaldefs.h:276-280,ROMS/Include/globaldefs.h,276-280,276-280,IDENTICAL,
models/ROMS/source-analysis/roms_include_cppdefs.md,118,globaldefs.h:294-298,ROMS/Include/globaldefs.h,294-298,294-298,IDENTICAL,
models/ROMS/source-analysis/roms_include_cppdefs.md,120,globaldefs.h:310-315,ROMS/Include/globaldefs.h,310-315,310-315,IDENTICAL,
models/ROMS/source-analysis/roms_include_cppdefs.md,120,globaldefs.h:322-336,ROMS/Include/globaldefs.h,322-336,322-336,IDENTICAL,
models/ROMS/source-analysis/roms_include_cppdefs.md,123,globaldefs.h:801-811,ROMS/Include/globaldefs.h,801-811,817-827,MOVED,
models/ROMS/source-analysis/roms_include_cppdefs.md,124,globaldefs.h:783-794,ROMS/Include/globaldefs.h,783-794,799-810,MOVED,
models/ROMS/source-analysis/roms_include_cppdefs.md,125,globaldefs.h:1225-1237,ROMS/Include/globaldefs.h,1225-1237,1241-1253,MOVED,
models/ROMS/source-analysis/roms_include_cppdefs.md,126,globaldefs.h:817-820,ROMS/Include/globaldefs.h,817-820,833-836,MOVED,
models/ROMS/source-analysis/roms_include_cppdefs.md,130,globaldefs.h:119-120,ROMS/Include/globaldefs.h,119-120,119-120,IDENTICAL,
models/ROMS/source-analysis/roms_include_cppdefs.md,131,globaldefs.h:765-772,ROMS/Include/globaldefs.h,765-772,781-788,MOVED,
models/ROMS/source-analysis/roms_include_cppdefs.md,131,globaldefs.h:774-777,ROMS/Include/globaldefs.h,774-777,790-793,MOVED,
models/ROMS/source-analysis/roms_include_cppdefs.md,132,globaldefs.h:1205-1219,ROMS/Include/globaldefs.h,1205-1219,1221-1235,MOVED,
models/ROMS/source-analysis/roms_include_cppdefs.md,132,cppdefs.h:20-28,ROMS/Include/cppdefs.h,20-28,20-28,IDENTICAL,
models/ROMS/source-analysis/roms_include_cppdefs.md,133,globaldefs.h:1054-1056,ROMS/Include/globaldefs.h,1054-1056,1070-1072,MOVED,
models/ROMS/source-analysis/roms_include_cppdefs.md,136,globaldefs.h:994-1048,ROMS/Include/globaldefs.h,994-1048,1010-1064,MOVED,
models/ROMS/source-analysis/roms_include_cppdefs.md,136,globaldefs.h:995-1002,ROMS/Include/globaldefs.h,995-1002,1011-1018,MOVED,
models/ROMS/source-analysis/roms_include_cppdefs.md,136,globaldefs.h:1011-1042,ROMS/Include/globaldefs.h,1011-1042,1027-1058,MOVED,
models/ROMS/source-analysis/roms_include_cppdefs.md,198,cppdefs.h:752,ROMS/Include/cppdefs.h,752,754,MOVED,
models/ROMS/source-analysis/roms_include_cppdefs.md,199,cppdefs.h:761,ROMS/Include/cppdefs.h,761,763,MOVED,
models/ROMS/source-analysis/roms_io_netcdf.md,37,def_his.F:11,ROMS/Utility/def_his.F,11,11,IDENTICAL,
models/ROMS/source-analysis/roms_io_netcdf.md,38,def_rst.F:11,ROMS/Utility/def_rst.F,11,11,IDENTICAL,
models/ROMS/source-analysis/roms_io_netcdf.md,39,def_ini.F:11,ROMS/Utility/def_ini.F,11,11,IDENTICAL,
models/ROMS/source-analysis/roms_io_netcdf.md,46,mod_netcdf.F:11-15,ROMS/Modules/mod_netcdf.F,11-15,11-15,IDENTICAL,
models/ROMS/source-analysis/roms_io_netcdf.md,50,mod_netcdf.F:34-35,ROMS/Modules/mod_netcdf.F,34-35,34-35,IDENTICAL,
models/ROMS/source-analysis/roms_io_netcdf.md,62,mod_netcdf.F:115-126,ROMS/Modules/mod_netcdf.F,115-126,117-128,MOVED,
models/ROMS/source-analysis/roms_io_netcdf.md,66,mod_netcdf.F:187-191,ROMS/Modules/mod_netcdf.F,187-191,189-193,MOVED,
models/ROMS/source-analysis/roms_io_netcdf.md,71,mod_netcdf.F:209-216,ROMS/Modules/mod_netcdf.F,209-216,211-218,MOVED,
models/ROMS/source-analysis/roms_io_netcdf.md,75,mod_netcdf.F:9083-9216,ROMS/Modules/mod_netcdf.F,9083-9216,9642-9775,MOVED,
models/ROMS/source-analysis/roms_io_netcdf.md,95,def_var.F:11,ROMS/Utility/def_var.F,11,11,IDENTICAL,
models/ROMS/source-analysis/roms_io_netcdf.md,95,def_var.F:33-59,ROMS/Utility/def_var.F,33-59,33-60,MOVED,"내부 변경, Phase 1 판정 완료"
models/ROMS/source-analysis/roms_io_netcdf.md,98,def_var.F:159-161,ROMS/Utility/def_var.F,159-161,160-162,MOVED,
models/ROMS/source-analysis/roms_io_netcdf.md,100,def_var.F:175-189,ROMS/Utility/def_var.F,175-189,176-190,MOVED,
models/ROMS/source-analysis/roms_io_netcdf.md,101,def_var.F:199-346,ROMS/Utility/def_var.F,199-346,200-347,MOVED,
models/ROMS/source-analysis/roms_io_netcdf.md,103,def_var.F:75-76,ROMS/Utility/def_var.F,75-76,76-77,MOVED,
models/ROMS/source-analysis/roms_io_netcdf.md,111,def_his.F:174-186,ROMS/Utility/def_his.F,174-186,172-184,MOVED,
models/ROMS/source-analysis/roms_io_netcdf.md,113,def_his.F:205-235,ROMS/Utility/def_his.F,205-235,203-233,MOVED,
models/ROMS/source-analysis/roms_io_netcdf.md,114,def_his.F:558,ROMS/Utility/def_his.F,558,562,MOVED,
models/ROMS/source-analysis/roms_io_netcdf.md,134,nf_fwrite2d.F:11-13,ROMS/Utility/nf_fwrite2d.F,11-13,11-13,IDENTICAL,
models/ROMS/source-analysis/roms_io_netcdf.md,137,nf_fwrite2d.F:77-82,ROMS/Utility/nf_fwrite2d.F,77-82,77-82,IDENTICAL,
models/ROMS/source-analysis/roms_io_netcdf.md,147,nf_fwrite2d.F:86,ROMS/Utility/nf_fwrite2d.F,86,86,IDENTICAL,
models/ROMS/source-analysis/roms_io_netcdf.md,153,nf_fwrite2d.F:58-64,ROMS/Utility/nf_fwrite2d.F,58-64,58-64,IDENTICAL,
models/ROMS/source-analysis/roms_io_netcdf.md,156,nf_fread2d.F:358,ROMS/Utility/nf_fread2d.F,358,358,IDENTICAL,
models/ROMS/source-analysis/roms_io_netcdf.md,166,get_state.F:11-12,ROMS/Utility/get_state.F,11-12,11-12,IDENTICAL,
models/ROMS/source-analysis/roms_io_netcdf.md,178,read_phypar.F:11,ROMS/Utility/read_phypar.F,11,11,IDENTICAL,
models/ROMS/source-analysis/roms_io_netcdf.md,189,nf_fwrite2d.F:77-82,ROMS/Utility/nf_fwrite2d.F,77-82,77-82,IDENTICAL,
models/ROMS/source-analysis/roms_io_netcdf.md,190,def_var.F:166-171,ROMS/Utility/def_var.F,166-171,167-172,MOVED,
models/ROMS/source-analysis/roms_io_netcdf.md,192,"nf_fwrite2d.F:295,379,551",ROMS/Utility/nf_fwrite2d.F,"295,379,551","295,379,551",IDENTICAL,
models/ROMS/source-analysis/roms_io_netcdf.md,192,"nf_fread2d.F:358,1035",ROMS/Utility/nf_fread2d.F,"358,1035","358,1035",IDENTICAL,
models/ROMS/source-analysis/roms_io_netcdf.md,193,def_his.F:558,ROMS/Utility/def_his.F,558,562,MOVED,
models/ROMS/source-analysis/roms_io_netcdf.md,200,mod_netcdf.F:117-126,ROMS/Modules/mod_netcdf.F,117-126,119-128,MOVED,
models/ROMS/source-analysis/roms_nesting.md,19,ROMS/Include/cppdefs.h:557-562,ROMS/Include/cppdefs.h,557-562,559-564,MOVED,
models/ROMS/source-analysis/roms_nesting.md,27,cppdefs.h:557-562,ROMS/Include/cppdefs.h,557-562,559-564,MOVED,
models/ROMS/source-analysis/roms_nonlinear_core_remaining.md,209,pre_step3d.F:13-27,ROMS/Nonlinear/pre_step3d.F,13-27,13-27,IDENTICAL,
models/ROMS/source-analysis/roms_nonlinear_core_remaining.md,209,pre_step3d.F:11,ROMS/Nonlinear/pre_step3d.F,11,11,IDENTICAL,
models/ROMS/source-analysis/roms_nonlinear_core_remaining.md,209,pre_step3d.F:4,ROMS/Nonlinear/pre_step3d.F,4,4,IDENTICAL,
models/ROMS/source-analysis/roms_nonlinear_core_remaining.md,212,pre_step3d.F:16-19,ROMS/Nonlinear/pre_step3d.F,16-19,16-19,IDENTICAL,
models/ROMS/source-analysis/roms_nonlinear_core_remaining.md,213,pre_step3d.F:21-24,ROMS/Nonlinear/pre_step3d.F,21-24,21-24,IDENTICAL,
models/ROMS/source-analysis/roms_nonlinear_core_remaining.md,214,pre_step3d.F:26-27,ROMS/Nonlinear/pre_step3d.F,26-27,26-27,IDENTICAL,
models/ROMS/source-analysis/roms_nonlinear_core_remaining.md,216,pre_step3d.F:126-1180,ROMS/Nonlinear/pre_step3d.F,126-1180,126-1256,MOVED,"내부 변경, Phase 1 판정 완료"
models/ROMS/source-analysis/roms_open_boundaries.md,20,inp_decode.F:1617-1658,ROMS/Utility/inp_decode.F,1617-1658,1773-1814,MOVED,
models/ROMS/source-analysis/roms_open_boundaries.md,123,inp_decode.F:1617-1658,ROMS/Utility/inp_decode.F,1617-1658,1773-1814,MOVED,
models/ROMS/source-analysis/roms_representer_model.md,119,rp_def_ini.F:12,ROMS/Representer/rp_def_ini.F,12,12,IDENTICAL,
models/ROMS/source-analysis/roms_representer_model.md,119,rp_def_ini.F:141,ROMS/Representer/rp_def_ini.F,141,139,MOVED,
models/ROMS/source-analysis/roms_tangent_linear_model.md,95,tl_pre_step3d.F:29-32,ROMS/Tangent/tl_pre_step3d.F,29-32,29-32,IDENTICAL,
models/ROMS/source-analysis/roms_tangent_linear_model.md,180,tl_pre_step3d.F:13-14,ROMS/Tangent/tl_pre_step3d.F,13-14,13-14,IDENTICAL,
models/ROMS/source-analysis/roms_tangent_linear_model.md,209,tl_pre_step3d.F:29-32,ROMS/Tangent/tl_pre_step3d.F,29-32,29-32,IDENTICAL,
models/ROMS/source-analysis/roms_utility_numerics.md,207,inp_decode.F:11-12,ROMS/Utility/inp_decode.F,11-12,11-12,IDENTICAL,
models/ROMS/source-analysis/roms_utility_numerics.md,207,inp_decode.F:14,ROMS/Utility/inp_decode.F,14,14,IDENTICAL,
models/ROMS/source-analysis/roms_vertical_mixing.md,19,ROMS/Include/cppdefs.h:233-253,ROMS/Include/cppdefs.h,233-253,233-253,IDENTICAL,
models/ROMS/source-analysis/roms_vertical_mixing.md,28,cppdefs.h:233-240,ROMS/Include/cppdefs.h,233-240,233-240,IDENTICAL,
models/ROMS/source-analysis/roms_vertical_mixing.md,96,cppdefs.h:249-253,ROMS/Include/cppdefs.h,249-253,249-253,IDENTICAL,
models/ROMS/source-analysis/roms_vertical_mixing.md,101,def_his.F:1595-1649,ROMS/Utility/def_his.F,1595-1649,1599-1653,MOVED,
models/ROMS/source-analysis/roms_wec.md,19,"globaldefs.h:840-888, 861-879",ROMS/Include/globaldefs.h,"840-888,861-879","856-904,877-895",MOVED,
models/ROMS/source-analysis/roms_wec.md,33,globaldefs.h:861-867,ROMS/Include/globaldefs.h,861-867,877-883,MOVED,
models/ROMS/source-analysis/roms_wec.md,142,globaldefs.h:840-844,ROMS/Include/globaldefs.h,840-844,856-860,MOVED,
models/ROMS/source-analysis/roms_wetting_drying.md,28,read_phypar.F:973,ROMS/Utility/read_phypar.F,973,973,IDENTICAL,
models/ROMS/source-analysis/roms_wetting_drying.md,69,read_phypar.F:973,ROMS/Utility/read_phypar.F,973,973,IDENTICAL,
