op,path,old_sha256,new_sha256
ADD,Data/ROMS/CDL/s4dvar_Bcorrelation.cdl,,1de55de7b3ae3692f1cfd0f1a740328ea2e7eb5db7d9a97e8099be80e517f84d
ADD,ROMS/Adjoint/ad_convolution_mono.h,,9d59a0bf8a20b4180c76c52d43c8d1f059573db24db8ff91ddc29933516b5d1a
ADD,ROMS/Adjoint/ad_convolution_multi.h,,013d0616f2f44d62f9ce9214876872185eb7ff266e207dcf7cd1c665411055fe
ADD,ROMS/Tangent/tl_convolution_mono.h,,65d764c299ac043d861ae700d050dd31682658160486ae4063fabc12768e37b3
ADD,ROMS/Tangent/tl_convolution_multi.h,,e765c2eb7c803dd92b88331334e3dfe18a8ab4a9f5fdc4815e665db67d44428d
ADD,ROMS/Utility/convolve_mono.h,,eb9add95ac527e3ad6002a85fa8b2fec25416f73cfe88e287c16d28928531897
ADD,ROMS/Utility/convolve_multi.h,,ac88e707de9efea7ce8e0a8f0ecbed46300203b407bc614f6c292b573e1f6eff
ADD,ROMS/Utility/get_state_adm_nf90.h,,83d9411c34f5ef853239c64d9458ced07fd08842d6a14d55634d99d566fab6ec
ADD,ROMS/Utility/get_state_adm_pio.h,,0842c5c2c249a8e16b4aa45f377a4c61519d51982620fccbec2e88a8e77f0150
ADD,ROMS/Utility/get_state_frc_nf90.h,,a3f1972969df780eff4643c75be9b0ab540987ad01244402b5e6b7def340a68c
ADD,ROMS/Utility/get_state_frc_pio.h,,ef4625cdd622dc726d0ec346e2feb0d7e626266ec0eabf7944bf3cf3bfad3509
ADD,ROMS/Utility/get_state_generic_nf90.h,,3b9ecd4e20427a7818270d62fb24808d0e97afc091f1e05c4880eef6e7e82c8c
ADD,ROMS/Utility/get_state_generic_pio.h,,c62195ccd4160dfbe248e71d59397b8df5e2e7e0b200f23d0c4dc9d50c42f814
ADD,ROMS/Utility/get_state_nlm_nf90.h,,213326a80b44874c30ee7f89c97c7c7b96aa87fa612f92f66ad88ad8776ace1e
ADD,ROMS/Utility/get_state_nlm_pio.h,,219548ff287e0adc64b3fc85e3411475223fa5710d04ede78efe38cdc3ea3e8a
ADD,ROMS/Utility/get_state_nrm_nf90.h,,e0293313eb633df539bd571067e60d0da97298e744bf649172866a04566ba1be
ADD,ROMS/Utility/get_state_nrm_pio.h,,16bddc9dd39a54e60540532c1541bae0db2241074d8ac2aed628680fd8562dcc
ADD,ROMS/Utility/get_state_std_nf90.h,,7fc1a890cf29a5278ae1616ce8cc48d4dc3bac6be287f70f5fa94fca8e132d6f
ADD,ROMS/Utility/get_state_std_pio.h,,d88584188900d9e0a74e2b65964078fe94dcca4a6a33da3f24d25e900d617c41
ADD,ROMS/Utility/get_state_tcs_nf90.h,,d5113dfc2626f5abd9d26df273b71c01132bd070f04f386d68914bdebfb4e03b
ADD,ROMS/Utility/get_state_tcs_pio.h,,7d9100215d0b642758396fcac93cdf5a5786f6b6f171c7fbf834a3159334b8cd
ADD,ROMS/Utility/get_state_tlm_forcing_nf90.h,,a982806acbf0c209bb32bb8186bec0fa0bd1d94286c71b24b5ab06695e03d2f1
ADD,ROMS/Utility/get_state_tlm_forcing_pio.h,,c33143161412a6c4cbaec0c61b1ca52e890133fbb0c7372086c134c525c5bf55
ADD,ROMS/Utility/get_state_tlm_nf90.h,,001ff962c32ab884dc0d895b1fbfd59bd0c6151bf03a4e2a6159f8468439f96e
ADD,ROMS/Utility/get_state_tlm_pio.h,,c1f1e887f8e7d4b6c8f5cfe1d453aa42a7d99d9498f282e3d1e3f833652eb270
ADD,ROMS/Utility/multiscale_CGsolver.h,,29d6fcc475cd3cfce464ac16e3e687345999ed26dc8973516732d2649d01b5a5
ADD,ROMS/Utility/multiscale_CIsolver.h,,ddcb537c7a49efdd226070cc863e1d24f35d8b0c35e8d9144069ce745812b4a4
ADD,ROMS/Utility/multiscale_Klaplacian.h,,529b487efd21ee078fbaf8380434a30165a8ecd7aed3df03180ca684143934f9
ADD,ROMS/Utility/multiscale_Vdiff.h,,edf3c3edfa14a0aba3f92617c48afcdf6fe83998cc1d558aa74cae2b95016b87
ADD,ROMS/Utility/multiscale_eigen.F,,ac24258144aec6479825c06effb8f3b00dff69242ff90c2af678dda1a3a3f711
ADD,ROMS/Utility/normalization_mono.h,,1af1ab65724b5d1a202835935d650fd368734767fe86b28e1e4b970747ba4591
ADD,ROMS/Utility/normalization_multi.h,,671ac7b4e2f1937243a51894614542616e32d67e0693fa43c30ea53e76a2472d
ADD,ROMS/Utility/roms_multiscale.F,,cedfafda920792509227bc37dbb9d47d78264da4d722f0984d06b62900486a76
ADD,ROMS/Utility/sum_multi_B.F,,2aca9a1fe04c5fe0c92846db2e7cbf4b224d00f1d639b3a9afdef406be29032b
ADD,ROMS/Utility/tracer_metadata.F,,f17c6c2d3ca614dd1b8d908effcd2cabfdb00edd436e17f5d186004308957002
MODIFY,CMakeLists.txt,b8d68c6587d141e48a07234b01c4463f6cb886004127a99d565ec55177427657,d6d1334db89f36f30359a1d0f6797a94a2a3029f8a6568afa7d3f903b943913f
MODIFY,Compilers/Linux-ifx.mk,0a41300e8383262d5791fefc1f2750a31cafad0d874fa3952992e2e70255590a,573bfae9457201b1f5585f419f8114d7dca0874072a9cbb41a9feed7fd3de739
MODIFY,Compilers/compiler_flags_IntelLLVM_Fortran.cmake,6d4771fd390f36f8baef52bac378e0a20f2fcd6a298d0a62da5f63b29fd87e42,9e17202365e433444fdcf2a810ff37896bc573f45a6e35d357b9a86a8ed83917
MODIFY,Master/cmeps_roms.h,7c4a5657d9d126c0dac1ab79b47f7c340fc252148030fdd7c4993a1fb7e3afdf,a6b3188144e38a4969028d6bd1dea6b38ca876c97de7379fc97c1ad3d2fe8b7b
MODIFY,Master/esmf_atm_coamps.h,1e16a939f715edadaf617da5940e31fa5422030b5a5c5ddb87cb5553b6864b03,2638926f43c062b6000122712f79cf0687f3c6856f1650fedb0e57debd1356f7
MODIFY,Master/esmf_atm_regcm.h,9d2118fa2679749093283189fb296386a40043885ea1086424d79b9a9b66ddfb,c96590637553c7ae76c5c25230b36f468b0654e7aec36dda34ba2a6876124270
MODIFY,Master/esmf_atm_wrf.h,7955c413364451f3376efb0672fd2a4ebd2ff8af9180fea9737a31770e6ffd5c,a20f5a5df99c37321a06d772eb636eedcc47fcb818c63ca0c9eec07d74b7dd11
MODIFY,Master/esmf_coupler.h,071520e9897e00374a3faf744ce6d5dee696279373da76d10f1fa87a9ebf70a9,2edf620f80566cc33b8f449fa2bb5c9b46a7f5e03867a9a544749aef697a44a3
MODIFY,Master/esmf_data.F,e12bf446012fdfdb78b12833be9264fc280d5816a30ea1dffd7fe95d1fba4d80,79816adb3af74b35968fadf87a32fab0b6e6d64774ebfdf22e9636bb92b7a4ac
MODIFY,Master/esmf_ice_cice.h,f685764e8f3d00c76362d5920e770a31408f509527521685e6f3bce8a876c851,7bb87f12b4813891466f5f0adf192c77b5622a5ec77b370d168674fd19ad3b8c
MODIFY,Master/esmf_roms.h,f871b72525a3ef6a07bb97de323f1d2c9af272f93dc3e98ddc4755dc05536604,3c5e7bec79b2777b649b56b4365d15cf3ab7ead41d5c52ead068c878a340a8ae
MODIFY,Master/esmf_wav_wam.h,64049f4cf90d103fa3d73b674828e3dc1756cbcc8f506b7eee36196da1fe2cda,7fcc1aa2f02d3f64b8670524e59d7fe68497bf9afff542e20333c1854c090624
MODIFY,Master/mod_esmf_esm.F,85f127802d9420e255b42be540b16da71e50657c77dde583310b1e4097ddb243,bab02b78546f373ef9183b1d670fa50e5cecf3a5495931e6d5f66808244c9525
MODIFY,ROMS/Adjoint/ad_convolution.F,5ed88e29ef4060bc3fa6e605c0661746dbd734b68e2d4294c1476baa4d89e4c0,4a3dc149b0c8da9f73c7459681d3f50833f7cad8ee1c9a6c99923b0f1613d877
MODIFY,ROMS/Adjoint/ad_def_his.F,1575f55c9e4b023bc283b0c08767e9476011718aa61a48bf2a1c5bb59fde850c,3a31a969974b84aeb68564d16dd340c4d3d95c35d83e8a18a2bf4c53a06fadfd
MODIFY,ROMS/Adjoint/ad_pre_step3d.F,ee69d9878724f5efc71d75978f48aaf41ff9bd9501614bf25d693e66ff23043f,e490f455f8f198c9f31cff9b4c60560038dfe1cd9eab0eadcbe5f6ee8f2bb6a9
MODIFY,ROMS/Bin/build_roms.csh,e72fdd254acaa0979cd50f5d831b78337e8c759ebb2a6846bad3e455f7ff85d4,459c3af26643a1f454d652b1c655651e8c102076eb0643521aa91079665a0ad4
MODIFY,ROMS/Bin/build_roms.sh,2e683758d10fdc0dc40d038863e04c7b28687af250fa3d688b1ae1b92854edfe,8701114f2fa1d77c9c84c9be2949b31beaae2d43548447edb2dc05e96daf82ce
MODIFY,ROMS/Bin/cbuild_roms.csh,4d61e1e99ba56be7a53c3ef94fdafb081d0f4ebb6b8f6acfafa59fdd6e575e48,621d4f79cc78210b036dfe5f4363b64dfcbcea16f52a2eab8f538b4b678018c5
MODIFY,ROMS/Bin/cbuild_roms.sh,0dce744efe66b5e81ff62df7bc038f529c283764a367567431ff18271f80b943,fb7f5cfb65bb2ebc3baf1cd368fce4e3725fd2a12f9cc5ca04364faf1a693d9d
MODIFY,ROMS/Drivers/correlation.h,f0dc437d7d5c12084ede13c05b4595533f8ced7e800809109f07023289137a78,e8c91daa26ed7d24d31ed76a93b4d6f721dbce23181fbfddf071855139fab17a
MODIFY,ROMS/Drivers/i4dvar.F,91ac20638c747ba68ad26005a8cefa00adb51cf3ac4469de880a428a4f842805,22082168fb8d56be2f8f1dfd12ad515620cc253481ac644155edced0d8e9af5f
MODIFY,ROMS/Drivers/r4dvar.F,179715bb11206742b72df30eb574e7c9e6677002c4cdafff8c6b8c02ab110194,ab0c921e653d2579ac86f61c66d9cabeed273f5986a6a08bdafdabfc52337042
MODIFY,ROMS/Drivers/rbl4dvar.F,05d21830e58754734bfab8b0886006751bb62de85f056ab87324837896f02ee4,110f6f442a95ed76171c9b71cbf71937385354b516f973a461bd6d6f47208b54
MODIFY,ROMS/External/da_roms.tmp,125940a63eda6b07a99a5bf93b690bce7678a3f6dc83f421429a959ee2425771,931abe4749268fb1c32620066d01d237170169568dd73f64f436d83dde907119
MODIFY,ROMS/External/nl_roms.tmp,e2ffda8fef04ea9999ffabe6200347b66ec885766071cae63ce74cbb445a3c13,f0de887930e275c32fc2375691473a02879d130471c74a8e37f6b59d184235b7
MODIFY,ROMS/External/roms_basin.in,1f3464d58513a090b3ceb02c639ffbe76bacf7ec8b29ff3e2be01904745868f3,904515172e3fea640b28bb6cddb360af9374956c2ffcddbeebab3a536b17ac58
MODIFY,ROMS/External/roms_benchmark1.in,b773991d14b76077c891dff2549c81ca4bf10d5b983698d5a69a1e1c1933796a,8b80de8921680d7ecff2f13b146eae7b7aa6ef8986c4b7ba916753fab7e24196
MODIFY,ROMS/External/roms_benchmark2.in,f735ba5e49ed8db34d19247fcf4de953891725f31744bb6cef2b445452cc372a,f6fe8383d29a4deb4a46fd1ba9684637abc2841317b3acd0b6b71d4bdad6d2ec
MODIFY,ROMS/External/roms_benchmark3.in,bf5cb29c58fc60613b326e6d9d2c045c65b64777b6bac0bcd8b97566e45fabba,291c390cda206209514cd135e18a6f3dd65da34563ca302f83ab6ce83f78ca6b
MODIFY,ROMS/External/roms_bio_toy.in,72cb13b309644c3d816af3baf9d9687fc4406e62ed629f1df88f9a45eba5cbc2,4c7ce2dd7d7d2b214adb84271479116a85b5ea9d424c5132782a890b65955ea9
MODIFY,ROMS/External/roms_bl_test.in,365ff874ab4ec391cbfa5b824a2be3ee270d625f925272e0d4cb9952de15b333,12960f041bcebd1d61e280f1d0529a8bbe27c8d5d4358e1f89f6ac0a9071d286
MODIFY,ROMS/External/roms_canyon2d.in,69a110d6bae0bfcf2d807c034c7bd4f70871326e6eb3df30396ef79c774f8ff5,e69213f5638ccd9182edcd7904ba6ec3b67ac8bfe9d2e1ac614a09cbe36615dc
MODIFY,ROMS/External/roms_canyon3d.in,69933c9190c666571e00c4044a60d6ac213a693cb9bf78b8ff43d346a73460f6,66e49590ecc2791b5c1e37f16971516fcdf9daccc7da250516751dd1915ea407
MODIFY,ROMS/External/roms_channel.in,8970a431e92bd89bcd8e93cfe1c48bf51f0e0c28ae79295281ab28c4c2836aad,415300d3988bfaece98a9dbff8c349d1b4fa00715fa91573516f6cff457464bf
MODIFY,ROMS/External/roms_damee_4.in,76ab86ba03133221fd729f23887e4e235f4fb8e9ed5a297b45410ba1523179ce,883bc3a35d89ef77a6129e0fab7479af04b1c561214174ee2cc7be2ac5e1560c
MODIFY,ROMS/External/roms_dogbone_composite.in,bfa20a972d636810c381fab8a4d926d0e8333c7e881d3470c62f742419c49695,12bb434b976853d57d6355d22ad03327fa2a85df1628f8f4a6e0f77b417ff2d3
MODIFY,ROMS/External/roms_dogbone_refined.in,9012c1a210215b18677e34e8f1dea322294d281ca5cdaba29e3d1ba34318935d,371edce86dab60cca6e518cc7cbeb876723a19c2879a78b7d4f1f6bf0eb26c09
MODIFY,ROMS/External/roms_dogbone_whole.in,9e73381c848989d28211513fa33ec855eb6e5fc1780f74e0311220cbb5a79f78,7dd85cbf625c5db2fc2b65a340ae78c72fe689535c9c64c2031d90c15086af8f
MODIFY,ROMS/External/roms_double_gyre.in,320d70e88609a0cee45dcb079ea38d2bc1b089535e27c7dd0127cb7d08e3df60,89d4a9f049a0071dd93b5ddd6535a39cd91e6a4b9bddc03540b35d02af9ef223
MODIFY,ROMS/External/roms_ducknc.in,1c9cfb1136202fd3e75f7049de0679fb99e4c079cf220fdc125c81ef8ca13b15,99fdf5939c580420b4d6370af525aec866fe6030f9da3841ca34e53389f37c25
MODIFY,ROMS/External/roms_estuary_test.in,3f060fc9e745869acf25df8fce49dd898a1d93cd12a5242aaa1a7774bef20725,1907b6333f68a0cf6fa29734981019fdac98a7001b4ebf41d3f865a8fdb9d9ca
MODIFY,ROMS/External/roms_flt_test2d.in,1858e51d0300007aef1c702a92986c9cbdabc024a41a1e490d4b7b827532bfeb,f09708787143aca2c68a8e93466d3f91d9855b3cdea8aa82682876beeae5719b
MODIFY,ROMS/External/roms_flt_test3d.in,1bde978b12ac4b7b942b9ee1bdf4085d233925a431a1714f49d79e2ae8da8dec,af1217c7ca6ad1833cedf276189a39a00de998106cbd4b399668c8c245099e17
MODIFY,ROMS/External/roms_grav_adj.in,ef547b4af13147db2fb4ae916e00e806a82c61cb945201c7c6a0586567f09357,6021d8e2c816226cb84993363007bd4dde317f46d96aecaf99f079186ce10940
MODIFY,ROMS/External/roms_inlet_test.in,e8cd38ea300951ce557d992c6d65b247d0f5e606d5058eb6dcecd5c56d6cae26,a07166e4452b1b6db1dd824c8071af70cb001f38c492cac6bb630c2f3b36ef20
MODIFY,ROMS/External/roms_kelvin.in,9c8dbea63a718ac017e56893e9742a0ef7c59c3337c9caedd095f8d61dcb85e2,8ead434ebe8d76f5d8f7a47b4211396ea0d6e470989f8c7edb017c2a5a35b61f
MODIFY,ROMS/External/roms_lab_canyon.in,ef0ac478721d68855a4edf08a30ab83a3d81f5afd6e9268957209e92bada64bc,e9ca026d642d1efa0a2e13eac3cc8ebb7b977099364793a5579590c3e3e8dcdc
MODIFY,ROMS/External/roms_lake_ice.in,fbba30da7f23610cb5ce2ec4cf2387714583b5fb17a92ae97c5ef72422eca707,42cba0a6ccc6b760474767dc794f6a7dbd601c7141d10642c9a576d1121091a7
MODIFY,ROMS/External/roms_lake_jersey.in,aa1ad55669c67062220f23a67fc1db7863aa016e7e6e9cd32b5a16f27a89330e,b82bc2c91bb76b70b50a2893739c1dbad06c9c91c7dd3d89e4b201f165116a1a
MODIFY,ROMS/External/roms_lake_signell.in,a9cdd7a488d644e956d1f8ecb44c559d8a71a6fb07c240abebd7c9c70fce35f4,e774bbca9ef610d8d7ed2d00e402f1791e355643767b7666711be4b4dc914154
MODIFY,ROMS/External/roms_lmd_test.in,02fbb38e4ec767d3cc7f0762c535f91b221b124b6358a584038db7c607739909,31b50d2450017818676d5af5ee0de8d26255e783ae63cb23674fa9d91ff749bb
MODIFY,ROMS/External/roms_marsh_test.in,3da084a19667d34b3e5a8485ca0b35bef2d2d472f0c83d9d1bfeda2db1835f98,43cfe065e04e5553ab3b8f138d2ebc35debfae91845f1c422036c8f8d6773d82
MODIFY,ROMS/External/roms_overflow.in,e21484a519bc58769026e210012daf8a02190039d0ea92e5aa308fe5e1b6fe8b,23fd11ef61cbef44f196883ebe6362cd7fe94cbc75d6be6107a5bd6fee0ed6c9
MODIFY,ROMS/External/roms_riverplume1.in,3428bed13d4db35a832d242698beb6c0b09857bbd76d5e333c63754b0b3fa191,1cc3339873322ffd65ca97842157c1f905012c7dce4a72aae68b4152e5b57b57
MODIFY,ROMS/External/roms_riverplume2.in,76c65007d2882bb4843432dca717a6eddd6355c80c6f25233de30fefa022abe2,47acd9a567553106870089636a892ddc87156e6e5d6040b6238fe5e475689f5e
MODIFY,ROMS/External/roms_seamount.in,27493cf85e75e87c4f30ff96f194d66227a6b5b7bad66a00df50a91917cc43e6,b138bf8fb5c5333068c8423c13b1685bda26a29ba83960cf41093c63787c8863
MODIFY,ROMS/External/roms_sed_test1.in,545282a9f597327e4633786eeb8ffe6ae88f30a50caf34ef76cbec42358323ed,989c60f9ec6464b270a11d8ff0921200e2586b649c092be1dc7500e4fac2ae0e
MODIFY,ROMS/External/roms_sed_toy.in,2ca72cff4a3e47dbef6ef80786a2f63af3279570e45c03144202a6f8dbbb6c48,675cc3f3563c79ca8b9124ea84991edfe9e842332c8c13f7fe8e08291cca01de
MODIFY,ROMS/External/roms_shoreface.in,eb2b22fb22e19087686b27400ee40b558b48f6374d6fc7293ff40acf31421b89,7f317a0f14e79cf899fcba3f2ec7b5607b21756d16d8e69bcf9509aab8abbb0a
MODIFY,ROMS/External/roms_soliton.in,ce8dc3f1d14fdde8e917329d616ccd020624d4f374d7d305b424b3379719d316,132311ae90eaa3928877a1a94f678ffe847d24c0e0bb3e2171d67f151bdc9325
MODIFY,ROMS/External/roms_test_chan.in,b1923c20c98404bffa01ad6e7ed3f223a7823f9320061e47da39d5cb00e07ffa,6e24c2c522e5d894533f7d87cf0d246e9aa6ab2345d125c88378996573821cb1
MODIFY,ROMS/External/roms_test_head.in,47f01043c0f358c37891502ca365b35e272523d9b8332be89de341f6fef0d3f7,0076e15726943cf6fa127a6b818125bac4073ec98a4c06c08b6510684a27ad9b
MODIFY,ROMS/External/roms_upwelling.in,22ea9c1f8d3d81ea1a7e72d32826acb88ecbd74af1790143d3071c2b4e69e98f,8ef14fb2902104be0bc4011c6746b2ef4697cab678413e09a918f2907b32b4e5
MODIFY,ROMS/External/roms_vegetation_test.in,4c735aa2c798d216ab68ce2b27fdfd1078b08a58fc9b969e420873df78724401,27ab9c96ba41567148110fc5d18ef235de227ea387ed2e2ce94fa18cd210501e
MODIFY,ROMS/External/roms_wc13.in,22b9e8d0d0bf4e76b4811da05bb032dc8f8e29d78a9e89b13640571c84971a2f,bb720bc06a4b02af961de7374e6f5b15d9618bd711218640e690a0834f05c373
MODIFY,ROMS/External/roms_weddell.in,59e4aaf61ae628987e60de7fbf2d5affea5cc1b1e68b803188015b78293fadac,92d285df151759e5443eb1295108e56b26083b65f27b76d8fe6dfaabec8aa9bb
MODIFY,ROMS/External/roms_windbasin.in,abd38c2099d8908bafcbbfad20ddcf294e93a2c85606b1849f3df7b1d442db3c,d882e3f1af88beb89b01ccd0c638d829f2e50663960c6e25b2c8b57aed3fd167
MODIFY,ROMS/External/s4dvar.in,0434890708a019082a8b61d5ee9cb35387dc142731586a68280f837640570ef2,3342e973cdf45efecc2b5601c8d34fd81659022fae1a267d222e14237f651461
MODIFY,ROMS/External/varinfo.yaml,0c2b102648c927c0bda983bc622edfd14320fc1933c00051f8895d74ca3fdaa8,88d17ab2e115e99b90ba9633f557bda3a35c94b161579317e578526ac3c9f09e
MODIFY,ROMS/Functionals/ana_diag.h,394718bee2481be8ea165f3294317c4b2b4215e3ccd26018405ccdb6f228f3fa,563474358712d62b73358825c092ee433d80cf1e89e488994c54ea96a34f7105
MODIFY,ROMS/Functionals/ana_initial.h,26b3e891ffeb814dab672e0818bc9af5d00de77aa10134cca60d6e9b25f90088,86c0d81b46b42a085cc7799c603c05473064ad8c8992cbb4edea6637492e44a2
MODIFY,ROMS/Functionals/ana_perturb.h,16f801581e48469e264ea4e179ff13e5cae3a36e4143ce79eee5f83cb6665711,76f3a86e99c57f49f56ee4f0a07f86550d7df3cde0ed7e462fbccfd6f3c1d298
MODIFY,ROMS/Include/cppdefs.h,975e42e26a3d89b3be5895c1bb4d1d551f4438bb89534b89364267873e1933a7,95c42f1ebe00d4b26adbb6f69ee9fa985798e608ca68ae610c1e59a43e7e43ef
MODIFY,ROMS/Include/globaldefs.h,e7d9ec8b34c578957369b995912f0d70ffc90d519f4461325825c3e43ecce68e,c650aee96ab24ada3bc7f8ebfd4412756c405aaa6dcbade300d69d19c13db9be
MODIFY,ROMS/Modules/CMakeLists.txt,76086ec2870df2ec47a86108fe7af830a2f526d9970a5ad4bd07895e06daa7d4,6fd52b8ab696cb094aeb7108e0cd5568acffa2bfe895731c74ad95496967d595
MODIFY,ROMS/Modules/mod_arrays.F,91f2a161a0a0ca391084bc84fac19a4ed09a4b0b5af10a7609f588d84416891c,a9349007621a64caad82a21a1a45117ec38c6efa1b320f9b0cde93e3f446d196
MODIFY,ROMS/Modules/mod_iounits.F,f6f7f7d4b995b1e42d91e3a82794330c2c6cc89c3ee6cda91ba0c749552c787a,bf4869b488631c86ffd60d117f610a59d1025cde49c7b2f96317b7e43ead015f
MODIFY,ROMS/Modules/mod_ncparam.F,7f661c586536416cff57f275d16338f0d8520f157aa904808c0a10ed0bbd2937,ef4c083fcb98af445f32a96636142eae4527c4d30f9faf74bdc233d50425c002
MODIFY,ROMS/Modules/mod_netcdf.F,bccef5fef3b75287355bad7aae2b6549486da5df9987bcec3ae13bbfd47f23a2,e03d6d7c5fe831dcd21d244004fa720a9ceb12b113828678ad221330c3cb119c
MODIFY,ROMS/Modules/mod_ocean.F,2811fc472a9f74d1c48d668d9ef5e7841ba5ba241571ea9b13ba3c4c1904ed2d,692537a65826bc80d4cab96785544f5685c98a2cb861cb6af5997ad73673fba8
MODIFY,ROMS/Modules/mod_pio_netcdf.F,ad6de13ac1a24a55525538233f3a930617d39b6fb13b467d64794ce9378fef19,e61cab2fd135c4350f18a540d6d899b594fb27721c047267be7280e5b4c76ac7
MODIFY,ROMS/Modules/mod_scalars.F,62cf9698f07cfe0f6887924febce265d8c610123d49ec2f514dfb5e43701a2fe,6b8fc4a75da7354dcebae5dcfd17b8b07a7da03e9cc3dc3f322ca1e0d5fbdf05
MODIFY,ROMS/Nonlinear/BBL/bbl_output.F,c20d9e2e28b0faf567d60e56f17ebe656c00325b76e1a428e3f88c9bf7e079ee,c2888e78c6e3c73092bb7d1776ef9eb5d8ec6bee162a5e62cb67706ef05e4fc3
MODIFY,ROMS/Nonlinear/SeaIce/ice_output.F,b999dbd8800be8a126fb0fab47429820e219792e1994c67579b23534c5783604,9e8468501f602dac3cf2728d50cd23b41d8789bab450ae2be57b71836e99068f
MODIFY,ROMS/Nonlinear/Sediment/sediment_output.F,b54306e581e289c958df0bd68c2fd4b86130f6c272da9751b4e82ab7558fa648,b3764baebba9a4103be993e235cf6c29dbf17432b9aac44ade706bf2d8ff4c3c
MODIFY,ROMS/Nonlinear/Vegetation/vegetation_output.F,b0675c981d6a05ddd4d0e84bc1dd420a1baf661a403bac230380872611496ed9,e417de9144d17dd6e435a6e428cca8eb7a591f64cc9b0e6cebab8185d9f5f471
MODIFY,ROMS/Nonlinear/WEC/wec_output.F,5ec99f630dce0809b14b7702f578f9e19349cb77c4338f24c805f212c6f23b56,62b385c270aa2e6e374ee27040ed62665549448a5cf13fc6b357bf707aff700e
MODIFY,ROMS/Nonlinear/pre_step3d.F,a9ce039e15475f729d78d14c3a914d227bdb34c7a2d6c6d26f74b826daa5f901,51ecbb1e96b1b068ad71c74e6cdc759a8d3da11a67e03a281c3f679c693e4b37
MODIFY,ROMS/Representer/rp_def_ini.F,afa0d97aeda4d75b14f49ab85c512e64a4464d3c3b856a8a5e8842c54de3d969,3447ba1c06f43e72de61b6bf374b202592bf1847ca9dbda34aea518163ac6391
MODIFY,ROMS/Tangent/tl_convolution.F,109215d0fe251caa0a8e9f8cb4f798e933de5dbe7003216abd49d7a54dba36c7,68428011ae56466acd72afb8dcd94457186ef9b7f24d8c655b8ab410842b36d0
MODIFY,ROMS/Tangent/tl_def_his.F,e53d7f6e02879266037929ead03e40c96c94107143b56f505401eff5680d6ce2,b63cce26276ba98cb1364e38136767433e4f5f310f8233bb3b0cc55965ccd10d
MODIFY,ROMS/Tangent/tl_def_ini.F,af5ae9378e59f645fa0e7ae22063de5209e8192db331941e6323aeafef60d33c,2e0cda247c98bd100ceb1ad6f9bd9695222878ec1c09af8488dbe06ac553a9aa
MODIFY,ROMS/Tangent/tl_pre_step3d.F,52b74f7a3a85b803b44d8c94d45484ad442db689f1c4e3584a48230d4e0ac227,0f9930a61b8961ff9656a89edab78cb2ccf89be763bfdae779914aad6295c48e
MODIFY,ROMS/Utility/CMakeLists.txt,c6d6483139679df9c85b575de7e9a5904654996a2f80a9b1e9163d73deb672f5,79c255a403a1b59e4ef138d666e3f7d05a6a66f4b41bca054bea3893753dd320
MODIFY,ROMS/Utility/checkdefs.F,d45d7afdd674388154b1f243a7a8dd5c6ab4325be66b2a8bd7828aba7b49d9b9,ec6ebce82c5b3fb0fcee86c38eab1e5113589d50dbffc90e924f5291b410be64
MODIFY,ROMS/Utility/checkvars.F,4536904019b32a8a1e4b1f1f5a5e69a4bfb0813494dbcc7e7999f45171f4ab7b,19241aa5f368fc1c26ee8804d8079d274ea88928b5cbfd91b71b3ff95a376adb
MODIFY,ROMS/Utility/convolve.F,bae0324f6eef0a0d7bb03d747f0c8966f50faefed80ff2340351368037eacda2,7bc300de3f6b858fecb775cb7627a017baac094f5fb8090949ed38ab54b2c482
MODIFY,ROMS/Utility/def_avg.F,a96ff0bdb134bfa1189b66b8b3baf0030a080117dbcf7d6e8f4f3a85f4fd501f,52a12d6e1c24b36fef9f8dadc4f075e76b0cdce0ea94e62a01ac491ed33736c2
MODIFY,ROMS/Utility/def_dai.F,465300f5589a36811e2b7787e689fe08f800764711ee82e76459eec347c7322d,c78551b14780693431a8adaaee5b58eb9cdc067827f38f1a8eae6caef3722a99
MODIFY,ROMS/Utility/def_diags.F,c3986213ac1f757f0159ead08ec4de87b35c869daa823e4d42e410e0883c7c6f,47124144bea32bf5a3ff1c6a079207793e43f9e10ddeac61a074b8756057f347
MODIFY,ROMS/Utility/def_error.F,c59e447b015e8c86480371ad1102487d0b7b454781a12135f39ff6a2de1e16fa,76f948a2a70ce8e117a653e0de48ab79239ec53b5dda23752548b86296659fc1
MODIFY,ROMS/Utility/def_extract.F,e719311b72d9949b570b8aac5f7da2a8eeae4d9bc6e004e64aff13d0608e7df7,ae586ec4edb3ab8dfcdd4d91fc9671a4031f7aa3dff41ac12a5b60099247c83e
MODIFY,ROMS/Utility/def_floats.F,c6a6886da52fd499359a502c0408402c8ffe52e8e1ab57af3993c7e05f2bf8e5,9eec7604862565805d3a9758096ccaf2c89dcaaf68ba5ce2d1badf30ac172fb0
MODIFY,ROMS/Utility/def_gst.F,c64be02595b2cfa58517ad063ed2d52580d9d1d2d6751c906c7e4867a0c33246,36ce2b98657290fd8302acb76bb896c96176359aad87c4102d5cf74e39926798
MODIFY,ROMS/Utility/def_hessian.F,e6a5d52e16f75539153acc4dd5a288cdee7db8e1e86d6363bb25bdf9e6781b7c,27834bf47560734d78fb2d658782dd19881801fdc8d99ae7dc5f80b2066e2803
MODIFY,ROMS/Utility/def_his.F,a241cabb7ce2b56d069a7c9f3df8c256ff0be7162b4bedc4e069d2a1f84e4095,6ce838056288922cebd587bbad35cd9df1a86b69dc6225d53052905b3dde30da
MODIFY,ROMS/Utility/def_impulse.F,360351b779d5fcb32c9a01741d06eed9589fbbfac78f153f4d7e1f901550fac9,a0b6cc2e26e0970f076c7ff3806c331944ee1125bb490c81f3083f0ae4d8574c
MODIFY,ROMS/Utility/def_info.F,e6e8f80ad75a209b25789ae53f7fdd4de3a08c862db2af7bccfe59ccaed7172c,29d26f295766789fe9d143b68ac06998744a7653bb041f8a539dd4239f1a941e
MODIFY,ROMS/Utility/def_ini.F,dee58d4b779f92637983a0358400d5ad8c4f4ae9f89a7102d285ecf2d2257923,39c0e28c9ec3ed65160898edd9d2695036f367906eb9590798531f3f7eb6dcee
MODIFY,ROMS/Utility/def_lanczos.F,9cb1c28d394b564af3473b5e32c3f4cf6f0a91af2dc9626c482ca3e524adc323,9a6dcd73513202eb2ed64236502c579647ba75428ff4a2a02bae94182610c014
MODIFY,ROMS/Utility/def_mod.F,22a00bb6b3dc7a0f71e3546354f24b9044fab2ba4cd63855d5d627a1905fb44f,95781cf48e48e4ad7e9b483caa61c5e25c970d433c84aa193095b61d829fd253
MODIFY,ROMS/Utility/def_norm.F,5d31790086b834c39ef6692ea5eaf45ade3b9a7e27f6ec8ee001f169da288b92,892fb394df45317bf1cf2435f35d8ab2c0640df021b64b3924daabe5e8cd11b2
MODIFY,ROMS/Utility/def_quick.F,6f5b82315280bd11559ddcdb46b43db83e80a7482d4a4b97b87b563ea356a6bf,6b386ed7b76067b800b605763fb1bb6cda8c70f72c058bd50dde65ffc9c2242a
MODIFY,ROMS/Utility/def_rst.F,91ac11d5008ec27d487aa8d684a2906e8288ea0caf5c4f576c8e83a2957867ef,9d71f28ec84b8bc7dbf94701f129c32b37bb05501b1f7f8aebf912da8b02a172
MODIFY,ROMS/Utility/def_state.F,c9a18b86968e94b09c83508cb945ec04fc0e5249d21bfa4fb4c9204c7bf5a7d1,741e143a96b78d7cf34eee35bf66a88d2937ad9b5b5e17380544d4aef93c9054
MODIFY,ROMS/Utility/def_station.F,d994c9452cdbc334975b3455ab0275a1157c37462a9cfc3633eb82a35b75b37c,3bdab4ac03a062cd4019f3305ce3ef99727c05a201dc717f0bc3059906d97319
MODIFY,ROMS/Utility/def_std.F,8f50d70b0a7d6a45e5c162d3042a51e071cfa54dbf81a4dfe648894283972d1a,fec9f8fcf50d482fb3a9b711c9e9c0c139d72b1ada7c27f82c71457b43f12017
MODIFY,ROMS/Utility/def_tides.F,105e920b7f460aa3702684ef68366b011023764036d56054c96318fb388093b0,3cf18007b022d7c0eda05ad947b7da8ce1869c1106c55d950b00a5dbb46eb761
MODIFY,ROMS/Utility/def_var.F,5da938ba31fab870e6f1315cad90fb8fbf4987faa4abd786c70727af20329ca6,a9cea6e4ee6db204a421ef34687cfd6faac9c51a1cd1510fbb6905a9100dcc4b
MODIFY,ROMS/Utility/distribute.F,6e460a00e09c2e7632bed5e2339ea51b73e9355cbef6b1c4266d2d52739f1089,36296a85943e86b7802a91c0f901707ae74baca684e74a67cacd8afe2303affd
MODIFY,ROMS/Utility/get_state.F,782c0da99d7ba1064da063518cc87f4862aa0a95ccc5aca933f399305af39fbf,4fbed4f6c89d4a8a599dd53c2db702caf128bb8847a1a049b76b33189ef2f67b
MODIFY,ROMS/Utility/ini_adjust.F,4aaefc158385f114e49061bb4030b8cbfa7528f2fb34a4aafb4a939c4054dea7,33a5ee4c6a16e1aa0845712999913627fa2d4156f3d832f238c33dbad7096e5c
MODIFY,ROMS/Utility/inp_decode.F,9d9cbcb2fe63ba2fb0cc34c0a4462ca3190b8d4ed0d42d068f2a3bdda0027679,aba17882164e47d709cdd4b94c18f136fde2e443fa2ba84ca2a9c058e470257d
MODIFY,ROMS/Utility/memory.F,b0e11ece00f1e1dd6af426a68fc6cd5e4237e1b493528b03ff0d10ae64ac484c,25b5fff30f0495ae0d1a86d5bce43716c7f148b3b9931fbb05e98fce0544a032
MODIFY,ROMS/Utility/metrics.F,58e062629d08a07bc25f397e66756a69ec9322ea53cd898b2dfe86a8b1499e31,165ff0e08b92d7ac3542e354053fa43268b568bcadd50f0235b73d852f04a63d
MODIFY,ROMS/Utility/nf_fread2d.F,416087e0cde517b47d63676718c35fa7f58605f6be861f280141dad50b18b010,75690aa2c8741fb7d55a58caa9c171ac0e8610c483d820736a4c6dd2c87de3dc
MODIFY,ROMS/Utility/nf_fread2d_xtr.F,8c4912502caf4e853f5f9dc56bb47d0d1279d9ef2a42b72e8e675589895f9879,e5b88103c0234b663d066ac0bc2a1824622f0aad972858363669c6b0d9b4185a
MODIFY,ROMS/Utility/nf_fread3d.F,90b64ee99e4d86b085f6ca11c6a918b49ed59c64d3b633724bd538dfc975a0c1,db09fe9ae3adce2d95459748b6ae566a5f2cfc9125e914c0c2b50a8364dd1e2f
MODIFY,ROMS/Utility/nf_fread3d_xtr.F,2f6c2358191ee722fb55a2a53b8a330482ac1ce2eb56aee8c9acda79d70c9bfb,d74ae82716cb12ead091e5d4da8e3a3d5271aa5d9119df77fc52b4cfd46c868c
MODIFY,ROMS/Utility/nf_fread4d.F,a6ccfba342d89c94de4d5037a3f9701a3ea87116f33e6a07f4304c2c12a55b50,6cc23879861f126124a6f9a65d18219bc147d1f6a8809f073a6b4ec3577d963f
MODIFY,ROMS/Utility/nf_fwrite2d.F,3e64693618cc360c92015fa72d4a76d768c346f4aa2c484ad9eee16bd701128f,1fb605e37334238251e954524a1aec06357340237f60a68b223e56a8650a4708
MODIFY,ROMS/Utility/nf_fwrite3d.F,22d48eca7b402e9bc428f030cb4f7c2c0ab2631c88bf52d649d3f3fa076e5f5d,0060f126e520fec9393bfe28e6e1fcc3107fd02a99360f4c03f3b4425bc620b1
MODIFY,ROMS/Utility/nf_fwrite4d.F,c118a908c4948e9daf8c2659095b4d4b83aa41f2b6b5f96eaae30701e5523625,ab168b23c5af1cd43a45c13539c2d210f620762cda6ed96fa3083ed35258fbe9
MODIFY,ROMS/Utility/normalization.F,39a74176758ead0e98bfca2690eab80927880701d8196d8991852869164ca2cf,780cdd60fe79ead20b2dbdf1df1870d97bf1832db07a85f707aa24970a56e608
MODIFY,ROMS/Utility/read_asspar.F,13729df1f03a4163370717e7c9a34d40c30726389392bc0ddad85d196865a5a6,8982c9d2942c021fea4818b1ae24bc83cfdd16eeda258d65b04018769d87497b
MODIFY,ROMS/Utility/read_phypar.F,d45e2ffb2066a7c60c6b20acc842fb73b715fdd62ebd7596d6aae545bd2c4188,4a796f1acdb0e9c6b33495741e88fe1ac234bb97ccf9c3e96cce495a686f9415
MODIFY,ROMS/Utility/roms_interp.F,0b876afc90282b07de3d12d80f0d6045958ab5153d8314597cf772bfe7efac9a,ee66da43c79162243f11a5f6e4b6a060743a5a279d58c81a12c1c12b861848ee
MODIFY,ROMS/Utility/set_pio.F,eb1b4c32702a3bcc64be279e8cba1176c2b1cf672a4b22f231f39504032b7d8b,c9792875d6b9639eb2e50b71280ce167e378663724b234d367fedcea7828f695
MODIFY,ROMS/Utility/state_assign.F,b5a63111ed5782eea6e59ecac76e5385c6aa2580471a4fa486ffe34750aa94ee,e36b2455314388a828cf2efb914aaba3d2a1a9a00483078f63d0eaf8f9766f07
MODIFY,ROMS/Utility/state_regrid.F,deb8dbc137f05a4cc62482d0875d4a9210c8c3afdebdd16444b93009cbc5a650,69dda4512bb08a09b27152edf936d7ed15c2f3a0f8492dcdc0bc493caa32f716
MODIFY,ROMS/Utility/wrt_info.F,9ede4b16eeef510d1e989cf3431ec33957afe28335cab78e1a29d1ae5922f3b0,5c991c01e4b3d23d22371891ecdb443c7dd1b6c266d055421f82d5499c25ebc4
MODIFY,User/External/roms.in,1e51241e9aef5b965c13fee1b4d211b404d7c50fe8b95c6793f01755f664a734,713a9eb216401459a75f87068b46efe4d844ff2864db77ce3251e6c7a891c979
MODIFY,User/External/roms_adria02.in,ce124468e7d117c150c18f5230de4b96ae3ed2b6884cb94d297f2b0e3c19f48d,23cba04e40fc77d428419ed038b1ed7659a0a937b777397535e36ce6eea26672
MODIFY,User/External/roms_cblast.in,ab702c346941f144986f75a1d3bf71f8081eb1506a4c6dc8babf8e755d43796c,820446da72d1af39633cf5c8432ede1240b4e9d4fc732f5a3fdae03da7877333
MODIFY,User/External/roms_doppio.in,db408041cbf50bfc5b03fffcd3aa76acdbc03f402e98b3d2b217bd733a2b6a82,e78e966c5f535a53e82d7450c09c69247f7d4f3b15848fb6c088b5fce340d66d
MODIFY,User/External/roms_eac_4.in,0d0ddd5f188620a88e005038fc42dea7c9bf89fe70f3aa8597433faaa04807c0,1c4cd6c55d38792be7526ac325a1a2dff4dc4a80ddb25f377bb63e67450b5788
MODIFY,User/External/roms_eac_8.in,b996a29cdf2299876a3884e588604a93be66e742786b1e675c2590e225841d31,2d54d6218dfeb84194711ac7b14dc61a310658035ae06a166359da5046ae055f
MODIFY,User/External/roms_ias.in,88330eab4b9a47df67425e3203b4cc09f748aa6c88253ff81570dd62720278ea,976f39cf72091c0ff975453587b491e5601065ff91a0d71f5511fa5978d7ec62
MODIFY,User/External/roms_ias_40.in,bd049cc8751d74cdc3b43f79214d7bf1b1ba5fb69621e5043c2e0d261c8fa905,1198e7d1caf895cd783d8d298a597b4b59cf3b310348bccd0d5735652dcee87c
MODIFY,User/External/roms_natl.in,e0e5aaa053736a5837631a0d385c03fdcacfc1856502565b5675568f6bf64fba,096f31fdac63234d127305bc95c788923a1aaa66cc6e2a7275a91ae1e1062301
MODIFY,User/External/roms_nena.in,ed80f29dd5c3ab2bee605d4872e39eaeb693b300fc05c186a37d689c14b3d1db,cc94c9b627c86b52d8fcb02a458df6b36f6b3ad28d8ab94864b16d52a2f07ab6
MODIFY,User/External/roms_nj_bight.in,35149f0648f4daf123eff14f330d767c08a5d63b3274d4fec03be83ed6be99f4,78ddeee62b3eef647b185c77d087e74a0fcb06ce653ad4247779335242a467e9
MODIFY,User/External/roms_scb.in,2077fec1ec01d8948029e40a704a254a0f49b89c8a2089ef433bdfe0c6f455c2,ea21c60597c5811d8a9f8affbc5b5911c101fb8da899a9bbed50f5dfc15ac504
MODIFY,User/External/roms_sw06_coarse.in,225d7a3204dca7384cf100fc8d5384fa2c5b11e4978fe5c6aa81938c6271548e,8104e503e0dad6a2e50b1d744334d4bca62067a134b593396926c602a707d905
MODIFY,User/External/roms_sw06_fine.in,962968ca32bc6a71847a523af369d8fb04385b63765d6c410d5e5c8d41088486,c06bfc49196f89db834819a5ff025e69047f9bbff7e9c5ae5188401c3cc1aa93
MODIFY,User/External/roms_wcofs.in,fbb216c3540a03b9387f7c758dd6dec2cf0b8ed1b5d91e87a7427d63e77893b2,f15881a811885bc4d2a01d4c09daed8821e62b4387be2d6ca87b29cc5dec5592
MODIFY,User/Functionals/ana_diag.h,c7d56d147eeae8b1e304c7d9598dc7c3e4a3ff70a7c7ef71d431355d8569fc5a,2c990e6c33be31f01d678633e83eb4da63e7a906288e6aa2d09647c3ca67bb8e
