note,note_line,range,scope,n_cand,cands
models/ADCIRC/source-analysis/adcirc-3d-mode.md,45,"[(5190, 5190)]",section,1,read_input.F
models/ADCIRC/source-analysis/adcirc-3d-mode.md,46,"[(5225, 5225)]",section,1,read_input.F
models/ADCIRC/source-analysis/adcirc-3d-mode.md,75,"[(4174, 4174)]",section,1,vsmy.F
models/ADCIRC/source-analysis/adcirc-3d-mode.md,76,"[(4335, 4335)]",section,1,vsmy.F
models/ADCIRC/source-analysis/adcirc-3d-mode.md,103,"[(786, 786)]",section,1,gwce.F
models/ADCIRC/source-analysis/adcirc-3d-mode.md,128,"[(2823, 2823)]",section,1,vsmy.F
models/ADCIRC/source-analysis/adcirc-3d-mode.md,136,"[(5439, 5439)]",section,2,read_input.F|write_output.F
models/ADCIRC/source-analysis/adcirc-3d-mode.md,136,"[(3059, 3059), (3623, 3623)]",section,2,read_input.F|write_output.F
models/ADCIRC/source-analysis/adcirc-3d-mode.md,137,"[(5484, 5484)]",section,2,read_input.F|write_output.F
models/ADCIRC/source-analysis/adcirc-3d-mode.md,137,"[(3185, 3185)]",section,2,read_input.F|write_output.F
models/ADCIRC/source-analysis/adcirc-3d-mode.md,140,"[(5527, 5527)]",section,2,read_input.F|write_output.F
models/ADCIRC/source-analysis/adcirc-3d-mode.md,140,"[(3269, 3269)]",section,2,read_input.F|write_output.F
models/ADCIRC/source-analysis/adcirc-3d-mode.md,141,"[(5549, 5549)]",section,2,read_input.F|write_output.F
models/ADCIRC/source-analysis/adcirc-3d-mode.md,141,"[(3314, 3314)]",section,2,read_input.F|write_output.F
models/ADCIRC/source-analysis/adcirc-3d-mode.md,142,"[(5571, 5571)]",section,2,read_input.F|write_output.F
models/ADCIRC/source-analysis/adcirc-3d-mode.md,142,"[(3359, 3359)]",section,2,read_input.F|write_output.F
models/ADCIRC/source-analysis/adcirc-fort15-checklist-v1.md,88,"[(1172, 1176)]",same-line,1,models/ADCIRC/raw/source_code/adcirc/src/read_input.F
models/ADCIRC/source-analysis/adcirc-fort15-checklist-v1.md,88,"[(1184, 1189)]",same-line,1,models/ADCIRC/raw/source_code/adcirc/src/read_input.F
models/ADCIRC/source-analysis/adcirc-hotstart.md,52,"[(5024, 5056)]",section,1,write_output.F
models/ADCIRC/source-analysis/adcirc-hotstart.md,52,"[(5120, 5154)]",section,1,write_output.F
models/ADCIRC/source-analysis/adcirc-hotstart.md,58,"[(5058, 5086)]",section,1,write_output.F
models/ADCIRC/source-analysis/adcirc-hotstart.md,61,"[(5089, 5117)]",section,1,write_output.F
models/ADCIRC/source-analysis/adcirc-hotstart.md,64,"[(5220, 5243)]",section,1,write_output.F
models/ADCIRC/source-analysis/adcirc-hotstart.md,67,"[(5255, 5463)]",section,1,write_output.F
models/ADCIRC/source-analysis/adcirc-hotstart.md,77,"[(2066, 2066)]",section,1,hstart.F
models/ADCIRC/source-analysis/adcirc-hotstart.md,78,"[(2855, 2855)]",section,1,hstart.F
models/ADCIRC/source-analysis/adcirc-hotstart.md,79,"[(2927, 2927)]",section,1,hstart.F
models/ADCIRC/source-analysis/adcirc-hotstart.md,80,"[(3001, 3001)]",section,1,hstart.F
models/ADCIRC/source-analysis/adcirc-hotstart.md,81,"[(3076, 3076)]",section,1,hstart.F
models/ADCIRC/source-analysis/adcirc-hotstart.md,92,"[(5241, 5241)]",section,1,netcdfio.F90
models/ADCIRC/source-analysis/adcirc-hotstart.md,92,"[(5290, 5519)]",section,1,netcdfio.F90
models/ADCIRC/source-analysis/adcirc-hotstart.md,99,"[(7904, 8216)]",section,1,netcdfio.F90
models/ADCIRC/source-analysis/adcirc-hotstart.md,100,"[(9188, 9188)]",section,1,netcdfio.F90
models/ADCIRC/source-analysis/adcirc-hotstart.md,114,"[(4556, 4558)]",section,1,read_input.F
models/ADCIRC/source-analysis/adcirc-hotstart.md,124,"[(537, 538)]",section,2,hstart.F|netcdfio.F90
models/ADCIRC/source-analysis/adcirc-hotstart.md,124,"[(4947, 4953)]",section,2,hstart.F|netcdfio.F90
models/ADCIRC/source-analysis/adcirc-hotstart.md,125,"[(542, 545)]",section,2,hstart.F|netcdfio.F90
models/ADCIRC/source-analysis/adcirc-hotstart.md,125,"[(4961, 4967)]",section,2,hstart.F|netcdfio.F90
models/ADCIRC/source-analysis/adcirc-hotstart.md,126,"[(657, 668)]",section,2,hstart.F|netcdfio.F90
models/ADCIRC/source-analysis/adcirc-hotstart.md,126,"[(5166, 5374)]",section,2,hstart.F|netcdfio.F90
models/ADCIRC/source-analysis/adcirc-hotstart.md,127,"[(568, 645)]",same-line,1,vsmy.F
models/ADCIRC/source-analysis/adcirc-hotstart.md,136,"[(519, 522)]",none,0,
models/ADCIRC/source-analysis/adcirc-hotstart.md,137,"[(2858, 2868), (3006, 3015)]",none,0,
models/ADCIRC/source-analysis/adcirc-hotstart.md,156,"[(2936, 2970)]",section,1,wind.F
models/ADCIRC/source-analysis/adcirc-momentum-implementation.md,27,"[(385, 385)]",none,0,
models/ADCIRC/source-analysis/adcirc-momentum-implementation.md,27,"[(452, 452)]",none,0,
models/ADCIRC/source-analysis/adcirc-momentum-implementation.md,28,"[(394, 394)]",none,0,
models/ADCIRC/source-analysis/adcirc-momentum-implementation.md,29,"[(431, 431)]",none,0,
models/ADCIRC/source-analysis/adcirc-momentum-implementation.md,30,"[(441, 441)]",none,0,
models/ADCIRC/source-analysis/adcirc-momentum-implementation.md,31,"[(473, 473)]",none,0,
models/ADCIRC/source-analysis/adcirc-momentum-implementation.md,32,"[(581, 658)]",none,0,
models/ADCIRC/source-analysis/adcirc-momentum-implementation.md,33,"[(705, 733)]",none,0,
models/ADCIRC/source-analysis/adcirc-momentum-implementation.md,34,"[(740, 740)]",none,0,
models/ADCIRC/source-analysis/adcirc-momentum-implementation.md,35,"[(751, 772)]",none,0,
models/ADCIRC/source-analysis/adcirc-nodal-attributes.md,44,"[(91, 96)]",none,0,
models/ADCIRC/source-analysis/adcirc-parameter-glossary-v1.md,61,"[(87, 90)]",same-line,1,global.F
models/ADCIRC/source-analysis/adcirc-swan-coupling.md,35,"[(1110, 1110)]",section,1,couple2swan.F
models/ADCIRC/source-analysis/adcirc-swan-coupling.md,36,"[(1313, 1313)]",section,1,couple2swan.F
models/ADCIRC/source-analysis/adcirc-swan-coupling.md,37,"[(112, 112)]",section,1,couple2swan.F
models/ADCIRC/source-analysis/adcirc-swan-coupling.md,38,"[(210, 210)]",section,1,couple2swan.F
models/ADCIRC/source-analysis/adcirc-swan-coupling.md,52,"[(1103, 1105)]",section,1,couple2swan.F
models/ADCIRC/source-analysis/adcirc-swan-coupling.md,54,"[(1322, 1324)]",same-line,1,couple2swan.F
models/ADCIRC/source-analysis/adcirc-swan-coupling.md,61,"[(360, 364), (399, 404), (421, 427)]",section,1,couple2swan.F
models/ADCIRC/source-analysis/adcirc-swan-coupling.md,72,"[(999, 1015)]",section,1,couple2swan.F
models/ADCIRC/source-analysis/adcirc-swan-coupling.md,75,"[(1157, 1171)]",section,1,couple2swan.F
models/ADCIRC/source-analysis/adcirc-swan-coupling.md,84,"[(119, 158)]",section,1,SwanReadADCGrid.ftn90
models/ADCIRC/source-analysis/adcirc-swan-coupling.md,100,"[(2269, 2275)]",section,1,read_input.F
models/ADCIRC/source-analysis/adcirc-swan-coupling.md,135,"[(6966, 7045)]",same-line,1,netcdfio.F90
models/ADCIRC/source-analysis/adcirc-swan-coupling.md,178,"[(1290, 1299)]",same-line,3,couple2swan.F|prep/presizes.F|src/nodalattr.F
models/ADCIRC/source-analysis/adcirc-swan-coupling.md,178,"[(1307, 1331)]",same-line,3,couple2swan.F|prep/presizes.F|src/nodalattr.F
models/ADCIRC/source-analysis/adcirc-timestep-orchestration.md,82,"[(1444, 1444)]",same-line,2,gwce.F|read_input.F
models/ADCIRC/source-analysis/adcirc_asgs_operational_system.md,67,"[(10, 10)]",same-line,1,tides/tide_fac.f
models/ADCIRC/source-analysis/adcirc_asgs_operational_system.md,67,"[(12, 12)]",same-line,1,tides/tide_fac.f
models/ADCIRC/source-analysis/adcirc_asgs_operational_system.md,67,"[(16, 16)]",same-line,1,tides/tide_fac.f
models/ADCIRC/source-analysis/adcirc_asgs_operational_system.md,69,"[(2, 8)]",section,1,tides/tide_fac.f
models/ADCIRC/source-analysis/adcirc_asgs_operational_system.md,69,"[(46, 91)]",section,1,tides/tide_fac.f
models/ADCIRC/source-analysis/adcirc_asgs_operational_system.md,69,"[(32, 34)]",section,1,tides/tide_fac.f
models/ADCIRC/source-analysis/adcirc_asgs_operational_system.md,71,"[(105, 114)]",section,1,tides/tide_fac.f
models/ADCIRC/source-analysis/adcirc_asgs_operational_system.md,73,"[(139, 146)]",section,1,tides/tide_fac.f
models/ADCIRC/source-analysis/adcirc_asgs_operational_system.md,77,"[(140, 140)]",section,1,tides/tide_fac.f
models/ADCIRC/source-analysis/adcirc_asgs_operational_system.md,77,"[(555, 555)]",section,1,tides/tide_fac.f
models/ADCIRC/source-analysis/adcirc_asgs_operational_system.md,78,"[(143, 143)]",section,1,tides/tide_fac.f
models/ADCIRC/source-analysis/adcirc_asgs_operational_system.md,78,"[(254, 254)]",section,1,tides/tide_fac.f
models/ADCIRC/source-analysis/adcirc_asgs_operational_system.md,79,"[(146, 146)]",section,1,tides/tide_fac.f
models/ADCIRC/source-analysis/adcirc_asgs_operational_system.md,79,"[(376, 376)]",section,1,tides/tide_fac.f
models/ADCIRC/source-analysis/adcirc_asgs_operational_system.md,81,"[(456, 456)]",same-line,1,tides/tide_fac.f
models/ADCIRC/source-analysis/adcirc_asgs_operational_system.md,81,"[(501, 501)]",same-line,1,tides/tide_fac.f
models/ADCIRC/source-analysis/adcirc_asgs_operational_system.md,81,"[(519, 519)]",same-line,1,tides/tide_fac.f
models/ADCIRC/source-analysis/adcirc_asgs_operational_system.md,83,"[(197, 201)]",section,1,tides/tide_fac.f
models/ADCIRC/source-analysis/adcirc_asgs_operational_system.md,91,"[(30, 39)]",same-line,1,generateDynamicInput.sh
models/ADCIRC/source-analysis/adcirc_asgs_operational_system.md,97,"[(18, 20)]",same-line,1,aswip.1.txt
models/ADCIRC/source-analysis/adcirc_asgs_operational_system.md,99,"[(31, 129)]",section,1,aswip.1.txt
models/ADCIRC/source-analysis/adcirc_asgs_operational_system.md,103,"[(102, 108)]",section,1,aswip.1.txt
models/ADCIRC/source-analysis/adcirc_asgs_operational_system.md,104,"[(80, 88)]",section,1,aswip.1.txt
models/ADCIRC/source-analysis/adcirc_asgs_operational_system.md,105,"[(90, 93)]",section,1,aswip.1.txt
models/ADCIRC/source-analysis/adcirc_asgs_operational_system.md,106,"[(69, 73)]",section,1,aswip.1.txt
models/ADCIRC/source-analysis/adcirc_asgs_operational_system.md,107,"[(110, 125)]",section,1,aswip.1.txt
models/ADCIRC/source-analysis/adcirc_asgs_operational_system.md,108,"[(31, 52)]",section,1,aswip.1.txt
models/ADCIRC/source-analysis/adcirc_asgs_operational_system.md,110,"[(138, 141)]",section,1,aswip.1.txt
models/ADCIRC/source-analysis/adcirc_asgs_operational_system.md,136,"[(27, 27)]",same-line,1,generateDynamicInput.sh
models/ADCIRC/source-analysis/storm-surge/adcirc-storm-surge-foundation.md,95,"[(4735, 4735)]",same-line,1,read_input.F
models/ADCIRC/source-analysis/storm-surge/adcirc-storm-surge-nws-families.md,55,"[(4735, 4735)]",same-line,1,read_input.F
models/ADCIRC/source-analysis/storm-surge/adcirc-storm-surge.md,62,"[(2204, 2204)]",section,1,read_input.F
models/ADCIRC/source-analysis/storm-surge/adcirc-storm-surge.md,85,"[(269, 269)]",same-line,2,owiwind.F|owiwind_netcdf.F
models/ADCIRC/source-analysis/storm-surge/adcirc-storm-surge.md,158,"[(2898, 2898)]",section,1,read_input.F
models/ADCIRC/source-analysis/storm-surge/adcirc-storm-surge.md,159,"[(2989, 2989)]",section,1,read_input.F
models/ADCIRC/source-analysis/tide/adcirc-tide-harmonic-prep.md,242,"[(3424, 3432)]",section,1,read_input.F
models/ADCIRC/source-analysis/tide/adcirc-tide-harmonic-prep.md,243,"[(3445, 3450)]",section,1,read_input.F
models/ADCIRC/source-analysis/tide/adcirc-tide-harmonic-prep.md,244,"[(3450, 3450)]",section,1,read_input.F
models/ADCIRC/source-analysis/tide/adcirc-tide-harmonic-prep.md,245,"[(3464, 3469)]",section,1,read_input.F
models/ADCIRC/source-analysis/tide/adcirc-tide-harmonic-prep.md,246,"[(3507, 3511)]",section,1,read_input.F
models/ADCIRC/source-analysis/tide/adcirc-tide-harmonic-prep.md,248,"[(3499, 3504)]",section,1,read_input.F
models/ADCIRC/source-analysis/tide/adcirc-tide-harmonic-prep.md,257,"[(6498, 6500)]",section,2,adcirc.F|read_input.F
models/ADCIRC/source-analysis/tide/adcirc-tide-harmonic-prep.md,262,"[(6368, 6382)]",section,2,adcirc.F|read_input.F
models/ADCIRC/source-analysis/tide/adcirc-tide-harmonic-prep.md,266,"[(6391, 6403)]",section,2,adcirc.F|read_input.F
models/ADCIRC/source-analysis/tide/adcirc-tide-harmonic-prep.md,270,"[(6405, 6409)]",section,2,adcirc.F|read_input.F
models/ADCIRC/source-analysis/tide/adcirc-tide-harmonic-prep.md,274,"[(6467, 6493)]",section,2,adcirc.F|read_input.F
models/ADCIRC/source-analysis/tide/adcirc-tide-harmonic-prep.md,289,"[(3361, 3363)]",none,0,
models/ADCIRC/source-analysis/tide/adcirc-tide-harmonic-prep.md,291,"[(6416, 6423)]",none,0,
models/ADCIRC/source-analysis/tide/adcirc-tide-harmonic-prep.md,292,"[(6474, 6481)]",none,0,
models/ADCIRC/source-analysis/tide/adcirc-tide-harmonic-prep.md,328,"[(2541, 2541)]",none,0,
