note,note_line,ref,old_line,new_line,verdict
models/ADCIRC/source-analysis/adcirc-3d-mode.md,20,src/read_input.F,1176-1191,1190-1205,LINE_REFERENCE_UPDATE
models/ADCIRC/source-analysis/adcirc-3d-mode.md,23,src/cstart.F,348,348-348,NO_CHANGE
models/ADCIRC/source-analysis/adcirc-3d-mode.md,24,src/timestep.F,1121,1125-1125,LINE_REFERENCE_UPDATE
models/ADCIRC/source-analysis/adcirc-3d-mode.md,25,src/gwce.F,780-1450,780-1450,NO_CHANGE
models/ADCIRC/source-analysis/adcirc-3d-mode.md,26,src/vsmy.F,1168,1168-1168,NO_CHANGE
models/ADCIRC/source-analysis/adcirc-3d-mode.md,28,src/write_output.F,2993-3331,3053-3391,LINE_REFERENCE_UPDATE
models/ADCIRC/source-analysis/adcirc-3d-mode.md,36,src/cstart.F,348,348-348,NO_CHANGE
models/ADCIRC/source-analysis/adcirc-3d-mode.md,37,src/read_input.F,1176-1191,1190-1205,LINE_REFERENCE_UPDATE
models/ADCIRC/source-analysis/adcirc-3d-mode.md,44,src/read_input.F,5139,5153-5153,LINE_REFERENCE_UPDATE
models/ADCIRC/source-analysis/adcirc-3d-mode.md,60,src/vsmy.F,1548-1553,1550-1555,LINE_REFERENCE_UPDATE
models/ADCIRC/source-analysis/adcirc-3d-mode.md,68,src/vsmy.F,1630,1632-1632,LINE_REFERENCE_UPDATE
models/ADCIRC/source-analysis/adcirc-3d-mode.md,70,src/read_input.F,5682,5720-5720,LINE_REFERENCE_UPDATE
models/ADCIRC/source-analysis/adcirc-3d-mode.md,74,src/vsmy.F,4061,4081-4081,LINE_REFERENCE_UPDATE
models/ADCIRC/source-analysis/adcirc-3d-mode.md,84,src/timestep.F,1121,1125-1125,LINE_REFERENCE_UPDATE
models/ADCIRC/source-analysis/adcirc-3d-mode.md,88,src/timestep.F,1125,1129-1129,LINE_REFERENCE_UPDATE
models/ADCIRC/source-analysis/adcirc-3d-mode.md,94,src/vsmy.F,1168,1168-1168,NO_CHANGE
models/ADCIRC/source-analysis/adcirc-3d-mode.md,102,src/gwce.F,780,780-780,NO_CHANGE
models/ADCIRC/source-analysis/adcirc-3d-mode.md,105,src/gwce.F,1196,1196-1196,NO_CHANGE
models/ADCIRC/source-analysis/adcirc-3d-mode.md,112,src/timestep.F,2150-2355,2154-2359,LINE_REFERENCE_UPDATE
models/ADCIRC/source-analysis/adcirc-3d-mode.md,116,src/read_input.F,5235,5249-5249,LINE_REFERENCE_UPDATE
models/ADCIRC/source-analysis/adcirc-3d-mode.md,121,src/vsmy.F,1823,1825-1825,LINE_REFERENCE_UPDATE
models/ADCIRC/source-analysis/adcirc-3d-mode.md,122,src/vsmy.F,2035,2037-2037,LINE_REFERENCE_UPDATE
models/ADCIRC/source-analysis/adcirc-3d-mode.md,127,src/vsmy.F,2740,2742-2742,LINE_REFERENCE_UPDATE
models/ADCIRC/source-analysis/adcirc-3d-mode.md,135,src/read_input.F,5296,5310-5310,LINE_REFERENCE_UPDATE
models/ADCIRC/source-analysis/adcirc-3d-mode.md,135,src/write_output.F,2993,3053-3053,LINE_REFERENCE_UPDATE
models/ADCIRC/source-analysis/adcirc-3d-mode.md,144,src/write_output.F,3331,3391-3391,LINE_REFERENCE_UPDATE
models/ADCIRC/source-analysis/adcirc-3d-mode.md,194,src/hstart.F,,,FILE_REF_OK
models/ADCIRC/source-analysis/adcirc-3d-vssol-vertical-scheme.md,2,src/vsmy.F,,,FILE_REF_OK
models/ADCIRC/source-analysis/adcirc-3d-vssol-vertical-scheme.md,7,src/vsmy.F,,,FILE_REF_OK
models/ADCIRC/source-analysis/adcirc-3d-vssol-vertical-scheme.md,7,src/read_input.F,,,FILE_REF_OK
models/ADCIRC/source-analysis/adcirc-3d-vssol-vertical-scheme.md,7,src/timestep.F,,,FILE_REF_OK
models/ADCIRC/source-analysis/adcirc-3d-vssol-vertical-scheme.md,23,src/vsmy.F,142-1703,142-1705,LINE_REFERENCE_UPDATE
models/ADCIRC/source-analysis/adcirc-3d-vssol-vertical-scheme.md,23,src/timestep.F,1121-1123,1125-1127,LINE_REFERENCE_UPDATE
models/ADCIRC/source-analysis/adcirc-3d-vssol-vertical-scheme.md,23,src/timestep.F,,,FILE_REF_OK
models/ADCIRC/source-analysis/adcirc-3d-vssol-vertical-scheme.md,25,src/read_input.F,5073,5087-5087,LINE_REFERENCE_UPDATE
models/ADCIRC/source-analysis/adcirc-3d-vssol-vertical-scheme.md,30,src/read_input.F,5127,5141-5141,LINE_REFERENCE_UPDATE
models/ADCIRC/source-analysis/adcirc-3d-vssol-vertical-scheme.md,43,src/vsmy.F,,,FILE_REF_OK
models/ADCIRC/source-analysis/adcirc-3d-vssol-vertical-scheme.md,53,src/vsmy.F,2299-2319,2301-2321,LINE_REFERENCE_UPDATE
models/ADCIRC/source-analysis/adcirc-3d-vssol-vertical-scheme.md,65,src/read_input.F,5102,5116-5116,LINE_REFERENCE_UPDATE
models/ADCIRC/source-analysis/adcirc-baroclinic-coupling.md,61,src/vsmy.F,,,FILE_REF_OK
models/ADCIRC/source-analysis/adcirc-boundary-conditions.md,20,src/gwce.F,,,FILE_REF_OK
models/ADCIRC/source-analysis/adcirc-dg-continuity-solver.md,55,prep/prep.F,,,FILE_REF_OK
models/ADCIRC/source-analysis/adcirc-dg-continuity-solver.md,57,prep/presizes.F,,,FILE_REF_OK
models/ADCIRC/source-analysis/adcirc-dg-continuity-solver.md,60,src/timestep.F,,,FILE_REF_OK
models/ADCIRC/source-analysis/adcirc-dg-continuity-solver.md,62,src/read_input.F,,,FILE_REF_OK
models/ADCIRC/source-analysis/adcirc-dg-continuity-solver.md,65,src/global.F,,,FILE_REF_OK
models/ADCIRC/source-analysis/adcirc-dg-continuity-solver.md,66,src/write_output.F,,,FILE_REF_OK
models/ADCIRC/source-analysis/adcirc-dg-continuity-solver.md,268,src/timestep.F,,,FILE_REF_OK
models/ADCIRC/source-analysis/adcirc-dg-continuity-solver.md,276,src/read_input.F,,,FILE_REF_OK
models/ADCIRC/source-analysis/adcirc-fort-files-reference.md,44,src/read_input.F,,,FILE_REF_OK
models/ADCIRC/source-analysis/adcirc-fort-files-reference.md,45,src/read_input.F,,,FILE_REF_OK
models/ADCIRC/source-analysis/adcirc-fort-files-reference.md,45,src/read_input.F,,,FILE_REF_OK
models/ADCIRC/source-analysis/adcirc-fort-files-reference.md,51,src/nodalattr.F,,,FILE_REF_OK
models/ADCIRC/source-analysis/adcirc-fort-files-reference.md,51,src/nodalattr.F,,,FILE_REF_OK
models/ADCIRC/source-analysis/adcirc-fort-files-reference.md,52,src/owiwind.F,,,FILE_REF_OK
models/ADCIRC/source-analysis/adcirc-fort-files-reference.md,53,src/cstart.F,,,FILE_REF_OK
models/ADCIRC/source-analysis/adcirc-fort-files-reference.md,54,src/read_input.F,,,FILE_REF_OK
models/ADCIRC/source-analysis/adcirc-fort-files-reference.md,54,src/read_input.F,,,FILE_REF_OK
models/ADCIRC/source-analysis/adcirc-fort-files-reference.md,63,src/write_output.F,,,FILE_REF_OK
models/ADCIRC/source-analysis/adcirc-fort-files-reference.md,63,src/cstart.F,,,FILE_REF_OK
models/ADCIRC/source-analysis/adcirc-fort-files-reference.md,64,src/write_output.F,,,FILE_REF_OK
models/ADCIRC/source-analysis/adcirc-fort-files-reference.md,64,src/cstart.F,,,FILE_REF_OK
models/ADCIRC/source-analysis/adcirc-fort-files-reference.md,65,src/write_output.F,,,FILE_REF_OK
models/ADCIRC/source-analysis/adcirc-fort-files-reference.md,65,src/cstart.F,,,FILE_REF_OK
models/ADCIRC/source-analysis/adcirc-fort-files-reference.md,66,src/write_output.F,,,FILE_REF_OK
models/ADCIRC/source-analysis/adcirc-fort-files-reference.md,66,src/cstart.F,,,FILE_REF_OK
models/ADCIRC/source-analysis/adcirc-fort-files-reference.md,67,src/write_output.F,,,FILE_REF_OK
models/ADCIRC/source-analysis/adcirc-fort-files-reference.md,67,src/cstart.F,,,FILE_REF_OK
models/ADCIRC/source-analysis/adcirc-fort-files-reference.md,68,src/write_output.F,,,FILE_REF_OK
models/ADCIRC/source-analysis/adcirc-fort-files-reference.md,68,src/cstart.F,,,FILE_REF_OK
models/ADCIRC/source-analysis/adcirc-fort-files-reference.md,69,src/write_output.F,,,FILE_REF_OK
models/ADCIRC/source-analysis/adcirc-fort-files-reference.md,69,src/cstart.F,,,FILE_REF_OK
models/ADCIRC/source-analysis/adcirc-fort-files-reference.md,70,src/write_output.F,,,FILE_REF_OK
models/ADCIRC/source-analysis/adcirc-fort-files-reference.md,70,src/cstart.F,,,FILE_REF_OK
models/ADCIRC/source-analysis/adcirc-fort-files-reference.md,71,src/write_output.F,,,FILE_REF_OK
models/ADCIRC/source-analysis/adcirc-fort-files-reference.md,71,src/cstart.F,,,FILE_REF_OK
models/ADCIRC/source-analysis/adcirc-fort-files-reference.md,79,src/write_output.F,,,FILE_REF_OK
models/ADCIRC/source-analysis/adcirc-fort-files-reference.md,80,src/write_output.F,,,FILE_REF_OK
models/ADCIRC/source-analysis/adcirc-fort-files-reference.md,81,src/write_output.F,,,FILE_REF_OK
models/ADCIRC/source-analysis/adcirc-fort-files-reference.md,82,src/write_output.F,,,FILE_REF_OK
models/ADCIRC/source-analysis/adcirc-fort-files-reference.md,83,src/write_output.F,,,FILE_REF_OK
models/ADCIRC/source-analysis/adcirc-fort-files-reference.md,84,src/write_output.F,,,FILE_REF_OK
models/ADCIRC/source-analysis/adcirc-fort-files-reference.md,90,src/write_output.F,,,FILE_REF_OK
models/ADCIRC/source-analysis/adcirc-fort-files-reference.md,91,src/write_output.F,,,FILE_REF_OK
models/ADCIRC/source-analysis/adcirc-fort-files-reference.md,99,src/write_output.F,,,FILE_REF_OK
models/ADCIRC/source-analysis/adcirc-fort-files-reference.md,100,src/write_output.F,,,FILE_REF_OK
models/ADCIRC/source-analysis/adcirc-fort-files-reference.md,101,src/write_output.F,,,FILE_REF_OK
models/ADCIRC/source-analysis/adcirc-fort-files-reference.md,107,src/gwce.F,,,FILE_REF_OK
models/ADCIRC/source-analysis/adcirc-fort-files-reference.md,109,prep/prep.F,,,FILE_REF_OK
models/ADCIRC/source-analysis/adcirc-fort-files-reference.md,145,src/cstart.F,,,FILE_REF_OK
models/ADCIRC/source-analysis/adcirc-fort-files-reference.md,145,src/hstart.F,,,FILE_REF_OK
models/ADCIRC/source-analysis/adcirc-fort-files-reference.md,145,src/hstart.F,,,FILE_REF_OK
models/ADCIRC/source-analysis/adcirc-fort-files-reference.md,160,src/nodalattr.F,,,FILE_REF_OK
models/ADCIRC/source-analysis/adcirc-fort-files-reference.md,161,src/owiwind.F,,,FILE_REF_OK
models/ADCIRC/source-analysis/adcirc-fort-files-reference.md,174,src/read_input.F,,,FILE_REF_OK
models/ADCIRC/source-analysis/adcirc-fort-files-reference.md,175,src/nodalattr.F,,,FILE_REF_OK
models/ADCIRC/source-analysis/adcirc-fort-files-reference.md,177,src/owiwind.F,,,FILE_REF_OK
models/ADCIRC/source-analysis/adcirc-fort-files-reference.md,180,src/cstart.F,,,FILE_REF_OK
models/ADCIRC/source-analysis/adcirc-fort-files-reference.md,180,src/hstart.F,,,FILE_REF_OK
models/ADCIRC/source-analysis/adcirc-fort-files-reference.md,181,src/write_output.F,,,FILE_REF_OK
models/ADCIRC/source-analysis/adcirc-fort-files-reference.md,182,prep/prep.F,,,FILE_REF_OK
models/ADCIRC/source-analysis/adcirc-fort15-checklist-v1.md,7,src/read_input.F,1133-1162,1147-1176,LINE_REFERENCE_UPDATE
models/ADCIRC/source-analysis/adcirc-fort15-checklist-v1.md,88,src/read_input.F,1133-1135,1147-1149,LINE_REFERENCE_UPDATE
models/ADCIRC/source-analysis/adcirc-gwce-implementation.md,21,src/gwce.F,,,FILE_REF_OK
models/ADCIRC/source-analysis/adcirc-gwce-implementation.md,21,src/gwce.F,,,FILE_REF_OK
models/ADCIRC/source-analysis/adcirc-gwce-implementation.md,22,src/gwce.F,,,FILE_REF_OK
models/ADCIRC/source-analysis/adcirc-gwce-implementation.md,25,src/gwce.F,,,FILE_REF_OK
models/ADCIRC/source-analysis/adcirc-gwce-implementation.md,26,src/gwce.F,,,FILE_REF_OK
models/ADCIRC/source-analysis/adcirc-gwce-implementation.md,27,src/gwce.F,,,FILE_REF_OK
models/ADCIRC/source-analysis/adcirc-gwce-implementation.md,28,src/gwce.F,,,FILE_REF_OK
models/ADCIRC/source-analysis/adcirc-gwce-implementation.md,29,src/gwce.F,,,FILE_REF_OK
models/ADCIRC/source-analysis/adcirc-gwce-implementation.md,30,src/gwce.F,,,FILE_REF_OK
models/ADCIRC/source-analysis/adcirc-gwce-implementation.md,30,src/gwce.F,,,FILE_REF_OK
models/ADCIRC/source-analysis/adcirc-gwce-implementation.md,31,src/gwce.F,,,FILE_REF_OK
models/ADCIRC/source-analysis/adcirc-gwce-implementation.md,32,src/gwce.F,,,FILE_REF_OK
models/ADCIRC/source-analysis/adcirc-gwce-implementation.md,36,src/gwce.F,,,FILE_REF_OK
models/ADCIRC/source-analysis/adcirc-gwce-implementation.md,37,src/hstart.F,,,FILE_REF_OK
models/ADCIRC/source-analysis/adcirc-gwce-implementation.md,38,src/gwce.F,,,FILE_REF_OK
models/ADCIRC/source-analysis/adcirc-gwce-implementation.md,39,src/gwce.F,,,FILE_REF_OK
models/ADCIRC/source-analysis/adcirc-gwce-implementation.md,39,src/gwce.F,,,FILE_REF_OK
models/ADCIRC/source-analysis/adcirc-gwce-implementation.md,40,src/gwce.F,,,FILE_REF_OK
models/ADCIRC/source-analysis/adcirc-gwce-implementation.md,41,src/gwce.F,,,FILE_REF_OK
models/ADCIRC/source-analysis/adcirc-gwce-implementation.md,41,src/gwce.F,,,FILE_REF_OK
models/ADCIRC/source-analysis/adcirc-gwce-implementation.md,43,src/gwce.F,,,FILE_REF_OK
models/ADCIRC/source-analysis/adcirc-gwce-implementation.md,47,src/gwce.F,,,FILE_REF_OK
models/ADCIRC/source-analysis/adcirc-gwce-implementation.md,48,src/gwce.F,,,FILE_REF_OK
models/ADCIRC/source-analysis/adcirc-gwce-implementation.md,49,src/gwce.F,,,FILE_REF_OK
models/ADCIRC/source-analysis/adcirc-gwce-implementation.md,49,src/gwce.F,,,FILE_REF_OK
models/ADCIRC/source-analysis/adcirc-gwce-implementation.md,50,src/gwce.F,,,FILE_REF_OK
models/ADCIRC/source-analysis/adcirc-gwce-implementation.md,51,src/gwce.F,,,FILE_REF_OK
models/ADCIRC/source-analysis/adcirc-gwce-implementation.md,55,src/gwce.F,,,FILE_REF_OK
models/ADCIRC/source-analysis/adcirc-gwce-implementation.md,56,src/gwce.F,,,FILE_REF_OK
models/ADCIRC/source-analysis/adcirc-gwce-implementation.md,57,src/gwce.F,,,FILE_REF_OK
models/ADCIRC/source-analysis/adcirc-gwce-implementation.md,57,src/cstart.F,,,FILE_REF_OK
models/ADCIRC/source-analysis/adcirc-gwce-implementation.md,57,src/hstart.F,,,FILE_REF_OK
models/ADCIRC/source-analysis/adcirc-gwce-implementation.md,58,src/gwce.F,,,FILE_REF_OK
models/ADCIRC/source-analysis/adcirc-gwce-implementation.md,58,src/gwce.F,,,FILE_REF_OK
models/ADCIRC/source-analysis/adcirc-gwce-implementation.md,59,src/gwce.F,,,FILE_REF_OK
models/ADCIRC/source-analysis/adcirc-gwce-implementation.md,59,src/gwce.F,,,FILE_REF_OK
models/ADCIRC/source-analysis/adcirc-gwce-implementation.md,60,src/gwce.F,,,FILE_REF_OK
models/ADCIRC/source-analysis/adcirc-gwce-implementation.md,60,src/cstart.F,,,FILE_REF_OK
models/ADCIRC/source-analysis/adcirc-gwce-implementation.md,65,src/hstart.F,,,FILE_REF_OK
models/ADCIRC/source-analysis/adcirc-gwce-implementation.md,66,src/gwce.F,,,FILE_REF_OK
models/ADCIRC/source-analysis/adcirc-gwce-implementation.md,66,src/gwce.F,,,FILE_REF_OK
models/ADCIRC/source-analysis/adcirc-gwce-implementation.md,71,src/gwce.F,,,FILE_REF_OK
models/ADCIRC/source-analysis/adcirc-gwce-implementation.md,73,src/gwce.F,,,FILE_REF_OK
models/ADCIRC/source-analysis/adcirc-gwce-implementation.md,73,src/gwce.F,,,FILE_REF_OK
models/ADCIRC/source-analysis/adcirc-gwce-implementation.md,74,src/cstart.F,,,FILE_REF_OK
models/ADCIRC/source-analysis/adcirc-gwce-implementation.md,81,src/gwce.F,538-592,538-592,NO_CHANGE
models/ADCIRC/source-analysis/adcirc-gwce-implementation.md,83,src/gwce.F,1638-1650,1638-1650,NO_CHANGE
models/ADCIRC/source-analysis/adcirc-gwce-implementation.md,84,src/gwce.F,477,477-477,NO_CHANGE
models/ADCIRC/source-analysis/adcirc-gwce-implementation.md,88,src/read_input.F,,,FILE_REF_OK
models/ADCIRC/source-analysis/adcirc-gwce-implementation.md,97,src/read_input.F,3431-3456,3445-3470,LINE_REFERENCE_UPDATE
models/ADCIRC/source-analysis/adcirc-gwce-implementation.md,103,src/gwce.F,,,FILE_REF_OK
models/ADCIRC/source-analysis/adcirc-gwce-implementation.md,105,src/cstart.F,,,FILE_REF_OK
models/ADCIRC/source-analysis/adcirc-gwce-implementation.md,105,src/hstart.F,,,FILE_REF_OK
models/ADCIRC/source-analysis/adcirc-hotstart.md,19,src/read_input.F,1050-1075,1064-1089,LINE_REFERENCE_UPDATE
models/ADCIRC/source-analysis/adcirc-hotstart.md,21,src/hstart.F,47-3048,47-3076,LINE_REFERENCE_UPDATE
models/ADCIRC/source-analysis/adcirc-hotstart.md,22,src/write_output.F,4429,4518-4518,LINE_REFERENCE_UPDATE
models/ADCIRC/source-analysis/adcirc-hotstart.md,23,src/vsmy.F,3254,3261-3261,LINE_REFERENCE_UPDATE
models/ADCIRC/source-analysis/adcirc-hotstart.md,24,src/netcdfio.F90,3866-9188,3866-9188,NO_CHANGE
models/ADCIRC/source-analysis/adcirc-hotstart.md,25,src/timestep.F,1192-1211,1196-1215,LINE_REFERENCE_UPDATE
models/ADCIRC/source-analysis/adcirc-hotstart.md,30,src/read_input.F,1050-1053,1064-1067,LINE_REFERENCE_UPDATE
models/ADCIRC/source-analysis/adcirc-hotstart.md,35,src/hstart.F,242-253,242-253,NO_CHANGE
models/ADCIRC/source-analysis/adcirc-hotstart.md,36,src/hstart.F,452-465,452-465,NO_CHANGE
models/ADCIRC/source-analysis/adcirc-hotstart.md,38,src/hstart.F,673-690,673-690,NO_CHANGE
models/ADCIRC/source-analysis/adcirc-hotstart.md,41,src/read_input.F,1063-1075,1077-1089,LINE_REFERENCE_UPDATE
models/ADCIRC/source-analysis/adcirc-hotstart.md,45,src/hstart.F,485-492,485-492,NO_CHANGE
models/ADCIRC/source-analysis/adcirc-hotstart.md,45,src/write_output.F,4920-4923,5009-5012,LINE_REFERENCE_UPDATE
models/ADCIRC/source-analysis/adcirc-hotstart.md,47,src/write_output.F,4922-4931,5011-5020,LINE_REFERENCE_UPDATE
models/ADCIRC/source-analysis/adcirc-hotstart.md,70,src/hstart.F,506-668,506-668,NO_CHANGE
models/ADCIRC/source-analysis/adcirc-hotstart.md,72,src/hstart.F,,,FILE_REF_OK
models/ADCIRC/source-analysis/adcirc-hotstart.md,76,src/hstart.F,47,47-47,NO_CHANGE
models/ADCIRC/source-analysis/adcirc-hotstart.md,83,src/hstart.F,,,FILE_REF_OK
models/ADCIRC/source-analysis/adcirc-hotstart.md,84,src/write_output.F,4429,4518-4518,LINE_REFERENCE_UPDATE
models/ADCIRC/source-analysis/adcirc-hotstart.md,86,src/vsmy.F,3254,3261-3261,LINE_REFERENCE_UPDATE
models/ADCIRC/source-analysis/adcirc-hotstart.md,90,src/netcdfio.F90,3866-3871,3866-3871,NO_CHANGE
models/ADCIRC/source-analysis/adcirc-hotstart.md,104,src/read_input.F,4504-4508,4518-4522,LINE_REFERENCE_UPDATE
models/ADCIRC/source-analysis/adcirc-hotstart.md,116,src/timestep.F,1192-1197,1196-1201,LINE_REFERENCE_UPDATE
models/ADCIRC/source-analysis/adcirc-hotstart.md,122,src/hstart.F,526-536,526-536,NO_CHANGE
models/ADCIRC/source-analysis/adcirc-hotstart.md,122,src/write_output.F,4935-4945,5024-5034,LINE_REFERENCE_UPDATE
models/ADCIRC/source-analysis/adcirc-hotstart.md,123,src/hstart.F,529-533,529-533,NO_CHANGE
models/ADCIRC/source-analysis/adcirc-hotstart.md,123,src/netcdfio.F90,5357-5380,5357-5380,NO_CHANGE
models/ADCIRC/source-analysis/adcirc-hotstart.md,127,src/vsmy.F,3531-3778,3538-3785,LINE_REFERENCE_UPDATE
models/ADCIRC/source-analysis/adcirc-hotstart.md,130,src/hstart.F,1440-1444,1445-1449,LINE_REFERENCE_UPDATE
models/ADCIRC/source-analysis/adcirc-hotstart.md,138,src/netcdfio.F90,8109-8158,8109-8158,NO_CHANGE
models/ADCIRC/source-analysis/adcirc-hotstart.md,144,src/hstart.F,1442-1444,1447-1449,LINE_REFERENCE_UPDATE
models/ADCIRC/source-analysis/adcirc-hotstart.md,188,src/netcdfio.F90,8017-8085,8017-8085,NO_CHANGE
models/ADCIRC/source-analysis/adcirc-itpack-solver.md,6,src/gwce.F,2003,2003-2003,NO_CHANGE
models/ADCIRC/source-analysis/adcirc-itpack-solver.md,21,src/gwce.F,2003,2003-2003,NO_CHANGE
models/ADCIRC/source-analysis/adcirc-itpack-solver.md,30,src/gwce.F,2010,2010-2010,NO_CHANGE
models/ADCIRC/source-analysis/adcirc-met-forcing-implementation.md,21,src/read_input.F,,,FILE_REF_OK
models/ADCIRC/source-analysis/adcirc-met-forcing-implementation.md,27,src/read_input.F,,,FILE_REF_OK
models/ADCIRC/source-analysis/adcirc-met-forcing-implementation.md,33,src/read_input.F,1819-1824,1833-1838,LINE_REFERENCE_UPDATE
models/ADCIRC/source-analysis/adcirc-met-forcing-implementation.md,34,src/read_input.F,1825-1832,1839-1846,LINE_REFERENCE_UPDATE
models/ADCIRC/source-analysis/adcirc-met-forcing-implementation.md,35,src/read_input.F,1833-1852,1847-1866,LINE_REFERENCE_UPDATE
models/ADCIRC/source-analysis/adcirc-met-forcing-implementation.md,36,src/read_input.F,1853-1864,1867-1878,LINE_REFERENCE_UPDATE
models/ADCIRC/source-analysis/adcirc-met-forcing-implementation.md,37,src/read_input.F,1865-1890,1879-1904,LINE_REFERENCE_UPDATE
models/ADCIRC/source-analysis/adcirc-met-forcing-implementation.md,38,src/read_input.F,1891-1916,1905-1930,LINE_REFERENCE_UPDATE
models/ADCIRC/source-analysis/adcirc-met-forcing-implementation.md,39,src/read_input.F,1917-1929,1931-1943,LINE_REFERENCE_UPDATE
models/ADCIRC/source-analysis/adcirc-met-forcing-implementation.md,40,src/read_input.F,1933-1952,1947-1966,LINE_REFERENCE_UPDATE
models/ADCIRC/source-analysis/adcirc-met-forcing-implementation.md,41,src/read_input.F,1976-1989,1990-2003,LINE_REFERENCE_UPDATE
models/ADCIRC/source-analysis/adcirc-met-forcing-implementation.md,42,src/read_input.F,1990-2002,2004-2016,LINE_REFERENCE_UPDATE
models/ADCIRC/source-analysis/adcirc-met-forcing-implementation.md,43,src/read_input.F,2004-2031,2018-2045,LINE_REFERENCE_UPDATE
models/ADCIRC/source-analysis/adcirc-met-forcing-implementation.md,44,src/read_input.F,2658,2672-2672,LINE_REFERENCE_UPDATE
models/ADCIRC/source-analysis/adcirc-met-forcing-implementation.md,45,src/read_input.F,2033-2058,2047-2072,LINE_REFERENCE_UPDATE
models/ADCIRC/source-analysis/adcirc-met-forcing-implementation.md,46,src/read_input.F,2059-2069,2073-2083,LINE_REFERENCE_UPDATE
models/ADCIRC/source-analysis/adcirc-met-forcing-implementation.md,65,src/owiwind.F,,,FILE_REF_OK
models/ADCIRC/source-analysis/adcirc-met-forcing-implementation.md,65,src/owiwind.F,,,FILE_REF_OK
models/ADCIRC/source-analysis/adcirc-met-forcing-implementation.md,66,src/owiwind.F,,,FILE_REF_OK
models/ADCIRC/source-analysis/adcirc-met-forcing-implementation.md,70,src/owiwind.F,,,FILE_REF_OK
models/ADCIRC/source-analysis/adcirc-met-forcing-implementation.md,71,src/owiwind.F,,,FILE_REF_OK
models/ADCIRC/source-analysis/adcirc-met-forcing-implementation.md,72,src/owiwind.F,,,FILE_REF_OK
models/ADCIRC/source-analysis/adcirc-met-forcing-implementation.md,83,src/read_input.F,,,FILE_REF_OK
models/ADCIRC/source-analysis/adcirc-met-forcing-implementation.md,89,src/read_input.F,,,FILE_REF_OK
models/ADCIRC/source-analysis/adcirc-met-forcing-implementation.md,94,src/read_input.F,,,FILE_REF_OK
models/ADCIRC/source-analysis/adcirc-met-forcing-implementation.md,105,src/read_input.F,,,FILE_REF_OK
models/ADCIRC/source-analysis/adcirc-met-forcing-implementation.md,121,src/read_input.F,,,FILE_REF_OK
models/ADCIRC/source-analysis/adcirc-met-forcing-implementation.md,122,src/read_input.F,,,FILE_REF_OK
models/ADCIRC/source-analysis/adcirc-met-forcing-implementation.md,123,src/read_input.F,,,FILE_REF_OK
models/ADCIRC/source-analysis/adcirc-met-forcing-implementation.md,124,src/owiwind.F,,,FILE_REF_OK
models/ADCIRC/source-analysis/adcirc-met-forcing-implementation.md,124,src/read_input.F,,,FILE_REF_OK
models/ADCIRC/source-analysis/adcirc-met-forcing-implementation.md,124,src/write_output.F,,,FILE_REF_OK
models/ADCIRC/source-analysis/adcirc-met-forcing-implementation.md,154,src/owiwind.F,,,FILE_REF_OK
models/ADCIRC/source-analysis/adcirc-met-forcing-implementation.md,156,src/read_input.F,,,FILE_REF_OK
models/ADCIRC/source-analysis/adcirc-momentum-implementation.md,6,src/gwce.F,2479,2479-2479,NO_CHANGE
models/ADCIRC/source-analysis/adcirc-momentum-implementation.md,6,src/timestep.F,129,129-129,NO_CHANGE
models/ADCIRC/source-analysis/adcirc-momentum-implementation.md,19,src/vsmy.F,,,FILE_REF_OK
models/ADCIRC/source-analysis/adcirc-momentum-implementation.md,61,src/gwce.F,2479,2479-2479,NO_CHANGE
models/ADCIRC/source-analysis/adcirc-momentum-implementation.md,66,src/timestep.F,129,129-129,NO_CHANGE
models/ADCIRC/source-analysis/adcirc-momentum-implementation.md,68,src/nodalattr.F,,,FILE_REF_OK
models/ADCIRC/source-analysis/adcirc-momentum-implementation.md,68,src/gwce.F,2477-2482,2477-2482,NO_CHANGE
models/ADCIRC/source-analysis/adcirc-momentum-implementation.md,69,src/timestep.F,1634,1638-1638,LINE_REFERENCE_UPDATE
models/ADCIRC/source-analysis/adcirc-momentum-implementation.md,73,src/gwce.F,442,442-442,NO_CHANGE
models/ADCIRC/source-analysis/adcirc-momentum-implementation.md,75,src/vsmy.F,,,FILE_REF_OK
models/ADCIRC/source-analysis/adcirc-momentum-implementation.md,80,src/vsmy.F,,,FILE_REF_OK
models/ADCIRC/source-analysis/adcirc-nffr-periodic-flux-boundary.md,7,src/read_input.F,,,FILE_REF_OK
models/ADCIRC/source-analysis/adcirc-nffr-periodic-flux-boundary.md,7,src/timestep.F,,,FILE_REF_OK
models/ADCIRC/source-analysis/adcirc-nffr-periodic-flux-boundary.md,7,src/gwce.F,,,FILE_REF_OK
models/ADCIRC/source-analysis/adcirc-nffr-periodic-flux-boundary.md,18,src/gwce.F,,,FILE_REF_OK
models/ADCIRC/source-analysis/adcirc-nffr-periodic-flux-boundary.md,20,src/read_input.F,3504-3589,3518-3603,LINE_REFERENCE_UPDATE
models/ADCIRC/source-analysis/adcirc-nffr-periodic-flux-boundary.md,22,src/read_input.F,3505,3519-3519,LINE_REFERENCE_UPDATE
models/ADCIRC/source-analysis/adcirc-nffr-periodic-flux-boundary.md,40,src/timestep.F,860-880,864-884,LINE_REFERENCE_UPDATE
models/ADCIRC/source-analysis/adcirc-nffr-periodic-flux-boundary.md,54,src/gwce.F,,,FILE_REF_OK
models/ADCIRC/source-analysis/adcirc-nffr-periodic-flux-boundary.md,54,src/gwce.F,1725-1810,1725-1810,NO_CHANGE
models/ADCIRC/source-analysis/adcirc-nffr-periodic-flux-boundary.md,78,src/gwce.F,1727-1733,1727-1733,NO_CHANGE
models/ADCIRC/source-analysis/adcirc-nodal-attributes.md,6,src/nodalattr.F,,,FILE_REF_OK
models/ADCIRC/source-analysis/adcirc-nodal-attributes.md,19,src/nodalattr.F,,,FILE_REF_OK
models/ADCIRC/source-analysis/adcirc-nodal-attributes.md,21,src/nodalattr.F,636-686,657-709,LINE_REFERENCE_UPDATE
models/ADCIRC/source-analysis/adcirc-nodal-attributes.md,73,src/nodalattr.F,,,FILE_REF_OK
models/ADCIRC/source-analysis/adcirc-output-writers-implementation.md,21,src/write_output.F,,,FILE_REF_OK
models/ADCIRC/source-analysis/adcirc-output-writers-implementation.md,22,src/write_output.F,,,FILE_REF_OK
models/ADCIRC/source-analysis/adcirc-output-writers-implementation.md,23,src/write_output.F,,,FILE_REF_OK
models/ADCIRC/source-analysis/adcirc-output-writers-implementation.md,31,src/read_input.F,,,FILE_REF_OK
models/ADCIRC/source-analysis/adcirc-output-writers-implementation.md,31,src/read_input.F,,,FILE_REF_OK
models/ADCIRC/source-analysis/adcirc-output-writers-implementation.md,32,src/write_output.F,,,FILE_REF_OK
models/ADCIRC/source-analysis/adcirc-output-writers-implementation.md,42,src/write_output.F,,,FILE_REF_OK
models/ADCIRC/source-analysis/adcirc-output-writers-implementation.md,47,src/write_output.F,,,FILE_REF_OK
models/ADCIRC/source-analysis/adcirc-output-writers-implementation.md,49,src/write_output.F,,,FILE_REF_OK
models/ADCIRC/source-analysis/adcirc-output-writers-implementation.md,54,src/write_output.F,,,FILE_REF_OK
models/ADCIRC/source-analysis/adcirc-output-writers-implementation.md,55,src/write_output.F,,,FILE_REF_OK
models/ADCIRC/source-analysis/adcirc-output-writers-implementation.md,56,src/read_input.F,,,FILE_REF_OK
models/ADCIRC/source-analysis/adcirc-output-writers-implementation.md,56,src/read_input.F,,,FILE_REF_OK
models/ADCIRC/source-analysis/adcirc-output-writers-implementation.md,57,src/write_output.F,,,FILE_REF_OK
models/ADCIRC/source-analysis/adcirc-output-writers-implementation.md,63,src/timestep.F,,,FILE_REF_OK
models/ADCIRC/source-analysis/adcirc-output-writers-implementation.md,67,src/write_output.F,,,FILE_REF_OK
models/ADCIRC/source-analysis/adcirc-output-writers-implementation.md,68,src/write_output.F,,,FILE_REF_OK
models/ADCIRC/source-analysis/adcirc-output-writers-implementation.md,69,src/write_output.F,,,FILE_REF_OK
models/ADCIRC/source-analysis/adcirc-output-writers-implementation.md,70,src/read_input.F,,,FILE_REF_OK
models/ADCIRC/source-analysis/adcirc-output-writers-implementation.md,76,src/write_output.F,,,FILE_REF_OK
models/ADCIRC/source-analysis/adcirc-output-writers-implementation.md,77,src/write_output.F,,,FILE_REF_OK
models/ADCIRC/source-analysis/adcirc-output-writers-implementation.md,79,src/write_output.F,,,FILE_REF_OK
models/ADCIRC/source-analysis/adcirc-output-writers-implementation.md,83,src/timestep.F,,,FILE_REF_OK
models/ADCIRC/source-analysis/adcirc-output-writers-implementation.md,84,src/write_output.F,,,FILE_REF_OK
models/ADCIRC/source-analysis/adcirc-output-writers-implementation.md,85,src/write_output.F,,,FILE_REF_OK
models/ADCIRC/source-analysis/adcirc-output-writers-implementation.md,86,src/write_output.F,,,FILE_REF_OK
models/ADCIRC/source-analysis/adcirc-output-writers-implementation.md,92,src/write_output.F,,,FILE_REF_OK
models/ADCIRC/source-analysis/adcirc-output-writers-implementation.md,95,src/write_output.F,,,FILE_REF_OK
models/ADCIRC/source-analysis/adcirc-output-writers-implementation.md,97,src/write_output.F,,,FILE_REF_OK
models/ADCIRC/source-analysis/adcirc-output-writers-implementation.md,97,src/write_output.F,,,FILE_REF_OK
models/ADCIRC/source-analysis/adcirc-output-writers-implementation.md,155,src/write_output.F,,,FILE_REF_OK
models/ADCIRC/source-analysis/adcirc-output-writers-implementation.md,157,src/timestep.F,,,FILE_REF_OK
models/ADCIRC/source-analysis/adcirc-parallel-implementation.md,39,prep/prep.F,,,FILE_REF_OK
models/ADCIRC/source-analysis/adcirc-parallel-implementation.md,40,prep/prep.F,,,FILE_REF_OK
models/ADCIRC/source-analysis/adcirc-parallel-implementation.md,41,prep/prep.F,,,FILE_REF_OK
models/ADCIRC/source-analysis/adcirc-parallel-implementation.md,49,prep/prep.F,,,FILE_REF_OK
models/ADCIRC/source-analysis/adcirc-parallel-implementation.md,49,prep/prep.F,,,FILE_REF_OK
models/ADCIRC/source-analysis/adcirc-parallel-implementation.md,60,prep/prep.F,,,FILE_REF_OK
models/ADCIRC/source-analysis/adcirc-parallel-implementation.md,61,prep/prep.F,,,FILE_REF_OK
models/ADCIRC/source-analysis/adcirc-parallel-implementation.md,65,prep/prep.F,,,FILE_REF_OK
models/ADCIRC/source-analysis/adcirc-parallel-implementation.md,70,prep/prep.F,,,FILE_REF_OK
models/ADCIRC/source-analysis/adcirc-parallel-implementation.md,78,src/read_input.F,,,FILE_REF_OK
models/ADCIRC/source-analysis/adcirc-parallel-implementation.md,96,src/gwce.F,,,FILE_REF_OK
models/ADCIRC/source-analysis/adcirc-parallel-implementation.md,116,src/write_output.F,,,FILE_REF_OK
models/ADCIRC/source-analysis/adcirc-parallel-implementation.md,117,src/write_output.F,,,FILE_REF_OK
models/ADCIRC/source-analysis/adcirc-parallel-implementation.md,136,src/write_output.F,,,FILE_REF_OK
models/ADCIRC/source-analysis/adcirc-parallel-implementation.md,177,prep/prep.F,,,FILE_REF_OK
models/ADCIRC/source-analysis/adcirc-parameter-glossary-v1.md,7,src/global.F,86-91,86-91,NO_CHANGE
models/ADCIRC/source-analysis/adcirc-parameter-glossary-v1.md,25,src/global.F,,,FILE_REF_OK
models/ADCIRC/source-analysis/adcirc-parameter-glossary-v1.md,39,src/nodalattr.F,,,FILE_REF_OK
models/ADCIRC/source-analysis/adcirc-parameter-glossary-v1.md,61,src/global.F,86,86-86,NO_CHANGE
models/ADCIRC/source-analysis/adcirc-parameter-glossary-v1.md,64,src/global.F,91,91-91,NO_CHANGE
models/ADCIRC/source-analysis/adcirc-swan-coupling.md,6,prep/presizes.F,,,FILE_REF_OK
models/ADCIRC/source-analysis/adcirc-swan-coupling.md,6,prep/prep.F,,,FILE_REF_OK
models/ADCIRC/source-analysis/adcirc-swan-coupling.md,6,src/couple2swan.F,,,FILE_REF_OK
models/ADCIRC/source-analysis/adcirc-swan-coupling.md,19,src/couple2swan.F,67-1236,67-1313,LINE_REFERENCE_UPDATE
models/ADCIRC/source-analysis/adcirc-swan-coupling.md,22,src/read_input.F,1080-1083,1094-1097,LINE_REFERENCE_UPDATE
models/ADCIRC/source-analysis/adcirc-swan-coupling.md,24,src/timestep.F,664-682,668-686,LINE_REFERENCE_UPDATE
models/ADCIRC/source-analysis/adcirc-swan-coupling.md,25,src/hstart.F,325-337,325-337,NO_CHANGE
models/ADCIRC/source-analysis/adcirc-swan-coupling.md,25,src/write_output.F,4969-5112,5058-5201,LINE_REFERENCE_UPDATE
models/ADCIRC/source-analysis/adcirc-swan-coupling.md,25,src/netcdfio.F90,5555-7045,5555-7045,NO_CHANGE
models/ADCIRC/source-analysis/adcirc-swan-coupling.md,34,src/couple2swan.F,947,947-947,NO_CHANGE
models/ADCIRC/source-analysis/adcirc-swan-coupling.md,51,src/couple2swan.F,950,950-950,NO_CHANGE
models/ADCIRC/source-analysis/adcirc-swan-coupling.md,54,src/couple2swan.F,1212-1215,1241-None,IN_CHANGED_REGION
models/ADCIRC/source-analysis/adcirc-swan-coupling.md,60,src/couple2swan.F,112-119,112-119,NO_CHANGE
models/ADCIRC/source-analysis/adcirc-swan-coupling.md,62,src/timestep.F,695-703,699-707,LINE_REFERENCE_UPDATE
models/ADCIRC/source-analysis/adcirc-swan-coupling.md,63,src/timestep.F,721-725,725-729,LINE_REFERENCE_UPDATE
models/ADCIRC/source-analysis/adcirc-swan-coupling.md,67,src/couple2swan.F,67-75,67-75,NO_CHANGE
models/ADCIRC/source-analysis/adcirc-swan-coupling.md,77,src/timestep.F,664-682,668-686,LINE_REFERENCE_UPDATE
models/ADCIRC/source-analysis/adcirc-swan-coupling.md,86,src/couple2swan.F,596-598,596-598,NO_CHANGE
models/ADCIRC/source-analysis/adcirc-swan-coupling.md,94,src/read_input.F,1790-1817,1804-1831,LINE_REFERENCE_UPDATE
models/ADCIRC/source-analysis/adcirc-swan-coupling.md,129,src/hstart.F,325-337,325-337,NO_CHANGE
models/ADCIRC/source-analysis/adcirc-swan-coupling.md,133,src/write_output.F,4969-5112,5058-5201,LINE_REFERENCE_UPDATE
models/ADCIRC/source-analysis/adcirc-swan-coupling.md,135,src/netcdfio.F90,5555-5568,5555-5568,NO_CHANGE
models/ADCIRC/source-analysis/adcirc-swan-coupling.md,138,src/read_input.F,1080-1083,1094-1097,LINE_REFERENCE_UPDATE
models/ADCIRC/source-analysis/adcirc-swan-coupling.md,139,src/timestep.F,1214-1218,1218-1222,LINE_REFERENCE_UPDATE
models/ADCIRC/source-analysis/adcirc-swan-coupling.md,142,src/netcdfio.F90,8017-8085,8017-8085,NO_CHANGE
models/ADCIRC/source-analysis/adcirc-swan-coupling.md,162,src/couple2swan.F,,,FILE_REF_OK
models/ADCIRC/source-analysis/adcirc-swan-coupling.md,174,src/netcdfio.F90,8017-8085,8017-8085,NO_CHANGE
models/ADCIRC/source-analysis/adcirc-swan-coupling.md,199,prep/presizes.F,,,FILE_REF_OK
models/ADCIRC/source-analysis/adcirc-swan-coupling.md,200,prep/prep.F,,,FILE_REF_OK
models/ADCIRC/source-analysis/adcirc-swan-coupling.md,201,src/couple2swan.F,,,FILE_REF_OK
models/ADCIRC/source-analysis/adcirc-swan-coupling.md,204,src/couple2swan.F,,,FILE_REF_OK
models/ADCIRC/source-analysis/adcirc-tidal-forcing.md,7,src/timestep.F,,,FILE_REF_OK
models/ADCIRC/source-analysis/adcirc-tidal-forcing.md,7,src/gwce.F,1181,1181-1181,NO_CHANGE
models/ADCIRC/source-analysis/adcirc-tidal-forcing.md,20,src/timestep.F,,,FILE_REF_OK
models/ADCIRC/source-analysis/adcirc-tidal-forcing.md,22,src/timestep.F,1527-1556,1531-1560,LINE_REFERENCE_UPDATE
models/ADCIRC/source-analysis/adcirc-tidal-forcing.md,36,src/gwce.F,1181,1181-1181,NO_CHANGE
models/ADCIRC/source-analysis/adcirc-tidal-forcing.md,36,src/timestep.F,1133,1137-1137,LINE_REFERENCE_UPDATE
models/ADCIRC/source-analysis/adcirc-tidal-forcing.md,45,src/timestep.F,1527,1531-1531,LINE_REFERENCE_UPDATE
models/ADCIRC/source-analysis/adcirc-tidal-forcing.md,49,src/timestep.F,162,162-162,NO_CHANGE
models/ADCIRC/source-analysis/adcirc-tidal-forcing.md,51,src/timestep.F,1543-1547,1547-1551,LINE_REFERENCE_UPDATE
models/ADCIRC/source-analysis/adcirc-tidal-forcing.md,56,src/nodalattr.F,,,FILE_REF_OK
models/ADCIRC/source-analysis/adcirc-tidal-forcing.md,78,src/gwce.F,1181,1181-1181,NO_CHANGE
models/ADCIRC/source-analysis/adcirc-timestep-orchestration.md,2,src/timestep.F,,,FILE_REF_OK
models/ADCIRC/source-analysis/adcirc-timestep-orchestration.md,7,src/timestep.F,,,FILE_REF_OK
models/ADCIRC/source-analysis/adcirc-timestep-orchestration.md,7,src/gwce.F,,,FILE_REF_OK
models/ADCIRC/source-analysis/adcirc-timestep-orchestration.md,19,src/timestep.F,,,FILE_REF_OK
models/ADCIRC/source-analysis/adcirc-timestep-orchestration.md,21,src/timestep.F,,,FILE_REF_OK
models/ADCIRC/source-analysis/adcirc-timestep-orchestration.md,21,src/gwce.F,,,FILE_REF_OK
models/ADCIRC/source-analysis/adcirc-timestep-orchestration.md,23,src/timestep.F,,,FILE_REF_OK
models/ADCIRC/source-analysis/adcirc-timestep-orchestration.md,40,src/gwce.F,166-226,166-226,NO_CHANGE
models/ADCIRC/source-analysis/adcirc-timestep-orchestration.md,81,src/gwce.F,2514-2522,2514-2522,NO_CHANGE
models/ADCIRC/source-analysis/adcirc-timestep-orchestration.md,82,src/read_input.F,2996,3010-3010,LINE_REFERENCE_UPDATE
models/ADCIRC/source-analysis/adcirc-timestep-orchestration.md,82,src/gwce.F,1540-1543,1540-1543,NO_CHANGE
models/ADCIRC/source-analysis/adcirc-timestep-orchestration.md,83,src/gwce.F,71,71-71,NO_CHANGE
models/ADCIRC/source-analysis/adcirc-timestep-orchestration.md,84,src/gwce.F,418-420,418-420,NO_CHANGE
models/ADCIRC/source-analysis/adcirc-transport-solver.md,6,src/vsmy.F,1548-1553,1550-1555,LINE_REFERENCE_UPDATE
models/ADCIRC/source-analysis/adcirc-transport-solver.md,6,src/vsmy.F,1543,1545-1545,LINE_REFERENCE_UPDATE
models/ADCIRC/source-analysis/adcirc-transport-solver.md,20,src/vsmy.F,1548-1553,1550-1555,LINE_REFERENCE_UPDATE
models/ADCIRC/source-analysis/adcirc-transport-solver.md,21,src/vsmy.F,1543,1545-1545,LINE_REFERENCE_UPDATE
models/ADCIRC/source-analysis/adcirc-transport-solver.md,21,src/vsmy.F,,,FILE_REF_OK
models/ADCIRC/source-analysis/adcirc-transport-solver.md,59,src/vsmy.F,1548-1553,1550-1555,LINE_REFERENCE_UPDATE
models/ADCIRC/source-analysis/adcirc-transport-solver.md,62,src/vsmy.F,,,FILE_REF_OK
models/ADCIRC/source-analysis/adcirc-transport-solver.md,68,src/vsmy.F,,,FILE_REF_OK
models/ADCIRC/source-analysis/adcirc-weir-boundary.md,2,src/weir_boundary.F90,,,FILE_REF_OK
models/ADCIRC/source-analysis/adcirc-weir-boundary.md,6,src/weir_boundary.F90,,,FILE_REF_OK
models/ADCIRC/source-analysis/adcirc-weir-boundary.md,17,src/weir_boundary.F90,,,FILE_REF_OK
models/ADCIRC/source-analysis/adcirc-weir-boundary.md,19,src/weir_boundary.F90,,,FILE_REF_OK
models/ADCIRC/source-analysis/adcirc-wetting-drying-implementation.md,27,src/gwce.F,,,FILE_REF_OK
models/ADCIRC/source-analysis/adcirc-wetting-drying-implementation.md,72,src/gwce.F,,,FILE_REF_OK
models/ADCIRC/source-analysis/adcirc-wetting-drying-implementation.md,76,src/gwce.F,,,FILE_REF_OK
models/ADCIRC/source-analysis/adcirc-wetting-drying-implementation.md,81,src/gwce.F,,,FILE_REF_OK
models/ADCIRC/source-analysis/adcirc-wetting-drying-implementation.md,85,src/gwce.F,,,FILE_REF_OK
models/ADCIRC/source-analysis/adcirc-wetting-drying-implementation.md,122,src/gwce.F,,,FILE_REF_OK
models/ADCIRC/source-analysis/storm-surge/README.md,9,src/read_input.F,,,FILE_REF_OK
models/ADCIRC/source-analysis/storm-surge/README.md,16,src/read_input.F,2157,2171-2171,LINE_REFERENCE_UPDATE
models/ADCIRC/source-analysis/storm-surge/adcirc-storm-surge-foundation.md,7,src/read_input.F,1782,1796-1796,LINE_REFERENCE_UPDATE
models/ADCIRC/source-analysis/storm-surge/adcirc-storm-surge-foundation.md,95,src/read_input.F,1782,1796-1796,LINE_REFERENCE_UPDATE
models/ADCIRC/source-analysis/storm-surge/adcirc-storm-surge-nws-families.md,7,src/read_input.F,1782,1796-1796,LINE_REFERENCE_UPDATE
models/ADCIRC/source-analysis/storm-surge/adcirc-storm-surge-nws-families.md,55,src/read_input.F,1782,1796-1796,LINE_REFERENCE_UPDATE
models/ADCIRC/source-analysis/storm-surge/adcirc-storm-surge.md,24,src/read_input.F,2157,2171-2171,LINE_REFERENCE_UPDATE
models/ADCIRC/source-analysis/storm-surge/adcirc-storm-surge.md,27,src/owiwind.F,184,184-184,NO_CHANGE
models/ADCIRC/source-analysis/storm-surge/adcirc-storm-surge.md,29,src/constants.F90,54,54-54,NO_CHANGE
models/ADCIRC/source-analysis/storm-surge/adcirc-storm-surge.md,36,src/read_input.F,2706,2720-2720,LINE_REFERENCE_UPDATE
models/ADCIRC/source-analysis/storm-surge/adcirc-storm-surge.md,61,src/read_input.F,2157,2171-2171,LINE_REFERENCE_UPDATE
models/ADCIRC/source-analysis/storm-surge/adcirc-storm-surge.md,85,src/owiwind.F,184,184-184,NO_CHANGE
models/ADCIRC/source-analysis/storm-surge/adcirc-storm-surge.md,133,src/constants.F90,54,54-54,NO_CHANGE
models/ADCIRC/source-analysis/storm-surge/adcirc-storm-surge.md,157,src/read_input.F,2430,2444-2444,LINE_REFERENCE_UPDATE
models/ADCIRC/source-analysis/tide/adcirc-tide-forcing-implementation.md,38,src/read_input.F,,,FILE_REF_OK
models/ADCIRC/source-analysis/tide/adcirc-tide-forcing-implementation.md,42,src/read_input.F,,,FILE_REF_OK
models/ADCIRC/source-analysis/tide/adcirc-tide-forcing-implementation.md,43,src/timestep.F,,,FILE_REF_OK
models/ADCIRC/source-analysis/tide/adcirc-tide-forcing-implementation.md,47,src/read_input.F,,,FILE_REF_OK
models/ADCIRC/source-analysis/tide/adcirc-tide-forcing-implementation.md,50,src/read_input.F,,,FILE_REF_OK
models/ADCIRC/source-analysis/tide/adcirc-tide-forcing-implementation.md,50,src/global.F,,,FILE_REF_OK
models/ADCIRC/source-analysis/tide/adcirc-tide-forcing-implementation.md,64,src/read_input.F,,,FILE_REF_OK
models/ADCIRC/source-analysis/tide/adcirc-tide-forcing-implementation.md,66,src/mesh.F,1822-1834,1822-1834,NO_CHANGE
models/ADCIRC/source-analysis/tide/adcirc-tide-forcing-implementation.md,66,src/read_input.F,3493-3496,3507-3510,LINE_REFERENCE_UPDATE
models/ADCIRC/source-analysis/tide/adcirc-tide-forcing-implementation.md,66,src/gwce.F,1644-1649,1644-1649,NO_CHANGE
models/ADCIRC/source-analysis/tide/adcirc-tide-forcing-implementation.md,73,src/gwce.F,,,FILE_REF_OK
models/ADCIRC/source-analysis/tide/adcirc-tide-forcing-implementation.md,77,src/read_input.F,,,FILE_REF_OK
models/ADCIRC/source-analysis/tide/adcirc-tide-forcing-implementation.md,88,src/read_input.F,,,FILE_REF_OK
models/ADCIRC/source-analysis/tide/adcirc-tide-forcing-implementation.md,98,src/read_input.F,,,FILE_REF_OK
models/ADCIRC/source-analysis/tide/adcirc-tide-forcing-implementation.md,106,src/hstart.F,,,FILE_REF_OK
models/ADCIRC/source-analysis/tide/adcirc-tide-forcing-implementation.md,106,src/timestep.F,,,FILE_REF_OK
models/ADCIRC/source-analysis/tide/adcirc-tide-forcing-implementation.md,110,src/timestep.F,,,FILE_REF_OK
models/ADCIRC/source-analysis/tide/adcirc-tide-forcing-implementation.md,112,src/read_input.F,,,FILE_REF_OK
models/ADCIRC/source-analysis/tide/adcirc-tide-forcing-implementation.md,123,src/timestep.F,,,FILE_REF_OK
models/ADCIRC/source-analysis/tide/adcirc-tide-forcing-implementation.md,137,src/timestep.F,,,FILE_REF_OK
models/ADCIRC/source-analysis/tide/adcirc-tide-forcing-implementation.md,137,src/hstart.F,,,FILE_REF_OK
models/ADCIRC/source-analysis/tide/adcirc-tide-forcing-implementation.md,142,src/read_input.F,,,FILE_REF_OK
models/ADCIRC/source-analysis/tide/adcirc-tide-forcing-implementation.md,143,src/read_input.F,,,FILE_REF_OK
models/ADCIRC/source-analysis/tide/adcirc-tide-forcing-implementation.md,143,src/gwce.F,,,FILE_REF_OK
models/ADCIRC/source-analysis/tide/adcirc-tide-forcing-implementation.md,144,src/timestep.F,,,FILE_REF_OK
models/ADCIRC/source-analysis/tide/adcirc-tide-forcing-implementation.md,144,src/read_input.F,,,FILE_REF_OK
models/ADCIRC/source-analysis/tide/adcirc-tide-forcing-implementation.md,163,src/timestep.F,1517-1556,1521-1560,LINE_REFERENCE_UPDATE
models/ADCIRC/source-analysis/tide/adcirc-tide-forcing-implementation.md,163,src/gwce.F,1638-1650,1638-1650,NO_CHANGE
models/ADCIRC/source-analysis/tide/adcirc-tide-forcing-implementation.md,163,src/timestep.F,1520-1521,1524-1525,LINE_REFERENCE_UPDATE
models/ADCIRC/source-analysis/tide/adcirc-tide-forcing-implementation.md,174,src/read_input.F,,,FILE_REF_OK
models/ADCIRC/source-analysis/tide/adcirc-tide-forcing-implementation.md,175,src/gwce.F,,,FILE_REF_OK
models/ADCIRC/source-analysis/tide/adcirc-tide-forcing-implementation.md,176,src/timestep.F,,,FILE_REF_OK
models/ADCIRC/source-analysis/tide/adcirc-tide-forcing-implementation.md,178,src/hstart.F,,,FILE_REF_OK
models/ADCIRC/source-analysis/tide/adcirc-tide-forcing-implementation.md,178,src/cstart.F,,,FILE_REF_OK
models/ADCIRC/source-analysis/tide/adcirc-tide-harmonic-prep.md,48,src/read_input.F,1703-1731,1717-1745,LINE_REFERENCE_UPDATE
models/ADCIRC/source-analysis/tide/adcirc-tide-harmonic-prep.md,49,src/read_input.F,3431-3441,3445-3455,LINE_REFERENCE_UPDATE
models/ADCIRC/source-analysis/tide/adcirc-tide-harmonic-prep.md,49,src/gwce.F,1638-1649,1638-1649,NO_CHANGE
models/ADCIRC/source-analysis/tide/adcirc-tide-harmonic-prep.md,63,src/mesh.F,1822-1834,1822-1834,NO_CHANGE
models/ADCIRC/source-analysis/tide/adcirc-tide-harmonic-prep.md,63,src/read_input.F,3431-3456,3445-3470,LINE_REFERENCE_UPDATE
models/ADCIRC/source-analysis/tide/adcirc-tide-harmonic-prep.md,71,src/read_input.F,1717-1731,1731-1745,LINE_REFERENCE_UPDATE
models/ADCIRC/source-analysis/tide/adcirc-tide-harmonic-prep.md,72,src/gwce.F,1638-1649,1638-1649,NO_CHANGE
models/ADCIRC/source-analysis/tide/adcirc-tide-harmonic-prep.md,123,src/gwce.F,1638-1649,1638-1649,NO_CHANGE
models/ADCIRC/source-analysis/tide/adcirc-tide-harmonic-prep.md,128,src/read_input.F,2894-2902,2908-2916,LINE_REFERENCE_UPDATE
models/ADCIRC/source-analysis/tide/adcirc-tide-harmonic-prep.md,128,src/timestep.F,257-258,257-258,NO_CHANGE
models/ADCIRC/source-analysis/tide/adcirc-tide-harmonic-prep.md,128,src/gwce.F,1638-1651,1638-1651,NO_CHANGE
models/ADCIRC/source-analysis/tide/adcirc-tide-harmonic-prep.md,130,src/read_input.F,3628-3632,3642-3646,LINE_REFERENCE_UPDATE
models/ADCIRC/source-analysis/tide/adcirc-tide-harmonic-prep.md,143,src/gwce.F,1638-1649,1638-1649,NO_CHANGE
models/ADCIRC/source-analysis/tide/adcirc-tide-harmonic-prep.md,167,src/timestep.F,1543-1555,1547-1559,LINE_REFERENCE_UPDATE
models/ADCIRC/source-analysis/tide/adcirc-tide-harmonic-prep.md,220,src/read_input.F,1705-1731,1719-1745,LINE_REFERENCE_UPDATE
models/ADCIRC/source-analysis/tide/adcirc-tide-harmonic-prep.md,221,src/gwce.F,1638-1650,1638-1650,NO_CHANGE
models/ADCIRC/source-analysis/tide/adcirc-tide-harmonic-prep.md,222,src/timestep.F,251-258,251-258,NO_CHANGE
models/ADCIRC/source-analysis/tide/adcirc-tide-harmonic-prep.md,223,src/hstart.F,1525-1532,1530-1537,LINE_REFERENCE_UPDATE
models/ADCIRC/source-analysis/tide/adcirc-tide-harmonic-prep.md,241,src/read_input.F,,,FILE_REF_OK
models/ADCIRC/source-analysis/tide/adcirc-tide-harmonic-prep.md,250,src/mesh.F,1822-1834,1822-1834,NO_CHANGE
models/ADCIRC/source-analysis/tide/adcirc-tide-harmonic-prep.md,250,src/read_input.F,3493-3496,3507-3510,LINE_REFERENCE_UPDATE
models/ADCIRC/source-analysis/tide/adcirc-tide-harmonic-prep.md,254,src/read_input.F,6282-6463,6320-6501,LINE_REFERENCE_UPDATE
models/ADCIRC/source-analysis/tide/adcirc-tide-harmonic-prep.md,305,src/gwce.F,1644-1649,1644-1649,NO_CHANGE
models/ADCIRC/source-analysis/tide/adcirc-tide-harmonic-prep.md,310,src/timestep.F,1547-1548,1551-1552,LINE_REFERENCE_UPDATE
models/ADCIRC/source-analysis/tide/adcirc-tide-harmonic-prep.md,310,src/hstart.F,1525-1532,1530-1537,LINE_REFERENCE_UPDATE
models/ADCIRC/source-analysis/tide/adcirc-tide-harmonic-prep.md,315,src/gwce.F,1642-1649,1642-1649,NO_CHANGE
models/ADCIRC/source-analysis/tide/adcirc-tide-harmonic-prep.md,333,src/timestep.F,251-258,251-258,NO_CHANGE
models/ADCIRC/source-analysis/tide/adcirc-tide-harmonic-prep.md,335,src/read_input.F,2534-2543,2548-2557,LINE_REFERENCE_UPDATE
models/ADCIRC/source-analysis/tide/adcirc-tide-harmonic-prep.md,335,src/timestep.F,257-258,257-258,NO_CHANGE
models/ADCIRC/source-analysis/tide/adcirc-tide-harmonic-prep.md,335,src/read_input.F,3436,3450-3450,LINE_REFERENCE_UPDATE
models/ADCIRC/source-analysis/tide/adcirc-tide-harmonic-prep.md,335,src/gwce.F,1642-1649,1642-1649,NO_CHANGE
models/ADCIRC/source-analysis/tide/adcirc-tide-harmonic-prep.md,337,src/gwce.F,1642-1644,1642-1644,NO_CHANGE
models/ADCIRC/source-analysis/tide/adcirc-tide-harmonic-prep.md,337,src/timestep.F,1532-1535,1536-1539,LINE_REFERENCE_UPDATE
models/ADCIRC/source-analysis/tide/adcirc-tide-harmonic-prep.md,339,src/timestep.F,257-258,257-258,NO_CHANGE
models/ADCIRC/source-analysis/tide/adcirc-tide-harmonic-prep.md,339,src/gwce.F,1642-1649,1642-1649,NO_CHANGE
models/ADCIRC/source-analysis/tide/adcirc-tide-harmonic-prep.md,346,src/read_input.F,3431-3456,3445-3470,LINE_REFERENCE_UPDATE
models/ADCIRC/source-analysis/tide/adcirc-tide-harmonic-prep.md,346,src/gwce.F,1638-1649,1638-1649,NO_CHANGE
models/ADCIRC/source-analysis/tide/adcirc-tide-harmonic-prep.md,355,src/read_input.F,3485-3497,3499-3511,LINE_REFERENCE_UPDATE
models/ADCIRC/source-analysis/tide/adcirc-tide-harmonic-prep.md,356,src/gwce.F,1642-1649,1642-1649,NO_CHANGE
models/ADCIRC/source-analysis/tide/adcirc-tide-harmonic-prep.md,368,src/read_input.F,1705-1731,1719-1745,LINE_REFERENCE_UPDATE
