path,before_sha256,after_sha256
models/ADCIRC/source-analysis/adcirc-3d-mode.md,6012ad93fbff371a3c2488e9ee26c11e72cbf1ae4c54afe2f80c3fe84a989155,3bd90415121f8c700b53564986700288ed0364027421b18f6a7185f74ebf81e5
models/ADCIRC/source-analysis/adcirc-3d-vssol-vertical-scheme.md,6f0f566e596f7bef91d5673c0c03edc56915763d27e5aba2fb984d4a52235439,4d7c307b7165d925088edb4656cbb0d857498b32fb7ec3d148266662e82ce51a
models/ADCIRC/source-analysis/adcirc-fort15-checklist-v1.md,c6d0f19a20e969e3533e6117fa1c8b8d883262ff36a325429d95d20ca5125c19,69bd5d42f4a54254594594892eb6e2c187089b3ce3d383a0181469be7a004736
models/ADCIRC/source-analysis/adcirc-gwce-implementation.md,651d2a0f9a4a7ab3c62adeb721ff8c37775f8c7a783a63439c695c7b8dff4390,f99221c123cf01080575bc0cd43f637a4e2181adf6c000f4a90eabbb9440f96c
models/ADCIRC/source-analysis/adcirc-hotstart.md,e272fab10b7e6d99e7fbf3934470f425c072bc01b19f5af73ff701f109bbbfac,fd24db34a974f1c3424e9c21e0cc2d6f71d0ec84b66434e5195d291bdaba31da
models/ADCIRC/source-analysis/adcirc-met-forcing-implementation.md,c3a7314cf8580558c934c2026acb196a5db6741af75f47bcadf71d52bca05762,e6ff3f2153931b58cc471d90032d5784f0505f7c811eca9ac4a58350e719911a
models/ADCIRC/source-analysis/adcirc-momentum-implementation.md,95d84d67ae535bfc337cf8069c4fb5740b64d3af1b4d431bae986224c60ae821,eed7b75f3b0e7df220f7accf59edd39c7a7fed68262d9b792d1a54cc40c89161
models/ADCIRC/source-analysis/adcirc-nffr-periodic-flux-boundary.md,49acf819a3e1e308559ce4351f6e35d3466ff3d9dabbd6dda6128ffeeec2b4c6,97cdd55cd20ad53a549cbf8b5ec1470d1abb78e4c81f318c646df18c057b6d2e
models/ADCIRC/source-analysis/adcirc-nodal-attributes.md,e33c4e58ddad1fc2891ffcab06eb314c0da4530507f0e14c2123741734c45df4,a5f2aeee4f43699704f2380207663ded2a408a283195e738d4aa9da1674bcb95
models/ADCIRC/source-analysis/adcirc-swan-coupling.md,90b970eb27605a648dbedbd18beb01256866a0d640fccd2c1cd789825268eb3c,0d9a09d0e058a4c1f4f188ecef0730eb9bc267d1ea4493b8e354efe63c6cc973
models/ADCIRC/source-analysis/adcirc-tidal-forcing.md,e04e45ddf348c8640536e5cbb91bedf123b0d522a929d623c977296fc28c5dba,0b9efa69de75e796aec66b55a6b2b3243e7e88e2b8e7c843cf0ff8119d11b4f9
models/ADCIRC/source-analysis/adcirc-timestep-orchestration.md,c0527a4c26eec589e75ae67a333681344b2dbaeb74e0f0c9004f7c35b7896341,c4b95cd19483ef699a0c67bc08ec923494d8764330d15541ffdf86049edcde68
models/ADCIRC/source-analysis/adcirc-transport-solver.md,2396840e32d2ff7c4bb6301522520d8d471d54a6611ffb6c6eca1e81e33b47a9,ba930ff81d96845068d67dcdec5520351564e7e413eaf11ef17f5dbc06f41f15
models/ADCIRC/source-analysis/storm-surge/README.md,e0f2f50074c7a8bb0e1eba1a8ec07157ed565b3f0ac7786454761ce26d60958b,c5d966f562c6fe55e72b3898d652205573901d30827329dff28a8c3ebe171124
models/ADCIRC/source-analysis/storm-surge/adcirc-storm-surge-foundation.md,d05b2407ee389490c28d18859c7f399b5bf34864565d593d8262e1a50b625c14,87baa35a75f428d80f8cdba3633ba7258053c058673f78f47e48952b140155d8
models/ADCIRC/source-analysis/storm-surge/adcirc-storm-surge-nws-families.md,b51bedcfa05b8cd94023130c152a1599b3b22401422b6e096a13eb2f7beb6bad,5e1f4494a005a9f3e22d9b54f40f402288d42b3171a85f11ffb64428c6ad690d
models/ADCIRC/source-analysis/storm-surge/adcirc-storm-surge.md,a55c6b81b751beadc12438293d2637741a1ef44195650da14585781840f18865,b0225c0e4a5116d5355ce57d413cbd4d2c92be47b6d370dfee55eedeef28785c
models/ADCIRC/source-analysis/tide/adcirc-tide-forcing-implementation.md,1434e71635086ec3a9c1d9794a1255039fe644bb863be5761045b1ce9ad1f35f,53e3c14e64945f3686901d2356ca335da97a8db90f5383bcf754233950b91220
models/ADCIRC/source-analysis/tide/adcirc-tide-harmonic-prep.md,71bea48ae8d8daa6b961555559f1d617d2049a772e0e0017683646afe0ae8d5b,001b2ceaf229fede670d4c08d3ce88e0f6d5ffa368a40a35319455301e015c4d
