note,note_line,ref,source,new_source,old,new,status,basis
models/Delft3D/source-analysis/delft3d_adi_solver.md,34,"trisol.f90:2250,2260,3336,3346",src/engines_gpl/flow2d3d/packages/flow2d3d_kernel/src/main/trisol.f90,,"2250,2260,3336,3346","2252,2262,3338,3348",MOVED,
models/Delft3D/source-analysis/delft3d_dd.md,76,trisol.f90:1104-1107,src/engines_gpl/flow2d3d/packages/flow2d3d_kernel/src/main/trisol.f90,,1104-1107,1106-1109,MOVED,
models/Delft3D/source-analysis/delft3d_dflowfm_compute_core.md,43,step_reduce_hydro.f90:96,src/engines_gpl/dflowfm/packages/dflowfm_kernel/src/dflowfm_kernel/compute/step_reduce_hydro.f90,,96,97,MOVED,
models/Delft3D/source-analysis/delft3d_dflowfm_compute_core.md,50,step_reduce_hydro.f90:113,src/engines_gpl/dflowfm/packages/dflowfm_kernel/src/dflowfm_kernel/compute/step_reduce_hydro.f90,,113,114,MOVED,
models/Delft3D/source-analysis/delft3d_dflowfm_compute_core.md,62,furu.f90:89-214,src/engines_gpl/dflowfm/packages/dflowfm_kernel/src/dflowfm_kernel/compute/furu.f90,,89-214,90-214,MOVED,
models/Delft3D/source-analysis/delft3d_dflowfm_compute_core.md,64,furu.f90:97,src/engines_gpl/dflowfm/packages/dflowfm_kernel/src/dflowfm_kernel/compute/furu.f90,,97,98,MOVED,
models/Delft3D/source-analysis/delft3d_dflowfm_compute_core.md,66,furu.f90:144,src/engines_gpl/dflowfm/packages/dflowfm_kernel/src/dflowfm_kernel/compute/furu.f90,,144,145,MOVED,
models/Delft3D/source-analysis/delft3d_dflowfm_compute_core.md,66,furu.f90:140-143,src/engines_gpl/dflowfm/packages/dflowfm_kernel/src/dflowfm_kernel/compute/furu.f90,,140-143,141-144,MOVED,
models/Delft3D/source-analysis/delft3d_dflowfm_compute_core.md,67,furu.f90:149,src/engines_gpl/dflowfm/packages/dflowfm_kernel/src/dflowfm_kernel/compute/furu.f90,,149,150,MOVED,
models/Delft3D/source-analysis/delft3d_dflowfm_compute_core.md,68,furu.f90:150,src/engines_gpl/dflowfm/packages/dflowfm_kernel/src/dflowfm_kernel/compute/furu.f90,,150,151,MOVED,
models/Delft3D/source-analysis/delft3d_dflowfm_compute_core.md,69,furu.f90:151-154,src/engines_gpl/dflowfm/packages/dflowfm_kernel/src/dflowfm_kernel/compute/furu.f90,,151-154,152-155,MOVED,
models/Delft3D/source-analysis/delft3d_dflowfm_compute_core.md,70,furu.f90:145-147,src/engines_gpl/dflowfm/packages/dflowfm_kernel/src/dflowfm_kernel/compute/furu.f90,,145-147,146-148,MOVED,
models/Delft3D/source-analysis/delft3d_dflowfm_compute_core.md,72,furu.f90:169,src/engines_gpl/dflowfm/packages/dflowfm_kernel/src/dflowfm_kernel/compute/furu.f90,,169,170,MOVED,
models/Delft3D/source-analysis/delft3d_dflowfm_compute_core.md,89,furu.f90:269,src/engines_gpl/dflowfm/packages/dflowfm_kernel/src/dflowfm_kernel/compute/furu.f90,,269,368,REANCHORED,
models/Delft3D/source-analysis/delft3d_dflowfm_compute_core.md,90,furu.f90:273-281,src/engines_gpl/dflowfm/packages/dflowfm_kernel/src/dflowfm_kernel/compute/furu.f90,,273-281,272-280,MOVED,
models/Delft3D/source-analysis/delft3d_dflowfm_compute_core.md,91,furu.f90:283-367,src/engines_gpl/dflowfm/packages/dflowfm_kernel/src/dflowfm_kernel/compute/furu.f90,,283-367,282-366,MOVED,
models/Delft3D/source-analysis/delft3d_dflowfm_compute_core.md,91,furu.f90:340-362,src/engines_gpl/dflowfm/packages/dflowfm_kernel/src/dflowfm_kernel/compute/furu.f90,,340-362,339-361,MOVED,
models/Delft3D/source-analysis/delft3d_dflowfm_compute_core.md,111,s1ini.f90:84-326,src/engines_gpl/dflowfm/packages/dflowfm_kernel/src/dflowfm_kernel/compute/s1ini.f90,,84-326,84-330,MOVED,
models/Delft3D/source-analysis/delft3d_dflowfm_compute_core.md,113,s1ini.f90:328-344,src/engines_gpl/dflowfm/packages/dflowfm_kernel/src/dflowfm_kernel/compute/s1ini.f90,,328-344,332-348,MOVED,
models/Delft3D/source-analysis/delft3d_dflowfm_compute_core.md,124,s1ini.f90:346-372,src/engines_gpl/dflowfm/packages/dflowfm_kernel/src/dflowfm_kernel/compute/s1ini.f90,,346-372,350-376,MOVED,
models/Delft3D/source-analysis/delft3d_dflowfm_compute_core.md,126,s1ini.f90:374-376,src/engines_gpl/dflowfm/packages/dflowfm_kernel/src/dflowfm_kernel/compute/s1ini.f90,,374-376,378-380,MOVED,
models/Delft3D/source-analysis/delft3d_dflowfm_compute_core.md,226,step_reduce_hydro.f90:213,src/engines_gpl/dflowfm/packages/dflowfm_kernel/src/dflowfm_kernel/compute/step_reduce_hydro.f90,,213,214,MOVED,
models/Delft3D/source-analysis/delft3d_dflowfm_compute_core.md,227,step_reduce_hydro.f90:273-275,src/engines_gpl/dflowfm/packages/dflowfm_kernel/src/dflowfm_kernel/compute/step_reduce_hydro.f90,,273-275,274-276,MOVED,
models/Delft3D/source-analysis/delft3d_dflowfm_compute_core.md,228,step_reduce_hydro.f90:286-303,src/engines_gpl/dflowfm/packages/dflowfm_kernel/src/dflowfm_kernel/compute/step_reduce_hydro.f90,,286-303,287-304,MOVED,
models/Delft3D/source-analysis/delft3d_dflowfm_compute_core.md,229,step_reduce_hydro.f90:232-255,src/engines_gpl/dflowfm/packages/dflowfm_kernel/src/dflowfm_kernel/compute/step_reduce_hydro.f90,,232-255,233-256,MOVED,
models/Delft3D/source-analysis/delft3d_dflowfm_compute_core.md,243,compute/s1ini.f90:328-344,src/engines_gpl/dflowfm/packages/dflowfm_kernel/src/dflowfm_kernel/compute/s1ini.f90,,328-344,332-348,MOVED,
models/Delft3D/source-analysis/delft3d_dflowfm_compute_core.md,255,"compute/step_reduce_hydro.f90:167,213,273",src/engines_gpl/dflowfm/packages/dflowfm_kernel/src/dflowfm_kernel/compute/step_reduce_hydro.f90,,"167,213,273","168,214,274",MOVED,
models/Delft3D/source-analysis/delft3d_dflowfm_compute_core.md,265,"furu.f90:150,200",src/engines_gpl/dflowfm/packages/dflowfm_kernel/src/dflowfm_kernel/compute/furu.f90,,"150,200","151,200",MOVED,
models/Delft3D/source-analysis/delft3d_dflowfm_data_io.md,43,m_flow.f90:160-161,src/engines_gpl/dflowfm/packages/dflowfm_kernel/src/dflowfm_data/m_flow.f90,,160-161,165-166,REANCHORED,
models/Delft3D/source-analysis/delft3d_dflowfm_data_io.md,44,m_flow.f90:171,src/engines_gpl/dflowfm/packages/dflowfm_kernel/src/dflowfm_data/m_flow.f90,,171,176,REANCHORED,
models/Delft3D/source-analysis/delft3d_dflowfm_data_io.md,45,m_flow.f90:166-167,src/engines_gpl/dflowfm/packages/dflowfm_kernel/src/dflowfm_data/m_flow.f90,,166-167,171-172,REANCHORED,
models/Delft3D/source-analysis/delft3d_dflowfm_data_io.md,46,m_flow.f90:164-165,src/engines_gpl/dflowfm/packages/dflowfm_kernel/src/dflowfm_data/m_flow.f90,,164-165,169-170,REANCHORED,
models/Delft3D/source-analysis/delft3d_dflowfm_data_io.md,47,m_flow.f90:192-194,src/engines_gpl/dflowfm/packages/dflowfm_kernel/src/dflowfm_data/m_flow.f90,,192-194,197-199,REANCHORED,
models/Delft3D/source-analysis/delft3d_dflowfm_data_io.md,47,m_flow.f90:199,src/engines_gpl/dflowfm/packages/dflowfm_kernel/src/dflowfm_data/m_flow.f90,,199,204,REANCHORED,
models/Delft3D/source-analysis/delft3d_dflowfm_data_io.md,50,m_flow.f90:295-296,src/engines_gpl/dflowfm/packages/dflowfm_kernel/src/dflowfm_data/m_flow.f90,,295-296,300-301,REANCHORED,
models/Delft3D/source-analysis/delft3d_dflowfm_data_io.md,51,m_flow.f90:298,src/engines_gpl/dflowfm/packages/dflowfm_kernel/src/dflowfm_data/m_flow.f90,,298,303,REANCHORED,
models/Delft3D/source-analysis/delft3d_dflowfm_data_io.md,52,m_flow.f90:304,src/engines_gpl/dflowfm/packages/dflowfm_kernel/src/dflowfm_data/m_flow.f90,,304,309,REANCHORED,
models/Delft3D/source-analysis/delft3d_dflowfm_data_io.md,53,m_flow.f90:300,src/engines_gpl/dflowfm/packages/dflowfm_kernel/src/dflowfm_data/m_flow.f90,,300,305,REANCHORED,
models/Delft3D/source-analysis/delft3d_dflowfm_data_io.md,56,m_flow.f90:269-270,src/engines_gpl/dflowfm/packages/dflowfm_kernel/src/dflowfm_data/m_flow.f90,,269-270,274-275,REANCHORED,
models/Delft3D/source-analysis/delft3d_dflowfm_data_io.md,57,m_flow.f90:275-276,src/engines_gpl/dflowfm/packages/dflowfm_kernel/src/dflowfm_data/m_flow.f90,,275-276,280-281,REANCHORED,
models/Delft3D/source-analysis/delft3d_dflowfm_data_io.md,59,m_flow.f90:49-156,src/engines_gpl/dflowfm/packages/dflowfm_kernel/src/dflowfm_data/m_flow.f90,,49-156,49-161,MOVED,
models/Delft3D/source-analysis/delft3d_dflowfm_data_io.md,62,m_flow.f90:128-129,src/engines_gpl/dflowfm/packages/dflowfm_kernel/src/dflowfm_data/m_flow.f90,,128-129,133-134,REANCHORED,
models/Delft3D/source-analysis/delft3d_dflowfm_data_io.md,62,m_flow.f90:132-133,src/engines_gpl/dflowfm/packages/dflowfm_kernel/src/dflowfm_data/m_flow.f90,,132-133,137-138,REANCHORED,
models/Delft3D/source-analysis/delft3d_dflowfm_data_io.md,63,m_flow.f90:106,src/engines_gpl/dflowfm/packages/dflowfm_kernel/src/dflowfm_data/m_flow.f90,,106,111,REANCHORED,
models/Delft3D/source-analysis/delft3d_dflowfm_data_io.md,63,m_flow.f90:109-123,src/engines_gpl/dflowfm/packages/dflowfm_kernel/src/dflowfm_data/m_flow.f90,,109-123,114-128,MOVED,
models/Delft3D/source-analysis/delft3d_dflowfm_data_io.md,64,m_flow.f90:70-73,src/engines_gpl/dflowfm/packages/dflowfm_kernel/src/dflowfm_data/m_flow.f90,,70-73,72-75,MOVED,
models/Delft3D/source-analysis/delft3d_dflowfm_data_io.md,70,m_flowgeom.f90:82-86,src/engines_gpl/dflowfm/packages/dflowfm_kernel/src/dflowfm_data/m_flowgeom.f90,,82-86,83-87,MOVED,
models/Delft3D/source-analysis/delft3d_dflowfm_data_io.md,75,m_flowgeom.f90:101,src/engines_gpl/dflowfm/packages/dflowfm_kernel/src/dflowfm_data/m_flowgeom.f90,,101,102,MOVED,
models/Delft3D/source-analysis/delft3d_dflowfm_data_io.md,75,m_flowgeom.f90:102,src/engines_gpl/dflowfm/packages/dflowfm_kernel/src/dflowfm_data/m_flowgeom.f90,,102,103,MOVED,
models/Delft3D/source-analysis/delft3d_dflowfm_data_io.md,75,m_flowgeom.f90:88-93,src/engines_gpl/dflowfm/packages/dflowfm_kernel/src/dflowfm_data/m_flowgeom.f90,,88-93,89-94,MOVED,
models/Delft3D/source-analysis/delft3d_dflowfm_data_io.md,77,m_flowgeom.f90:124-126,src/engines_gpl/dflowfm/packages/dflowfm_kernel/src/dflowfm_data/m_flowgeom.f90,,124-126,125-127,MOVED,
models/Delft3D/source-analysis/delft3d_dflowfm_data_io.md,82,m_flowgeom.f90:127,src/engines_gpl/dflowfm/packages/dflowfm_kernel/src/dflowfm_data/m_flowgeom.f90,,127,128,MOVED,
models/Delft3D/source-analysis/delft3d_dflowfm_data_io.md,82,m_flowgeom.f90:128,src/engines_gpl/dflowfm/packages/dflowfm_kernel/src/dflowfm_data/m_flowgeom.f90,,128,129,MOVED,
models/Delft3D/source-analysis/delft3d_dflowfm_data_io.md,82,m_flowgeom.f90:130,src/engines_gpl/dflowfm/packages/dflowfm_kernel/src/dflowfm_data/m_flowgeom.f90,,130,131,MOVED,
models/Delft3D/source-analysis/delft3d_dflowfm_data_io.md,85,m_flowgeom.f90:103,src/engines_gpl/dflowfm/packages/dflowfm_kernel/src/dflowfm_data/m_flowgeom.f90,,103,104,MOVED,
models/Delft3D/source-analysis/delft3d_dflowfm_data_io.md,85,m_flowgeom.f90:47-56,src/engines_gpl/dflowfm/packages/dflowfm_kernel/src/dflowfm_data/m_flowgeom.f90,,47-56,48-57,MOVED,
models/Delft3D/source-analysis/delft3d_dflowfm_data_io.md,86,m_flowgeom.f90:131,src/engines_gpl/dflowfm/packages/dflowfm_kernel/src/dflowfm_data/m_flowgeom.f90,,131,132,MOVED,
models/Delft3D/source-analysis/delft3d_dflowfm_data_io.md,87,m_flowgeom.f90:133,src/engines_gpl/dflowfm/packages/dflowfm_kernel/src/dflowfm_data/m_flowgeom.f90,,133,134,MOVED,
models/Delft3D/source-analysis/delft3d_dflowfm_data_io.md,88,m_flowgeom.f90:134,src/engines_gpl/dflowfm/packages/dflowfm_kernel/src/dflowfm_data/m_flowgeom.f90,,134,136,MOVED,
models/Delft3D/source-analysis/delft3d_dflowfm_data_io.md,89,m_flowgeom.f90:111,src/engines_gpl/dflowfm/packages/dflowfm_kernel/src/dflowfm_data/m_flowgeom.f90,,111,112,MOVED,
models/Delft3D/source-analysis/delft3d_dflowfm_data_io.md,90,"m_flowgeom.f90:140,142",src/engines_gpl/dflowfm/packages/dflowfm_kernel/src/dflowfm_data/m_flowgeom.f90,,"140,142","142,144",MOVED,
models/Delft3D/source-analysis/delft3d_dflowfm_data_io.md,90,m_flowgeom.f90:141,src/engines_gpl/dflowfm/packages/dflowfm_kernel/src/dflowfm_data/m_flowgeom.f90,,141,143,MOVED,
models/Delft3D/source-analysis/delft3d_dflowfm_data_io.md,91,m_flowgeom.f90:137,src/engines_gpl/dflowfm/packages/dflowfm_kernel/src/dflowfm_data/m_flowgeom.f90,,137,139,MOVED,
models/Delft3D/source-analysis/delft3d_dflowfm_data_io.md,92,m_flowgeom.f90:193-194,src/engines_gpl/dflowfm/packages/dflowfm_kernel/src/dflowfm_data/m_flowgeom.f90,,193-194,195-196,MOVED,
models/Delft3D/source-analysis/delft3d_dflowfm_data_io.md,93,m_flowgeom.f90:163-166,src/engines_gpl/dflowfm/packages/dflowfm_kernel/src/dflowfm_data/m_flowgeom.f90,,163-166,165-168,MOVED,
models/Delft3D/source-analysis/delft3d_dflowfm_data_io.md,93,m_flowgeom.f90:154,src/engines_gpl/dflowfm/packages/dflowfm_kernel/src/dflowfm_data/m_flowgeom.f90,,154,156,MOVED,
models/Delft3D/source-analysis/delft3d_dflowfm_data_io.md,93,m_flowgeom.f90:159-160,src/engines_gpl/dflowfm/packages/dflowfm_kernel/src/dflowfm_data/m_flowgeom.f90,,159-160,161-162,MOVED,
models/Delft3D/source-analysis/delft3d_dflowfm_data_io.md,97,m_transport.f90:33-43,src/engines_gpl/dflowfm/packages/dflowfm_kernel/src/dflowfm_data/m_transport.f90,,33-43,30-40,MOVED,
models/Delft3D/source-analysis/delft3d_dflowfm_data_io.md,99,"m_transport.f90:40,55-56",src/engines_gpl/dflowfm/packages/dflowfm_kernel/src/dflowfm_data/m_transport.f90,,"40,55-56",,UNRESOLVED_SOURCE_REFERENCE,UNRESOLVED_SOURCE_REFERENCE: ITRA1/ITRAN 주석이 새 m_transport.f90 에 없음 — 서술만 남음
models/Delft3D/source-analysis/delft3d_dflowfm_data_io.md,101,m_transport.f90:45,src/engines_gpl/dflowfm/packages/dflowfm_kernel/src/dflowfm_data/m_transport.f90,,45,41,MOVED,
models/Delft3D/source-analysis/delft3d_dflowfm_data_io.md,102,m_transport.f90:48,src/engines_gpl/dflowfm/packages/dflowfm_kernel/src/dflowfm_data/m_transport.f90,,48,,UNRESOLVED_SOURCE_REFERENCE,UNRESOLVED_SOURCE_REFERENCE: NUMCONST 선언이 새 m_transport.f90 에 없음(다중 모듈 use 로 분산)
models/Delft3D/source-analysis/delft3d_dflowfm_data_io.md,102,m_transport.f90:50-51,src/engines_gpl/dflowfm/packages/dflowfm_kernel/src/dflowfm_data/m_transport.f90,,50-51,49-50,MOVED,
models/Delft3D/source-analysis/delft3d_dflowfm_data_io.md,103,m_transport.f90:62,src/engines_gpl/dflowfm/packages/dflowfm_kernel/src/dflowfm_data/m_transport.f90,,62,62,REANCHORED,
models/Delft3D/source-analysis/delft3d_dflowfm_data_io.md,106,m_transport.f90:72,src/engines_gpl/dflowfm/packages/dflowfm_kernel/src/dflowfm_data/m_transport.f90,,72,73,MOVED,
models/Delft3D/source-analysis/delft3d_dflowfm_data_io.md,106,m_transport.f90:77-78,src/engines_gpl/dflowfm/packages/dflowfm_kernel/src/dflowfm_data/m_transport.f90,,77-78,79-80,MOVED,
models/Delft3D/source-analysis/delft3d_dflowfm_data_io.md,106,m_transport.f90:96-97,src/engines_gpl/dflowfm/packages/dflowfm_kernel/src/dflowfm_data/m_transport.f90,,96-97,98-99,MOVED,
models/Delft3D/source-analysis/delft3d_dflowfm_data_io.md,106,m_transport.f90:101-103,src/engines_gpl/dflowfm/packages/dflowfm_kernel/src/dflowfm_data/m_transport.f90,,101-103,103-105,MOVED,
models/Delft3D/source-analysis/delft3d_dflowfm_data_io.md,110,m_flowparameters.f90:39,src/engines_gpl/dflowfm/packages/dflowfm_kernel/src/dflowfm_data/m_flowparameters.f90,,39,40,MOVED,
models/Delft3D/source-analysis/delft3d_dflowfm_data_io.md,111,m_flowparameters.f90:40-46,src/engines_gpl/dflowfm/packages/dflowfm_kernel/src/dflowfm_data/m_flowparameters.f90,,40-46,41-47,MOVED,
models/Delft3D/source-analysis/delft3d_dflowfm_data_io.md,112,m_flowparameters.f90:60-74,src/engines_gpl/dflowfm/packages/dflowfm_kernel/src/dflowfm_data/m_flowparameters.f90,,60-74,61-75,MOVED,
models/Delft3D/source-analysis/delft3d_dflowfm_data_io.md,113,m_flowparameters.f90:82-84,src/engines_gpl/dflowfm/packages/dflowfm_kernel/src/dflowfm_data/m_flowparameters.f90,,82-84,83-85,MOVED,
models/Delft3D/source-analysis/delft3d_dflowfm_data_io.md,162,unstruc_netcdf.f90:85-86,src/engines_gpl/dflowfm/packages/dflowfm_kernel/src/dflowfm_io/unstruc_netcdf.f90,src/engines_gpl/dflowfm/packages/dflowfm_kernel/src/dflowfm_data/unstruc_netcdf_data.f90,85-86,26,RELOCATED,모듈 분리 — signature 유일 일치
models/Delft3D/source-analysis/delft3d_dflowfm_data_io.md,162,unstruc_netcdf.f90:5285-5312,src/engines_gpl/dflowfm/packages/dflowfm_kernel/src/dflowfm_io/unstruc_netcdf.f90,,5285-5312,3727-3763,MOVED,
models/Delft3D/source-analysis/delft3d_dflowfm_data_io.md,164,unstruc_netcdf.f90:71-77,src/engines_gpl/dflowfm/packages/dflowfm_kernel/src/dflowfm_io/unstruc_netcdf.f90,src/engines_gpl/dflowfm/packages/dflowfm_kernel/src/dflowfm_data/unstruc_netcdf_data.f90,71-77,18,RELOCATED,모듈 분리 — 주석 블록 확인
models/Delft3D/source-analysis/delft3d_dflowfm_data_io.md,164,unstruc_netcdf.f90:74,src/engines_gpl/dflowfm/packages/dflowfm_kernel/src/dflowfm_io/unstruc_netcdf.f90,src/engines_gpl/dflowfm/packages/dflowfm_kernel/src/dflowfm_data/unstruc_netcdf_data.f90,74,21,RELOCATED,모듈 분리 — signature 유일 일치
models/Delft3D/source-analysis/delft3d_dflowfm_data_io.md,164,unstruc_netcdf.f90:75-77,src/engines_gpl/dflowfm/packages/dflowfm_kernel/src/dflowfm_io/unstruc_netcdf.f90,src/engines_gpl/dflowfm/packages/dflowfm_kernel/src/dflowfm_data/unstruc_netcdf_data.f90,75-77,22,RELOCATED,모듈 분리 — signature 유일 일치
models/Delft3D/source-analysis/delft3d_dflowfm_data_io.md,165,unstruc_netcdf.f90:2469,src/engines_gpl/dflowfm/packages/dflowfm_kernel/src/dflowfm_io/unstruc_netcdf.f90,,2469,895,MOVED,
models/Delft3D/source-analysis/delft3d_dflowfm_data_io.md,167,unstruc_netcdf.f90:2518,src/engines_gpl/dflowfm/packages/dflowfm_kernel/src/dflowfm_io/unstruc_netcdf.f90,,2518,952,MOVED,
models/Delft3D/source-analysis/delft3d_dflowfm_data_io.md,169,unstruc_netcdf.f90:104-125,src/engines_gpl/dflowfm/packages/dflowfm_kernel/src/dflowfm_io/unstruc_netcdf.f90,src/engines_gpl/dflowfm/packages/dflowfm_kernel/src/dflowfm_data/unstruc_netcdf_data.f90,104-125,45,RELOCATED,모듈 분리 — forbidden 속성 목록
models/Delft3D/source-analysis/delft3d_dflowfm_data_io.md,169,unstruc_netcdf.f90:127-133,src/engines_gpl/dflowfm/packages/dflowfm_kernel/src/dflowfm_io/unstruc_netcdf.f90,src/engines_gpl/dflowfm/packages/dflowfm_kernel/src/dflowfm_data/unstruc_netcdf_data.f90,127-133,68,RELOCATED,모듈 분리 — 환경변수 속성 목록
models/Delft3D/source-analysis/delft3d_dflowfm_data_io.md,172,unstruc_netcdf.f90:139-185,src/engines_gpl/dflowfm/packages/dflowfm_kernel/src/dflowfm_io/unstruc_netcdf.f90,src/engines_gpl/dflowfm/packages/dflowfm_kernel/src/dflowfm_data/unstruc_netcdf_data.f90,139-185,80,RELOCATED,모듈 분리 — signature 유일 일치
models/Delft3D/source-analysis/delft3d_dflowfm_data_io.md,172,unstruc_netcdf.f90:181,src/engines_gpl/dflowfm/packages/dflowfm_kernel/src/dflowfm_io/unstruc_netcdf.f90,src/engines_gpl/dflowfm/packages/dflowfm_kernel/src/dflowfm_data/unstruc_netcdf_data.f90,181,122,RELOCATED,모듈 분리 — signature 유일 일치
models/Delft3D/source-analysis/delft3d_dflowfm_data_io.md,173,unstruc_netcdf.f90:190,src/engines_gpl/dflowfm/packages/dflowfm_kernel/src/dflowfm_io/unstruc_netcdf.f90,src/engines_gpl/dflowfm/packages/dflowfm_kernel/src/dflowfm_data/unstruc_netcdf_data.f90,190,131,RELOCATED,모듈 분리 — signature 유일 일치
models/Delft3D/source-analysis/delft3d_dflowfm_data_io.md,173,"unstruc_netcdf.f90:97,232-243",src/engines_gpl/dflowfm/packages/dflowfm_kernel/src/dflowfm_io/unstruc_netcdf.f90,src/engines_gpl/dflowfm/packages/dflowfm_kernel/src/dflowfm_data/unstruc_netcdf_data.f90,"97,232-243",38,RELOCATED,모듈 분리 — signature 유일 일치
models/Delft3D/source-analysis/delft3d_dflowfm_data_io.md,176,unstruc_netcdf.f90:5273,src/engines_gpl/dflowfm/packages/dflowfm_kernel/src/dflowfm_io/unstruc_netcdf.f90,,5273,3714,MOVED,
models/Delft3D/source-analysis/delft3d_dflowfm_data_io.md,176,unstruc_netcdf.f90:5312,src/engines_gpl/dflowfm/packages/dflowfm_kernel/src/dflowfm_io/unstruc_netcdf.f90,,5312,3763,MOVED,
models/Delft3D/source-analysis/delft3d_dflowfm_data_io.md,176,unstruc_netcdf.f90:8282,src/engines_gpl/dflowfm/packages/dflowfm_kernel/src/dflowfm_io/unstruc_netcdf.f90,,8282,6663,MOVED,
models/Delft3D/source-analysis/delft3d_dflowfm_data_io.md,177,"unstruc_netcdf.f90:2931,2950",src/engines_gpl/dflowfm/packages/dflowfm_kernel/src/dflowfm_io/unstruc_netcdf.f90,,"2931,2950","1365,1384",MOVED,
models/Delft3D/source-analysis/delft3d_dflowfm_data_io.md,178,"unstruc_netcdf.f90:11197,11903",src/engines_gpl/dflowfm/packages/dflowfm_kernel/src/dflowfm_io/unstruc_netcdf.f90,,"11197,11903","9557,10264",MOVED,
models/Delft3D/source-analysis/delft3d_dflowfm_data_io.md,179,unstruc_netcdf.f90:15405,src/engines_gpl/dflowfm/packages/dflowfm_kernel/src/dflowfm_io/unstruc_netcdf.f90,,15405,13801,MOVED,
models/Delft3D/source-analysis/delft3d_dflowfm_data_io.md,179,unstruc_netcdf.f90:15665,src/engines_gpl/dflowfm/packages/dflowfm_kernel/src/dflowfm_io/unstruc_netcdf.f90,,15665,13915,MOVED,
models/Delft3D/source-analysis/delft3d_dflowfm_data_io.md,180,"unstruc_netcdf.f90:2750,2826",src/engines_gpl/dflowfm/packages/dflowfm_kernel/src/dflowfm_io/unstruc_netcdf.f90,,"2750,2826","1184,1260",MOVED,
models/Delft3D/source-analysis/delft3d_dflowfm_data_io.md,182,unstruc_netcdf.f90:843,src/engines_gpl/dflowfm/packages/dflowfm_kernel/src/dflowfm_io/unstruc_netcdf.f90,,843,337,MOVED,
models/Delft3D/source-analysis/delft3d_dflowfm_data_io.md,182,"unstruc_netcdf.f90:1380,1411,1349,1711",src/engines_gpl/dflowfm/packages/dflowfm_kernel/src/dflowfm_io/unstruc_netcdf.f90,src/engines_gpl/dflowfm/packages/dflowfm_kernel/src/python/generate_unc_put_var_map.py,"1380,1411,1349,1711",32,RELOCATED,코드 생성으로 전환 — unc_put_var_map_* 는 빌드 시 generate_unc_put_var_map.py 가 생성(CMakeLists:87-88)
models/Delft3D/source-analysis/delft3d_dflowfm_data_io.md,185,"unstruc_netcdf.f90:12975,12433",src/engines_gpl/dflowfm/packages/dflowfm_kernel/src/dflowfm_io/unstruc_netcdf.f90,,"12975,12433","11336,10794",MOVED,
models/Delft3D/source-analysis/delft3d_dflowfm_data_io.md,186,unstruc_netcdf.f90:13445,src/engines_gpl/dflowfm/packages/dflowfm_kernel/src/dflowfm_io/unstruc_netcdf.f90,,13445,11838,MOVED,
models/Delft3D/source-analysis/delft3d_dflowfm_data_io.md,187,unstruc_netcdf.f90:14818,src/engines_gpl/dflowfm/packages/dflowfm_kernel/src/dflowfm_io/unstruc_netcdf.f90,,14818,13214,MOVED,
models/Delft3D/source-analysis/delft3d_dflowfm_data_io.md,187,"unstruc_netcdf.f90:13270,13215",src/engines_gpl/dflowfm/packages/dflowfm_kernel/src/dflowfm_io/unstruc_netcdf.f90,,"13270,13215","11663,11608",MOVED,
models/Delft3D/source-analysis/delft3d_dflowfm_data_io.md,191,unc_write_his.F90:84,src/engines_gpl/dflowfm/packages/dflowfm_kernel/src/dflowfm_io/unc_write_his.F90,,84,87,MOVED,
models/Delft3D/source-analysis/delft3d_dflowfm_data_io.md,191,unc_write_his.F90:49-64,src/engines_gpl/dflowfm/packages/dflowfm_kernel/src/dflowfm_io/unc_write_his.F90,src/engines_gpl/dflowfm/packages/dflowfm_kernel/src/dflowfm_io/unc_write_his.F90,49-64,49,RELOCATED,모듈 분리 — signature 유일 일치
models/Delft3D/source-analysis/delft3d_dflowfm_data_io.md,195,wrimap.f90:79-92,src/engines_gpl/dflowfm/packages/dflowfm_kernel/src/dflowfm_io/wrimap.f90,,79-92,89-102,MOVED,
models/Delft3D/source-analysis/delft3d_dflowfm_data_io.md,195,wrimap.f90:106,src/engines_gpl/dflowfm/packages/dflowfm_kernel/src/dflowfm_io/wrimap.f90,,106,116,MOVED,
models/Delft3D/source-analysis/delft3d_dflowfm_data_io.md,195,wrimap.f90:112,src/engines_gpl/dflowfm/packages/dflowfm_kernel/src/dflowfm_io/wrimap.f90,,112,122,MOVED,
models/Delft3D/source-analysis/delft3d_dflowfm_data_io.md,195,wrimap.f90:116-120,src/engines_gpl/dflowfm/packages/dflowfm_kernel/src/dflowfm_io/wrimap.f90,,116-120,126-130,MOVED,
models/Delft3D/source-analysis/delft3d_dflowfm_data_io.md,228,unstruc_model.f90:60-61,src/engines_gpl/dflowfm/packages/dflowfm_kernel/src/dflowfm_data/unstruc_model.f90,src/engines_gpl/dflowfm/packages/dflowfm_kernel/src/dflowfm_data/m_unstruc_model_data.f90,60-61,24,RELOCATED,모듈 분리 — signature 유일 일치
models/Delft3D/source-analysis/delft3d_dflowfm_data_io.md,228,unstruc_model.f90:63-73,src/engines_gpl/dflowfm/packages/dflowfm_kernel/src/dflowfm_data/unstruc_model.f90,src/engines_gpl/dflowfm/packages/dflowfm_kernel/src/dflowfm_data/m_unstruc_model_data.f90,63-73,27,RELOCATED,모듈 분리 — History 주석
models/Delft3D/source-analysis/delft3d_dflowfm_data_io.md,230,unstruc_model.f90:101,src/engines_gpl/dflowfm/packages/dflowfm_kernel/src/dflowfm_data/unstruc_model.f90,src/engines_gpl/dflowfm/packages/dflowfm_kernel/src/dflowfm_data/m_unstruc_model_data.f90,101,65,RELOCATED,모듈 분리 — md_ptr 선언(동명 심볼 중 tree_data pointer 확인)
models/Delft3D/source-analysis/delft3d_dflowfm_data_io.md,230,unstruc_model.f90:103,src/engines_gpl/dflowfm/packages/dflowfm_kernel/src/dflowfm_data/unstruc_model.f90,src/engines_gpl/dflowfm/packages/dflowfm_kernel/src/dflowfm_data/m_unstruc_model_data.f90,103,67,RELOCATED,모듈 분리 — md_ident 선언
models/Delft3D/source-analysis/delft3d_dflowfm_data_io.md,231,unstruc_model.f90:113-122,src/engines_gpl/dflowfm/packages/dflowfm_kernel/src/dflowfm_data/unstruc_model.f90,src/engines_gpl/dflowfm/packages/dflowfm_kernel/src/dflowfm_data/m_unstruc_model_data.f90,113-122,77,RELOCATED,모듈 분리 — 파일명 변수군 시작
models/Delft3D/source-analysis/delft3d_dflowfm_data_io.md,237,m_flow.f90:128-133,src/engines_gpl/dflowfm/packages/dflowfm_kernel/src/dflowfm_data/m_flow.f90,,128-133,133-138,REANCHORED,
models/Delft3D/source-analysis/delft3d_dflowfm_data_io.md,238,"m_flowgeom.f90:82-86,124-126",src/engines_gpl/dflowfm/packages/dflowfm_kernel/src/dflowfm_data/m_flowgeom.f90,,"82-86,124-126","83-87,125-127",MOVED,
models/Delft3D/source-analysis/delft3d_dflowfm_kernel_scheme.md,53,m_flowparameters.f90:851,src/engines_gpl/dflowfm/packages/dflowfm_kernel/src/dflowfm_data/m_flowparameters.f90,,851,886,MOVED,
models/Delft3D/source-analysis/delft3d_dflowfm_kernel_scheme.md,53,unstruc_model.f90:1209,src/engines_gpl/dflowfm/packages/dflowfm_kernel/src/dflowfm_data/unstruc_model.f90,,1209,1028,MOVED,
models/Delft3D/source-analysis/delft3d_dflowfm_kernel_scheme.md,53,flow_geominit.f90:958,src/engines_gpl/dflowfm/packages/dflowfm_kernel/src/dflowfm_kernel/prepost/flow_geominit.f90,,958,947,MOVED,
models/Delft3D/source-analysis/delft3d_dflowfm_kernel_scheme.md,53,ini_transport.f90:160,src/engines_gpl/dflowfm/packages/dflowfm_kernel/src/dflowfm_kernel/compute_transport/ini_transport.f90,,160,163,REANCHORED,
models/Delft3D/source-analysis/delft3d_dflowfm_prepost.md,137,find1dcells.f90:51,src/engines_gpl/dflowfm/packages/dflowfm_kernel/src/dflowfm_kernel/prepost/find1dcells.f90,,51,52,MOVED,
models/Delft3D/source-analysis/delft3d_dflowfm_transport_sediment.md,67,comp_fluxhor3d.f90:208,src/engines_gpl/dflowfm/packages/dflowfm_kernel/src/dflowfm_kernel/compute_transport/comp_fluxhor3d.f90,,208,209,MOVED,
models/Delft3D/source-analysis/delft3d_dflowfm_transport_sediment.md,75,comp_fluxhor3d.f90:288-302,src/engines_gpl/dflowfm/packages/dflowfm_kernel/src/dflowfm_kernel/compute_transport/comp_fluxhor3d.f90,,288-302,289-303,MOVED,
models/Delft3D/source-analysis/delft3d_dflowfm_transport_sediment.md,85,comp_fluxhor3d.f90:314-410,src/engines_gpl/dflowfm/packages/dflowfm_kernel/src/dflowfm_kernel/compute_transport/comp_fluxhor3d.f90,,314-410,315-413,MOVED,
models/Delft3D/source-analysis/delft3d_dflowfm_transport_sediment.md,149,ini_transport.f90:111-131,src/engines_gpl/dflowfm/packages/dflowfm_kernel/src/dflowfm_kernel/compute_transport/ini_transport.f90,,111-131,107-127,MOVED,
models/Delft3D/source-analysis/delft3d_dflowfm_transport_sediment.md,168,fill_constituents.f90:251-252,src/engines_gpl/dflowfm/packages/dflowfm_kernel/src/dflowfm_kernel/compute_transport/fill_constituents.f90,,251-252,256-257,MOVED,
models/Delft3D/source-analysis/delft3d_dflowfm_transport_sediment.md,173,fill_constituents.f90:246-256,src/engines_gpl/dflowfm/packages/dflowfm_kernel/src/dflowfm_kernel/compute_transport/fill_constituents.f90,,246-256,251-261,MOVED,
models/Delft3D/source-analysis/delft3d_dflowfm_transport_sediment.md,180,fm_erosed.f90:53-58,src/engines_gpl/dflowfm/packages/dflowfm_kernel/src/dflowfm_kernel/compute_sediment/fm_erosed.f90,,53-58,61-66,MOVED,
models/Delft3D/source-analysis/delft3d_dflowfm_transport_sediment.md,195,fm_upwbed.f90:133-146,src/engines_gpl/dflowfm/packages/dflowfm_kernel/src/dflowfm_kernel/compute_sediment/fm_upwbed.f90,,133-146,134-147,MOVED,
models/Delft3D/source-analysis/delft3d_dflowfm_transport_sediment.md,218,m_fm_bott3d.f90:1146,src/engines_gpl/dflowfm/packages/dflowfm_kernel/src/dflowfm_kernel/compute_sediment/m_fm_bott3d.f90,,1146,1177,REANCHORED,
models/Delft3D/source-analysis/delft3d_dflowfm_transport_sediment.md,278,ini_transport.f90:79-109,src/engines_gpl/dflowfm/packages/dflowfm_kernel/src/dflowfm_kernel/compute_transport/ini_transport.f90,,79-109,75-105,MOVED,
models/Delft3D/source-analysis/delft3d_dflowfm_transport_sediment.md,282,fill_constituents.f90:251-252,src/engines_gpl/dflowfm/packages/dflowfm_kernel/src/dflowfm_kernel/compute_transport/fill_constituents.f90,,251-252,256-257,MOVED,
models/Delft3D/source-analysis/delft3d_dflowfm_waves.md,41,m_waveconst.f90:24-28,src/engines_gpl/dflowfm/packages/dflowfm_kernel/src/dflowfm_data/m_waveconst.f90,,24-28,36-40,MOVED,
models/Delft3D/source-analysis/delft3d_dflowfm_waves.md,49,compute_wave_forcing_rhs.f90:84-107,src/engines_gpl/dflowfm/packages/dflowfm_kernel/src/dflowfm_kernel/compute_waves/compute_wave_forcing_rhs.f90,,84-107,84-108,MOVED,
models/Delft3D/source-analysis/delft3d_dflowfm_waves.md,50,compute_wave_forcing_rhs.f90:110-114,src/engines_gpl/dflowfm/packages/dflowfm_kernel/src/dflowfm_kernel/compute_waves/compute_wave_forcing_rhs.f90,,110-114,111-115,MOVED,
models/Delft3D/source-analysis/delft3d_dflowfm_waves.md,73,setwavfu.f90:159,src/engines_gpl/dflowfm/packages/dflowfm_kernel/src/dflowfm_kernel/compute_waves/setwavfu.f90,,159,195,REANCHORED,
models/Delft3D/source-analysis/delft3d_dflowfm_waves.md,73,setwavfu.f90:196-199,src/engines_gpl/dflowfm/packages/dflowfm_kernel/src/dflowfm_kernel/compute_waves/setwavfu.f90,,196-199,199-204,MOVED,
models/Delft3D/source-analysis/delft3d_dflowfm_waves.md,74,setwavfu.f90:71-81,src/engines_gpl/dflowfm/packages/dflowfm_kernel/src/dflowfm_kernel/compute_waves/setwavfu.f90,,71-81,75-85,MOVED,
models/Delft3D/source-analysis/delft3d_dflowfm_waves.md,80,wave_comp_stokes_velocities.f90:81,src/engines_gpl/dflowfm/packages/dflowfm_kernel/src/dflowfm_kernel/compute_waves/wave_comp_stokes_velocities.f90,src/engines_gpl/dflowfm/packages/dflowfm_kernel/src/dflowfm_kernel/compute_waves/wave_comp_stokes_velocities.f90,81,81,REANCHORED,"같은 파일, 식 표기 변경"
models/Delft3D/source-analysis/delft3d_dflowfm_waves.md,85,compute_wave_parameters.f90:86-88,src/engines_gpl/dflowfm/packages/dflowfm_kernel/src/dflowfm_kernel/compute_waves/compute_wave_parameters.f90,,86-88,88-90,MOVED,
models/Delft3D/source-analysis/delft3d_dflowfm_waves.md,90,compute_wave_parameters.f90:176-179,src/engines_gpl/dflowfm/packages/dflowfm_kernel/src/dflowfm_kernel/compute_waves/compute_wave_parameters.f90,,176-179,149-152,MOVED,
models/Delft3D/source-analysis/delft3d_dflowfm_waves.md,131,xbeachwaves.f90:3217,src/engines_gpl/dflowfm/packages/dflowfm_kernel/src/dflowfm_kernel/compute_waves/surfbeat/xbeachwaves.f90,,3217,3218,MOVED,
models/Delft3D/source-analysis/delft3d_dflowfm_waves.md,148,xbeachwaves.f90:2222,src/engines_gpl/dflowfm/packages/dflowfm_kernel/src/dflowfm_kernel/compute_waves/surfbeat/xbeachwaves.f90,,2222,2223,MOVED,
models/Delft3D/source-analysis/delft3d_dflowfm_waves.md,161,xbeachwaves.f90:6040,src/engines_gpl/dflowfm/packages/dflowfm_kernel/src/dflowfm_kernel/compute_waves/surfbeat/xbeachwaves.f90,,6040,6042,MOVED,
models/Delft3D/source-analysis/delft3d_dflowfm_waves.md,176,compute_wave_parameters.f90:86,src/engines_gpl/dflowfm/packages/dflowfm_kernel/src/dflowfm_kernel/compute_waves/compute_wave_parameters.f90,,86,88,MOVED,
models/Delft3D/source-analysis/delft3d_dflowfm_waves.md,177,compute_wave_forcing_rhs.f90:117-123,src/engines_gpl/dflowfm/packages/dflowfm_kernel/src/dflowfm_kernel/compute_waves/compute_wave_forcing_rhs.f90,,117-123,118-124,MOVED,
models/Delft3D/source-analysis/delft3d_dflowfm_waves.md,182,setwavfu.f90:159,src/engines_gpl/dflowfm/packages/dflowfm_kernel/src/dflowfm_kernel/compute_waves/setwavfu.f90,,159,195,REANCHORED,
models/Delft3D/source-analysis/delft3d_dredge_dump.md,20,"utils_gpl/morphology/packages/morphology_kernel/src/dredge.f90:30-37, 99-126, 176-1655",src/utils_gpl/morphology/packages/morphology_kernel/src/dredge.f90,,"30-37,99-126,176-1655","28-35,95-122,171-1648",MOVED,
models/Delft3D/source-analysis/delft3d_dredge_dump.md,21,flow2d3d/packages/flow2d3d_kernel/src/compute_sediment/dredge_d3d4.f90:1-137,src/engines_gpl/flow2d3d/packages/flow2d3d_kernel/src/compute_sediment/dredge_d3d4.f90,,1-137,1-141,MOVED,
models/Delft3D/source-analysis/delft3d_dredge_dump.md,23,flow2d3d/packages/flow2d3d_kernel/src/main/bott3d.f90:775-1285,src/engines_gpl/flow2d3d/packages/flow2d3d_kernel/src/compute_sediment/bott3d.f90,,775-1285,784-1303,MOVED,
models/Delft3D/source-analysis/delft3d_dredge_dump.md,23,z_bott3d.f90:1264-1267,src/engines_gpl/flow2d3d/packages/flow2d3d_kernel/src/compute_sediment/z_bott3d.f90,,1264-1267,1333-1336,MOVED,
models/Delft3D/source-analysis/delft3d_dredge_dump.md,40,bott3d.f90:1282-1285,src/engines_gpl/flow2d3d/packages/flow2d3d_kernel/src/compute_sediment/bott3d.f90,,1282-1285,1300-1303,MOVED,
models/Delft3D/source-analysis/delft3d_dredge_dump.md,41,z_bott3d.f90:1264-1267,src/engines_gpl/flow2d3d/packages/flow2d3d_kernel/src/compute_sediment/z_bott3d.f90,,1264-1267,1333-1336,MOVED,
models/Delft3D/source-analysis/delft3d_dredge_dump.md,53,dredge.f90:176-180,src/utils_gpl/morphology/packages/morphology_kernel/src/dredge.f90,,176-180,171-175,MOVED,
models/Delft3D/source-analysis/delft3d_dredge_dump.md,62,dredge.f90:514-551,src/utils_gpl/morphology/packages/morphology_kernel/src/dredge.f90,,514-551,508-545,MOVED,
models/Delft3D/source-analysis/delft3d_dredge_dump.md,68,dredge.f90:514-645,src/utils_gpl/morphology/packages/morphology_kernel/src/dredge.f90,,514-645,508-639,MOVED,
models/Delft3D/source-analysis/delft3d_dredge_dump.md,73,dredge.f90:375-379,src/utils_gpl/morphology/packages/morphology_kernel/src/dredge.f90,,375-379,369-373,MOVED,
models/Delft3D/source-analysis/delft3d_dredge_dump.md,80,dredge.f90:1154-1159,src/utils_gpl/morphology/packages/morphology_kernel/src/dredge.f90,,1154-1159,1148-1153,MOVED,
models/Delft3D/source-analysis/delft3d_dredge_dump.md,84,bott3d.f90:775-776,src/engines_gpl/flow2d3d/packages/flow2d3d_kernel/src/compute_sediment/bott3d.f90,,775-776,784-785,MOVED,
models/Delft3D/source-analysis/delft3d_dredge_dump.md,90,dredge.f90:1184-1187,src/utils_gpl/morphology/packages/morphology_kernel/src/dredge.f90,,1184-1187,1178-1181,MOVED,
models/Delft3D/source-analysis/delft3d_dredge_dump.md,116,dredge.f90:1275-1279,src/utils_gpl/morphology/packages/morphology_kernel/src/dredge.f90,,1275-1279,1268-1272,MOVED,
models/Delft3D/source-analysis/delft3d_dredge_dump.md,132,bott3d.f90:1027-1088,src/engines_gpl/flow2d3d/packages/flow2d3d_kernel/src/compute_sediment/bott3d.f90,,1027-1088,1043-1104,MOVED,
models/Delft3D/source-analysis/delft3d_dredge_dump.md,137,dredge_d3d4.f90:121-137,src/engines_gpl/flow2d3d/packages/flow2d3d_kernel/src/compute_sediment/dredge_d3d4.f90,,121-137,122-141,MOVED,
models/Delft3D/source-analysis/delft3d_dredge_dump.md,143,dredge.f90:99-126,src/utils_gpl/morphology/packages/morphology_kernel/src/dredge.f90,,99-126,95-122,MOVED,
models/Delft3D/source-analysis/delft3d_dredge_dump.md,149,dredge.f90:37-40,src/utils_gpl/morphology/packages/morphology_kernel/src/dredge.f90,,37-40,35-38,MOVED,
models/Delft3D/source-analysis/delft3d_dredge_dump.md,159,dredge.f90:1184-1187,src/utils_gpl/morphology/packages/morphology_kernel/src/dredge.f90,,1184-1187,1178-1181,MOVED,
models/Delft3D/source-analysis/delft3d_flow2d3d_inichk_general.md,91,inchkr.f90:747,src/engines_gpl/flow2d3d/packages/flow2d3d_kernel/src/inichk/inchkr.f90,,747,745,MOVED,
models/Delft3D/source-analysis/delft3d_flow2d3d_io.md,162,output/wrh_main.f90:329-330,src/engines_gpl/flow2d3d/packages/flow2d3d_io/src/output/wrh_main.f90,,329-330,327-328,MOVED,
models/Delft3D/source-analysis/delft3d_flow2d3d_io.md,167,output/wrh_main.f90:365-368,src/engines_gpl/flow2d3d/packages/flow2d3d_io/src/output/wrh_main.f90,,365-368,363-366,MOVED,
models/Delft3D/source-analysis/delft3d_flow2d3d_io.md,173,output/wrh_main.f90:371-373,src/engines_gpl/flow2d3d/packages/flow2d3d_io/src/output/wrh_main.f90,,371-373,369-371,MOVED,
models/Delft3D/source-analysis/delft3d_flow2d3d_io.md,174,output/wrh_main.f90:382-387,src/engines_gpl/flow2d3d/packages/flow2d3d_io/src/output/wrh_main.f90,,382-387,380-385,MOVED,
models/Delft3D/source-analysis/delft3d_flow2d3d_io.md,175,output/wrh_main.f90:392-405,src/engines_gpl/flow2d3d/packages/flow2d3d_io/src/output/wrh_main.f90,,392-405,390-403,MOVED,
models/Delft3D/source-analysis/delft3d_flow2d3d_io.md,177,output/wrh_main.f90:527-529,src/engines_gpl/flow2d3d/packages/flow2d3d_io/src/output/wrh_main.f90,,527-529,525-527,MOVED,
models/Delft3D/source-analysis/delft3d_flow2d3d_io.md,207,output/wrh_main.f90:329-534,src/engines_gpl/flow2d3d/packages/flow2d3d_io/src/output/wrh_main.f90,,329-534,327-532,MOVED,
models/Delft3D/source-analysis/delft3d_forfil_forester_filter.md,21,"trisol.f90:2104,3177",src/engines_gpl/flow2d3d/packages/flow2d3d_kernel/src/main/trisol.f90,,"2104,3177","2106,3179",MOVED,
models/Delft3D/source-analysis/delft3d_sediment_morphology.md,43,erosed.f90:70-71,src/engines_gpl/flow2d3d/packages/flow2d3d_kernel/src/compute_sediment/erosed.f90,,70-71,74-75,MOVED,
models/Delft3D/source-analysis/delft3d_sediment_morphology.md,47,erosed.f90:46-58,src/engines_gpl/flow2d3d/packages/flow2d3d_kernel/src/compute_sediment/erosed.f90,,46-58,50-62,MOVED,
models/Delft3D/source-analysis/delft3d_sediment_morphology.md,94,erosed.f90:71,src/engines_gpl/flow2d3d/packages/flow2d3d_kernel/src/compute_sediment/erosed.f90,,71,75,MOVED,
models/Delft3D/source-analysis/delft3d_sediment_transport_formulae.md,7,erosed.f90:1074,src/engines_gpl/flow2d3d/packages/flow2d3d_kernel/src/compute_sediment/erosed.f90,,1074,1103,MOVED,
models/Delft3D/source-analysis/delft3d_sediment_transport_formulae.md,7,erosed.f90:1221,src/engines_gpl/flow2d3d/packages/flow2d3d_kernel/src/compute_sediment/erosed.f90,,1221,1256,MOVED,
models/Delft3D/source-analysis/delft3d_sediment_transport_formulae.md,7,erosed.f90:880,src/engines_gpl/flow2d3d/packages/flow2d3d_kernel/src/compute_sediment/erosed.f90,,880,903,MOVED,
models/Delft3D/source-analysis/delft3d_sediment_transport_formulae.md,24,erosed.f90:1074,src/engines_gpl/flow2d3d/packages/flow2d3d_kernel/src/compute_sediment/erosed.f90,,1074,1103,MOVED,
models/Delft3D/source-analysis/delft3d_sediment_transport_formulae.md,28,erosilt.f90:160,src/utils_gpl/morphology/packages/morphology_kernel/src/erosilt.f90,,160,193,REANCHORED,
models/Delft3D/source-analysis/delft3d_sediment_transport_formulae.md,83,erosed.f90:1221,src/engines_gpl/flow2d3d/packages/flow2d3d_kernel/src/compute_sediment/erosed.f90,,1221,1256,MOVED,
models/Delft3D/source-analysis/delft3d_sediment_transport_formulae.md,113,erosed.f90:880,src/engines_gpl/flow2d3d/packages/flow2d3d_kernel/src/compute_sediment/erosed.f90,,880,903,MOVED,
models/Delft3D/source-analysis/delft3d_sediment_transport_formulae.md,113,compbsskin.f90:82-83,src/utils_gpl/morphology/packages/morphology_kernel/src/compbsskin.f90,,82-83,83-84,MOVED,
models/Delft3D/source-analysis/delft3d_sigma_z.md,26,flow2d3d_kernel/src/compute/dens.f90:180-187,src/engines_gpl/flow2d3d/packages/flow2d3d_kernel/src/compute/dens.f90,,180-187,181-188,MOVED,
models/Delft3D/source-analysis/delft3d_sigma_z.md,26,dengra.f90:213-403,src/engines_gpl/flow2d3d/packages/flow2d3d_kernel/src/compute/dengra.f90,,213-403,214-404,MOVED,
models/Delft3D/source-analysis/delft3d_sigma_z.md,75,dens.f90:180-187,src/engines_gpl/flow2d3d/packages/flow2d3d_kernel/src/compute/dens.f90,,180-187,181-188,MOVED,
models/Delft3D/source-analysis/delft3d_sigma_z.md,81,dengra.f90:213-403,src/engines_gpl/flow2d3d/packages/flow2d3d_kernel/src/compute/dengra.f90,,213-403,214-404,MOVED,
models/Delft3D/source-analysis/delft3d_turbulence.md,23,"flow2d3d_kernel/src/main/trisol.f90:1522-1535, 1555-1565, 2031-2071",src/engines_gpl/flow2d3d/packages/flow2d3d_kernel/src/main/trisol.f90,,"1522-1535,1555-1565,2031-2071","1524-1537,1557-1567,2033-2073",MOVED,
models/Delft3D/source-analysis/delft3d_turbulence.md,44,trisol.f90:1555-1565,src/engines_gpl/flow2d3d/packages/flow2d3d_kernel/src/main/trisol.f90,,1555-1565,1557-1567,MOVED,
models/Delft3D/source-analysis/delft3d_turbulence.md,133,trisol.f90:1522-1535,src/engines_gpl/flow2d3d/packages/flow2d3d_kernel/src/main/trisol.f90,,1522-1535,1524-1537,MOVED,
models/Delft3D/source-analysis/delft3d_wave_swan_module.md,75,swan_input.f90:2407,src/engines_gpl/wave/packages/data/src/swan_input.f90,,2407,2613,MOVED,
models/Delft3D/source-analysis/delft3d_wave_swan_module.md,75,swan_input.f90:2453,src/engines_gpl/wave/packages/data/src/swan_input.f90,,2453,2659,MOVED,
models/Delft3D/source-analysis/delft3d_wave_swan_module.md,75,swan_input.f90:2542,src/engines_gpl/wave/packages/data/src/swan_input.f90,,2542,2760,MOVED,
models/Delft3D/source-analysis/delft3d_wave_swan_module.md,79,swan_input.f90:2768,src/engines_gpl/wave/packages/data/src/swan_input.f90,,2768,3000,MOVED,
models/Delft3D/source-analysis/delft3d_wave_swan_module.md,80,swan_input.f90:2871,src/engines_gpl/wave/packages/data/src/swan_input.f90,,2871,3103,MOVED,
models/Delft3D/source-analysis/delft3d_wave_swan_module.md,81,"swan_input.f90:2918, 2945",src/engines_gpl/wave/packages/data/src/swan_input.f90,,"2918,2945","3150,3177",MOVED,
models/Delft3D/source-analysis/delft3d_wave_swan_module.md,82,swan_input.f90:2967-2977,src/engines_gpl/wave/packages/data/src/swan_input.f90,,2967-2977,3199-3209,MOVED,
models/Delft3D/source-analysis/delft3d_wave_swan_module.md,83,"swan_input.f90:2999, 3008",src/engines_gpl/wave/packages/data/src/swan_input.f90,,"2999,3008","3231,3240",MOVED,
models/Delft3D/source-analysis/delft3d_wave_swan_module.md,84,swan_input.f90:3027,src/engines_gpl/wave/packages/data/src/swan_input.f90,,3027,3259,MOVED,
models/Delft3D/source-analysis/delft3d_wave_swan_module.md,85,"swan_input.f90:3048, 3068",src/engines_gpl/wave/packages/data/src/swan_input.f90,,"3048,3068","3280,3300",MOVED,
models/Delft3D/source-analysis/delft3d_wave_swan_module.md,87,"swan_input.f90:3407-3409, 4281",src/engines_gpl/wave/packages/data/src/swan_input.f90,,"3407-3409,4281","3634-3636,4508",MOVED,
models/Delft3D/source-analysis/delft3d_wave_swan_module.md,88,swan_input.f90:3418-3428,src/engines_gpl/wave/packages/data/src/swan_input.f90,,3418-3428,3645-3655,MOVED,
models/Delft3D/source-analysis/delft3d_wave_swan_module.md,89,swan_input.f90:3640-3673,src/engines_gpl/wave/packages/data/src/swan_input.f90,,3640-3673,3867-3900,MOVED,
models/Delft3D/source-analysis/delft3d_wave_swan_module.md,90,"swan_input.f90:4059, 4062, 4091",src/engines_gpl/wave/packages/data/src/swan_input.f90,,"4059,4062,4091","4286,4289,4318",MOVED,
models/Delft3D/source-analysis/delft3d_wave_swan_module.md,91,swan_input.f90:4102,src/engines_gpl/wave/packages/data/src/swan_input.f90,,4102,4329,MOVED,
models/Delft3D/source-analysis/delft3d_wave_swan_module.md,97,swan_input.f90:1697,src/engines_gpl/wave/packages/data/src/swan_input.f90,,1697,1898,MOVED,
models/Delft3D/source-analysis/delft3d_wave_swan_module.md,97,swan_input.f90:1703,src/engines_gpl/wave/packages/data/src/swan_input.f90,,1703,1904,MOVED,
models/Delft3D/source-analysis/delft3d_wave_swan_module.md,97,swan_input.f90:3394-3400,src/engines_gpl/wave/packages/data/src/swan_input.f90,,3394-3400,3621-3627,MOVED,
models/Delft3D/source-analysis/delft3d_wave_swan_module.md,98,swan_input.f90:3639,src/engines_gpl/wave/packages/data/src/swan_input.f90,,3639,3866,MOVED,
models/Delft3D/source-analysis/delft3d_wave_swan_module.md,98,swan_input.f90:3636-3674,src/engines_gpl/wave/packages/data/src/swan_input.f90,,3636-3674,3863-3901,MOVED,
models/Delft3D/source-analysis/delft3d_wave_swan_module.md,104,swan_input.f90:4062,src/engines_gpl/wave/packages/data/src/swan_input.f90,,4062,4289,MOVED,
models/Delft3D/source-analysis/delft3d_wave_swan_module.md,104,swan_input.f90:4091-4095,src/engines_gpl/wave/packages/data/src/swan_input.f90,,4091-4095,4318-4322,MOVED,
models/Delft3D/source-analysis/delft3d_wave_swan_module.md,104,"swan_input.f90:4061, 4069",src/engines_gpl/wave/packages/data/src/swan_input.f90,,"4061,4069","4288,4296",MOVED,
models/Delft3D/source-analysis/delft3d_wave_swan_module.md,104,swan_input.f90:4080-4085,src/engines_gpl/wave/packages/data/src/swan_input.f90,,4080-4085,4307-4312,MOVED,
models/Delft3D/source-analysis/delft3d_wave_swan_module.md,108,swan_input.f90:4256,src/engines_gpl/wave/packages/data/src/swan_input.f90,,4256,4483,MOVED,
models/Delft3D/source-analysis/delft3d_wave_swan_module.md,108,swan_input.f90:4275,src/engines_gpl/wave/packages/data/src/swan_input.f90,,4275,4502,MOVED,
models/Delft3D/source-analysis/delft3d_wave_swan_module.md,108,swan_input.f90:4281,src/engines_gpl/wave/packages/data/src/swan_input.f90,,4281,4508,MOVED,
models/Delft3D/source-analysis/delft3d_wave_swan_module.md,108,swan_input.f90:4284-4288,src/engines_gpl/wave/packages/data/src/swan_input.f90,,4284-4288,4511-4515,MOVED,
models/Delft3D/source-analysis/delft3d_wave_swan_module.md,108,swan_input.f90:4292-4293,src/engines_gpl/wave/packages/data/src/swan_input.f90,,4292-4293,4519-4520,MOVED,
models/Delft3D/source-analysis/sediment/delft3d_sediment.md,27,main/trisol.f90:1968-3279,src/engines_gpl/flow2d3d/packages/flow2d3d_kernel/src/main/trisol.f90,,1968-3279,1970-3281,REANCHORED,
models/Delft3D/source-analysis/sediment/delft3d_sediment.md,38,erosed.f90:46-53,src/engines_gpl/flow2d3d/packages/flow2d3d_kernel/src/compute_sediment/erosed.f90,,46-53,50-57,MOVED,
models/Delft3D/source-analysis/sediment/delft3d_sediment.md,39,bott3d.f90:43-52,src/engines_gpl/flow2d3d/packages/flow2d3d_kernel/src/compute_sediment/bott3d.f90,,43-52,45-54,MOVED,
models/Delft3D/source-analysis/sediment/delft3d_sediment.md,43,erosed.f90:1045-1081,src/engines_gpl/flow2d3d/packages/flow2d3d_kernel/src/compute_sediment/erosed.f90,,1045-1081,1070-1110,MOVED,
models/Delft3D/source-analysis/sediment/delft3d_sediment.md,68,erosed.f90:1125-1234,src/engines_gpl/flow2d3d/packages/flow2d3d_kernel/src/compute_sediment/erosed.f90,,1125-1234,1160-1269,MOVED,
models/Delft3D/source-analysis/sediment/delft3d_sediment.md,70,eqtran.f90:304-420,src/utils_gpl/morphology/packages/morphology_kernel/src/eqtran.f90,src/utils_gpl/morphology/packages/morphology_kernel/src/eqtran.f90,304-420,326,REANCHORED,"같은 파일, 줄 이동"
models/Delft3D/source-analysis/sediment/delft3d_sediment.md,74,tram1.f90:41-42,src/utils_gpl/morphology/packages/morphology_kernel/src/tram1.f90,,41-42,47-48,MOVED,
models/Delft3D/source-analysis/sediment/delft3d_sediment.md,77,tranb7.f90:31-35,src/utils_gpl/morphology/packages/morphology_kernel/src/tranb7.f90,,31-35,37-41,MOVED,
models/Delft3D/source-analysis/sediment/delft3d_sediment.md,84,erosed.f90:1135-1162,src/engines_gpl/flow2d3d/packages/flow2d3d_kernel/src/compute_sediment/erosed.f90,,1135-1162,1170-1197,MOVED,
models/Delft3D/source-analysis/sediment/delft3d_sediment.md,90,erosed.f90:1074-1102,src/engines_gpl/flow2d3d/packages/flow2d3d_kernel/src/compute_sediment/erosed.f90,,1074-1102,1103-1137,MOVED,
models/Delft3D/source-analysis/sediment/delft3d_sediment.md,94,soursin_3d.f90:84-155,src/utils_gpl/morphology/packages/morphology_kernel/src/soursin_3d.f90,,84-155,86-157,MOVED,
models/Delft3D/source-analysis/sediment/delft3d_sediment.md,100,erosed.f90:629-635,src/engines_gpl/flow2d3d/packages/flow2d3d_kernel/src/compute_sediment/erosed.f90,,629-635,652-649,REANCHORED,
models/Delft3D/source-analysis/sediment/delft3d_sediment.md,108,bott3d.f90:604-612,src/engines_gpl/flow2d3d/packages/flow2d3d_kernel/src/compute_sediment/bott3d.f90,,604-612,613-621,MOVED,
models/Delft3D/source-analysis/sediment/delft3d_sediment.md,123,"erosed.f90:580-619, 1028-1043",src/engines_gpl/flow2d3d/packages/flow2d3d_kernel/src/compute_sediment/erosed.f90,,"580-619,1028-1043","603-642,1053-1068",MOVED,
models/Delft3D/source-analysis/sediment/delft3d_sediment.md,127,bott3d.f90:724-840,src/engines_gpl/flow2d3d/packages/flow2d3d_kernel/src/compute_sediment/bott3d.f90,,724-840,733-851,MOVED,
models/Delft3D/source-analysis/sediment/delft3d_sediment.md,129,erosed.f90:1117-1119,src/engines_gpl/flow2d3d/packages/flow2d3d_kernel/src/compute_sediment/erosed.f90,,1117-1119,1152-1154,MOVED,
models/Delft3D/source-analysis/sediment/delft3d_sediment.md,129,bott3d.f90:763-769,src/engines_gpl/flow2d3d/packages/flow2d3d_kernel/src/compute_sediment/bott3d.f90,,763-769,772-778,MOVED,
models/Delft3D/source-analysis/sediment/delft3d_sediment.md,131,bott3d.f90:1027-1037,src/engines_gpl/flow2d3d/packages/flow2d3d_kernel/src/compute_sediment/bott3d.f90,,1027-1037,1043-1053,MOVED,
models/Delft3D/source-analysis/sediment/delft3d_sediment.md,136,erosilt.f90:160-203,src/utils_gpl/morphology/packages/morphology_kernel/src/erosilt.f90,,160-203,193-252,REANCHORED,
models/Delft3D/source-analysis/sediment/delft3d_sediment.md,137,erosed.f90:1135-1162,src/engines_gpl/flow2d3d/packages/flow2d3d_kernel/src/compute_sediment/erosed.f90,,1135-1162,1170-1197,MOVED,
models/Delft3D/source-analysis/sediment/delft3d_sediment.md,140,erosilt.f90:262,src/utils_gpl/morphology/packages/morphology_kernel/src/erosilt.f90,,262,281,MOVED,
models/Delft3D/source-analysis/sediment/delft3d_sediment.md,141,soursin_3d.f90:146-165,src/utils_gpl/morphology/packages/morphology_kernel/src/soursin_3d.f90,,146-165,148-167,MOVED,
models/Delft3D/source-analysis/sediment/delft3d_sediment.md,144,erosed.f90:854-890,src/engines_gpl/flow2d3d/packages/flow2d3d_kernel/src/compute_sediment/erosed.f90,,854-890,877-913,MOVED,
models/Delft3D/source-analysis/sediment/delft3d_sediment.md,147,eqtran.f90:722-743,src/utils_gpl/morphology/packages/morphology_kernel/src/eqtran.f90,src/utils_gpl/morphology/packages/morphology_kernel/src/eqtran.f90,722-743,749,REANCHORED,"같은 파일, 줄 이동"
models/Delft3D/source-analysis/wave/delft3d_flow_wave_coupling.md,25,wave/packages/manager/src/wave_main.f90:430,src/engines_gpl/wave/packages/manager/src/wave_main.f90,,430,431,MOVED,
models/Delft3D/source-analysis/wave/delft3d_flow_wave_coupling.md,34,"wave/packages/data/src/swan_input.f90:4211, 4256",src/engines_gpl/wave/packages/data/src/swan_input.f90,,"4211,4256","4438,4483",MOVED,
models/Delft3D/source-analysis/wave/delft3d_flow_wave_coupling.md,50,wave_main.f90:430,src/engines_gpl/wave/packages/manager/src/wave_main.f90,,430,431,MOVED,
models/Delft3D/source-analysis/wave/delft3d_flow_wave_coupling.md,127,trisol.f90:1304,src/engines_gpl/flow2d3d/packages/flow2d3d_kernel/src/main/trisol.f90,,1304,1306,MOVED,
models/Delft3D/source-analysis/wave/delft3d_flow_wave_coupling.md,141,swan_input.f90:4211,src/engines_gpl/wave/packages/data/src/swan_input.f90,,4211,4438,MOVED,
models/Delft3D/source-analysis/wave/delft3d_flow_wave_coupling.md,142,swan_input.f90:4256,src/engines_gpl/wave/packages/data/src/swan_input.f90,,4256,4483,MOVED,
