station,start,end,duration_months,max_anomaly_c,mean_anomaly_c,max_sst_c
인천,1983-05,1983-06,2,1.866,1.726,18.443
인천,1992-01,1992-04,4,1.703,1.546,9.585
인천,1994-07,1994-08,2,1.790,1.638,25.405
인천,1995-07,1995-08,2,1.415,1.372,25.030
인천,1997-12,1998-05,6,1.434,1.234,13.032
인천,2003-05,2003-06,2,1.427,1.246,18.004
인천,2006-10,2006-11,2,1.138,1.050,20.703
인천,2016-09,2016-10,2,1.367,1.131,24.095
인천,2019-10,2019-11,2,1.011,0.909,20.751
인천,2021-10,2021-11,2,1.916,1.370,21.655
인천,2022-04,2022-08,5,3.309,2.622,25.921
인천,2023-03,2023-09,7,3.422,2.619,26.829
인천,2024-03,2024-11,9,4.690,3.251,28.119
인천,2025-04,2025-10,7,3.594,2.610,27.209
인천,2026-03,2026-04,2,2.715,2.209,10.644
목포,1982-10,1982-11,2,1.463,1.377,20.471
목포,1983-09,1983-10,2,1.806,1.458,24.699
목포,1988-06,1988-07,2,1.542,1.169,23.785
목포,1992-01,1992-02,2,1.550,1.509,9.660
목포,1995-02,1995-03,2,1.446,1.339,8.179
목포,1998-01,1998-05,5,1.756,1.522,15.416
목포,2001-07,2001-08,2,1.685,1.602,26.650
목포,2004-12,2005-01,2,1.588,1.443,12.431
목포,2006-10,2006-11,2,1.763,1.715,20.846
목포,2018-07,2018-08,2,1.931,1.626,26.287
목포,2022-04,2022-08,5,2.454,1.657,26.535
목포,2023-04,2023-06,3,1.693,1.508,20.327
목포,2023-08,2023-09,2,1.481,1.398,26.279
목포,2024-03,2024-11,9,4.685,2.735,28.613
목포,2025-06,2025-10,5,3.941,2.589,28.047
진도,1990-08,1990-09,2,2.001,1.608,26.995
진도,1992-03,1992-04,2,1.206,1.123,13.113
진도,1995-01,1995-04,4,1.911,1.526,13.985
진도,2001-07,2001-08,2,2.287,2.067,27.281
진도,2004-12,2005-02,3,1.832,1.256,15.468
진도,2005-05,2005-06,2,1.276,1.084,19.718
진도,2006-10,2006-11,2,2.089,1.762,21.248
진도,2024-04,2024-06,3,2.441,1.816,19.655
진도,2024-09,2024-11,3,3.805,2.556,26.957
부산,1998-04,1998-06,3,1.662,1.279,20.995
부산,2001-04,2001-05,2,1.192,1.120,17.672
부산,2001-07,2001-08,2,1.562,1.521,27.629
부산,2007-09,2007-10,2,1.059,1.037,25.634
부산,2011-11,2011-12,2,1.154,0.845,20.491
부산,2013-09,2013-10,2,1.041,1.033,25.661
부산,2019-01,2019-03,3,1.358,1.111,15.529
부산,2021-02,2021-04,3,1.635,1.414,16.311
부산,2021-06,2021-07,2,2.361,1.738,25.561
부산,2023-03,2023-06,4,1.392,1.190,21.133
부산,2024-04,2024-06,3,1.506,1.300,21.205
부산,2024-08,2024-11,4,3.376,2.272,28.578
부산,2025-07,2025-11,5,2.377,1.819,27.520
부산,2026-02,2026-04,3,1.091,0.929,15.767
여수,1994-07,1994-08,2,2.153,1.833,27.227
여수,1995-01,1995-03,3,1.834,1.684,14.738
여수,1998-04,1998-06,3,2.352,1.324,20.475
여수,1998-09,1998-10,2,1.458,1.166,25.143
여수,2000-12,2001-04,5,2.133,1.628,16.706
여수,2001-07,2001-08,2,1.724,1.616,27.222
여수,2005-05,2005-06,2,1.460,1.128,21.111
여수,2006-10,2006-11,2,1.679,1.245,21.768
여수,2018-06,2018-08,3,1.512,1.251,27.201
여수,2021-06,2021-07,2,2.260,1.568,25.217
여수,2023-04,2023-06,3,1.649,1.300,21.299
여수,2023-08,2023-09,2,2.310,2.111,27.627
여수,2024-04,2024-06,3,2.329,2.050,21.651
여수,2024-08,2024-10,3,4.242,3.068,28.513
여수,2025-07,2025-10,4,2.528,1.925,27.433
거제도,1998-04,1998-06,3,1.584,1.246,20.768
거제도,1998-09,1998-10,2,1.345,1.155,25.944
거제도,2001-01,2001-02,2,0.698,0.686,15.456
거제도,2001-04,2001-05,2,1.337,1.239,17.668
거제도,2001-07,2001-08,2,1.665,1.594,27.740
거제도,2007-09,2007-10,2,1.041,0.971,25.639
거제도,2010-05,2010-06,2,1.633,1.233,21.621
거제도,2013-09,2013-11,3,1.180,0.961,25.564
거제도,2019-02,2019-03,2,1.511,1.314,15.143
거제도,2021-02,2021-04,3,1.249,1.042,15.773
거제도,2021-06,2021-07,2,2.300,1.677,25.560
거제도,2023-03,2023-04,2,1.356,1.331,15.830
거제도,2024-04,2024-06,3,1.450,1.225,20.949
거제도,2024-08,2024-11,4,3.526,2.320,28.640
거제도,2025-09,2025-11,3,2.502,1.931,26.704
거문도,1983-09,1983-10,2,0.870,0.830,24.954
거문도,1990-08,1990-09,2,1.536,1.216,27.466
거문도,1995-03,1995-04,2,1.184,1.042,14.826
거문도,1998-04,1998-06,3,2.404,1.485,20.600
거문도,1998-09,1998-10,2,1.254,1.046,25.002
거문도,2000-12,2001-01,2,1.283,1.167,17.149
거문도,2001-07,2001-08,2,1.864,1.808,27.682
거문도,2005-06,2005-07,2,1.389,1.375,24.481
거문도,2006-10,2006-11,2,1.475,1.177,21.950
거문도,2009-03,2009-04,2,1.077,1.052,15.004
거문도,2021-06,2021-07,2,1.864,1.616,24.983
거문도,2021-09,2021-10,2,1.642,1.209,24.940
거문도,2023-08,2023-09,2,2.371,2.075,27.709
거문도,2024-04,2024-06,3,1.737,1.384,20.383
거문도,2024-08,2024-10,3,3.829,2.851,28.247
거문도,2025-07,2025-10,4,2.770,2.076,27.362
제주,1990-08,1990-09,2,1.920,1.325,28.533
제주,2001-07,2001-08,2,1.774,1.705,28.387
제주,2006-10,2006-11,2,1.184,0.944,23.017
제주,2009-03,2009-04,2,0.827,0.826,15.225
제주,2013-08,2013-10,3,1.998,1.372,28.610
제주,2017-01,2017-03,3,1.073,0.932,16.319
제주,2018-12,2019-02,3,0.860,0.805,17.574
제주,2019-04,2019-05,2,1.195,1.147,17.357
제주,2020-01,2020-03,3,1.046,0.911,15.987
제주,2021-02,2021-04,3,1.048,0.924,15.357
제주,2021-06,2021-07,2,2.081,2.052,25.931
제주,2021-09,2021-10,2,1.332,1.159,25.641
제주,2022-07,2022-09,3,2.703,1.695,28.289
제주,2023-02,2023-06,5,1.009,0.890,20.848
제주,2023-08,2023-09,2,2.379,2.176,28.586
제주,2024-01,2024-06,6,1.619,1.359,21.250
제주,2024-08,2024-11,4,4.152,2.983,29.863
제주,2025-07,2026-04,10,3.913,1.993,28.968
서귀포,2005-06,2005-07,2,1.890,1.777,26.700
서귀포,2009-03,2009-04,2,1.255,1.154,17.318
서귀포,2013-09,2013-10,2,1.446,1.293,27.403
서귀포,2016-11,2016-12,2,0.775,0.741,22.161
서귀포,2017-05,2017-09,5,2.431,1.495,29.201
서귀포,2018-12,2019-05,6,1.252,1.093,19.789
서귀포,2019-12,2020-03,4,1.186,0.920,20.003
서귀포,2021-02,2021-07,6,1.741,1.374,26.551
서귀포,2021-09,2021-10,2,1.649,1.186,26.679
서귀포,2022-03,2022-05,3,2.222,1.584,19.649
서귀포,2022-07,2022-09,3,2.412,1.602,29.079
서귀포,2022-11,2023-06,8,1.847,1.167,22.316
서귀포,2023-09,2024-06,10,1.787,1.164,27.743
서귀포,2024-08,2024-11,4,3.578,2.695,30.561
서귀포,2025-07,2026-04,10,4.032,2.073,29.667
울산,1998-04,1998-06,3,1.607,1.217,21.002
울산,1998-09,1998-10,2,1.282,1.220,25.851
울산,2001-07,2001-08,2,1.657,1.633,27.637
울산,2013-09,2013-10,2,1.133,1.129,25.702
울산,2018-12,2019-05,6,1.272,0.980,17.937
울산,2019-12,2020-03,4,1.119,0.919,17.834
울산,2021-02,2021-04,3,1.806,1.500,16.583
울산,2021-06,2021-07,2,2.434,1.870,25.447
울산,2023-03,2023-06,4,1.551,1.326,21.226
울산,2024-04,2024-06,3,1.532,1.337,21.263
울산,2024-08,2024-11,4,3.377,2.320,28.404
울산,2025-07,2025-12,6,2.379,1.567,27.383
울산,2026-02,2026-04,3,1.147,1.038,15.924
포항,2001-08,2001-09,2,1.902,1.481,26.698
포항,2008-09,2008-10,2,1.424,1.249,24.714
포항,2009-02,2009-03,2,1.541,1.408,13.943
포항,2012-05,2012-07,3,1.338,1.145,23.293
포항,2016-12,2017-01,2,1.323,1.108,16.773
포항,2017-10,2017-11,2,1.287,1.214,22.442
포항,2018-07,2018-08,2,1.746,1.596,26.543
포항,2019-01,2019-05,5,1.881,1.450,17.437
포항,2019-12,2020-01,2,1.466,1.316,17.346
포항,2020-03,2020-04,2,1.378,1.362,15.518
포항,2021-02,2021-04,3,1.729,1.609,15.900
포항,2021-06,2021-08,3,2.860,1.866,26.452
포항,2021-10,2021-11,2,2.445,1.853,23.601
포항,2022-09,2022-12,4,1.543,1.452,24.962
포항,2023-03,2023-06,4,2.251,1.732,20.546
포항,2024-04,2024-06,3,1.912,1.495,20.413
포항,2024-08,2024-11,4,3.747,2.822,27.388
포항,2025-07,2025-08,2,2.323,2.011,26.495
포항,2025-10,2026-04,7,2.436,1.641,23.405
묵호,1998-04,1998-06,3,1.911,1.354,19.241
묵호,2001-08,2001-09,2,2.091,1.996,26.183
묵호,2008-09,2008-11,3,2.233,1.898,23.555
묵호,2009-02,2009-04,3,2.573,2.166,13.676
묵호,2016-12,2017-01,2,2.049,1.926,15.571
묵호,2018-07,2018-08,2,2.123,1.910,25.980
묵호,2019-01,2019-03,3,2.984,2.458,13.374
묵호,2019-12,2020-01,2,2.106,2.005,15.629
묵호,2021-02,2022-01,12,3.100,2.198,26.034
묵호,2022-06,2022-07,2,2.051,1.473,23.855
묵호,2022-11,2022-12,2,2.280,1.935,17.889
묵호,2023-03,2023-05,3,2.795,2.197,15.879
묵호,2023-09,2023-11,3,2.301,1.818,24.581
묵호,2024-04,2024-11,8,3.693,2.171,27.279
묵호,2025-06,2025-09,4,2.901,2.115,26.376
속초,1994-07,1994-08,2,1.928,1.806,25.899
속초,1998-04,1998-05,2,2.019,1.625,15.291
속초,1998-09,1998-10,2,1.832,1.639,23.427
속초,2008-03,2008-04,2,2.944,2.546,13.356
속초,2008-09,2009-03,7,3.868,2.319,23.077
속초,2017-01,2017-02,2,3.202,2.914,12.077
속초,2018-06,2018-08,3,1.805,1.365,25.678
속초,2019-10,2020-02,5,3.749,2.594,19.988
속초,2021-03,2021-08,6,3.127,2.236,25.907
속초,2021-10,2021-12,3,2.693,2.455,21.098
속초,2023-09,2023-10,2,1.981,1.751,23.502
속초,2024-04,2024-11,8,3.135,2.373,27.350
속초,2025-06,2025-09,4,2.728,2.335,26.710
속초,2025-11,2025-12,2,1.956,1.591,16.609
