sha256,path_count,paths
0089e064730049406e1e70d9be9bdd70a1453a50dfb79a84e9e8ecf15a320325,2,models/FUNWAVE/raw/source_code/FUNWAVE-TVD/benchmarks/car_conical_island/work_case_B/B.txt | models/FUNWAVE/raw/source_code/FUNWAVE-TVD/benchmarks/sph_conical_island/work_case_B/B.txt
0223497a0b8b033aa58a3a521b8629869386cf7ab0e2f101963d328aa62193f7,2,models/FUNWAVE/raw/source_code/FUNWAVE-GPU/.git/hooks/applypatch-msg.sample | models/FUNWAVE/raw/source_code/FUNWAVE-TVD/.git/hooks/applypatch-msg.sample
02573d4eb5a46169a6398328dfc75a0d93e4f5d6f9c3dae773317ac33e1577ed,3,models/FUNWAVE/raw/source_code/FUNWAVE-TVD/simple_cases/multi_vessel_morphology/vessel/vessel_00001 | models/FUNWAVE/raw/source_code/FUNWAVE-TVD/simple_cases/single_vessel_cohesive/vessel_00001 | models/FUNWAVE/raw/source_code/FUNWAVE-TVD/simple_cases/single_vessel_morphology/vessel_00001
0362a3fa1c1c17f7528aca01523ae1293458162de4e0a79e4ccddcae51fcce60,2,models/FUNWAVE/raw/source_code/FUNWAVE-TVD/simple_cases/beach_2d_radiation/Makefile | models/FUNWAVE/raw/source_code/FUNWAVE-TVD/simple_cases/vertical_velocity_structure/Makefile
05b1a6bb3c0e3974beacd4c3ab6a5575f811428085239de227635f4f1e3da289,2,models/FUNWAVE/raw/source_code/FUNWAVE-TVD/benchmarks/car_conical_island/work_case_B/caseB.pdf | models/FUNWAVE/raw/source_code/FUNWAVE-TVD/benchmarks/sph_conical_island/work_case_B/caseB_cart.pdf
06f1cadb59a5ee3b78ca573e041571c39e380b2d0e6ad805adfec998f914e233,2,models/FUNWAVE/raw/source_code/FUNWAVE-TVD/simple_cases/tide_gen_abs_data/.output/dep.out | models/FUNWAVE/raw/source_code/FUNWAVE-TVD/simple_cases/tide_time_spectra/.output/dep.out
078e6ee7ce3908fc7a2ce367934b5a3827ba7ff4b77df8725fb7af0cf9a12ad6,2,models/FUNWAVE/raw/source_code/FUNWAVE-TVD/simple_cases/single_vessel_cohesive/Makefile | models/FUNWAVE/raw/source_code/FUNWAVE-TVD/simple_cases/single_vessel_morphology/Makefile
0a6d33c4075bdb6841af71cab57f233364533ad3a32a7818f29596a343dfa3cb,5,models/FUNWAVE/raw/source_code/FUNWAVE-TVD/simple_cases/beach_2d/input_files/Makefile | models/FUNWAVE/raw/source_code/FUNWAVE-TVD/simple_cases/inlet_shoal/input_files/Makefile | models/FUNWAVE/raw/source_code/FUNWAVE-TVD/simple_cases/levee_1d/input_files/Makefile | models/FUNWAVE/raw/source_code/FUNWAVE-TVD/simple_cases/rip_2d/work/Makefile | models/FUNWAVE/raw/source_code/FUNWAVE-TVD/simple_cases/surface_wave_1d/input_files/Makefile
0acdc301eb2a5e1fe5dd525bd96afa0afb4f437aa6670c05cf7818dde45315f6,2,models/FUNWAVE/raw/source_code/FUNWAVE-TVD/simple_cases/tide_gen_abs_data/.output/eta_00014 | models/FUNWAVE/raw/source_code/FUNWAVE-TVD/simple_cases/tide_time_spectra/.output/eta_00014
0b8c3defc8bd4a9962f74a5a27a9140ba9357bbe66a98eb0b303f57d5f5eaeb5,2,models/FUNWAVE/raw/source_code/FUNWAVE-TVD/simple_cases/tide_gen_abs_data/.output/eta_00051 | models/FUNWAVE/raw/source_code/FUNWAVE-TVD/simple_cases/tide_time_spectra/.output/eta_00051
0be39e6496f17797a94c8aa535f670de50814723a19bc28b65c1905fd26d58ab,2,models/FUNWAVE/raw/source_code/FUNWAVE-TVD/simple_cases/tide_gen_abs_data/.output/eta_00034 | models/FUNWAVE/raw/source_code/FUNWAVE-TVD/simple_cases/tide_time_spectra/.output/eta_00034
0c02791cbd9d50cf1ec651f484374179fe26ee6b946686f1f82d440f777676f1,2,models/FUNWAVE/raw/source_code/FUNWAVE-TVD/simple_cases/tide_gen_abs_data/.output/mask_00039 | models/FUNWAVE/raw/source_code/FUNWAVE-TVD/simple_cases/tide_time_spectra/.output/mask_00039
0eed6b24fb2b06f45e7ae1db688ad58dbc4051f37a319535ad5f6fad37534cd6,2,models/FUNWAVE/raw/source_code/FUNWAVE-TVD/simple_cases/tide_gen_abs_data/.output/eta_00031 | models/FUNWAVE/raw/source_code/FUNWAVE-TVD/simple_cases/tide_time_spectra/.output/eta_00031
10b100a85b5ea56901dd00a91257025dd6b863a20b4bef508db6b72868ee568b,2,models/FUNWAVE/raw/source_code/FUNWAVE-TVD/simple_cases/tide_gen_abs_data/.output/mask_00047 | models/FUNWAVE/raw/source_code/FUNWAVE-TVD/simple_cases/tide_time_spectra/.output/mask_00047
110e2e72ebb86b5b8048f5fc48fc5845be50eb5797849ca490bba0afbeea381c,2,models/FUNWAVE/raw/source_code/FUNWAVE-TVD/GNUMake/Old_Version_Makefiles/Makefile-Jim-SGI | models/FUNWAVE/raw/source_code/FUNWAVE-TVD/src/Makefile-Jim-SGI
12521d9043f2f3b6908d61d893e70ebeb3ccbd3f11c89d155f2295ac086123c3,2,models/FUNWAVE/raw/source_code/FUNWAVE-TVD/simple_cases/tide_gen_abs_data/.output/mask_00019 | models/FUNWAVE/raw/source_code/FUNWAVE-TVD/simple_cases/tide_time_spectra/.output/mask_00019
1343a840b47ede6f48a2a63edf87b7ac4bc63f9f6a8e8b30aae5c8e6dbb98e12,2,models/FUNWAVE/raw/source_code/FUNWAVE-TVD/simple_cases/tide_gen_abs_data/.output/eta_00056 | models/FUNWAVE/raw/source_code/FUNWAVE-TVD/simple_cases/tide_time_spectra/.output/eta_00056
179502a01c57a10c19808ac854752c53843aebf0f80e0a81d5177b0c094aca98,2,models/FUNWAVE/raw/source_code/FUNWAVE-TVD/simple_cases/tide_gen_abs_data/.output/eta_00045 | models/FUNWAVE/raw/source_code/FUNWAVE-TVD/simple_cases/tide_time_spectra/.output/eta_00045
17a759df8bff124a9737d024e4982af981d3bffc8d1bb328c7118214fb70c933,2,models/FUNWAVE/raw/source_code/FUNWAVE-TVD/simple_cases/tide_gen_abs_data/.output/mask_00051 | models/FUNWAVE/raw/source_code/FUNWAVE-TVD/simple_cases/tide_time_spectra/.output/mask_00051
188362a285041ab152f81f39f7742066197cb7bdf858db6ffacf9575a52128a9,2,models/FUNWAVE/raw/source_code/FUNWAVE-TVD/simple_cases/tide_gen_abs_data/.output/eta_00017 | models/FUNWAVE/raw/source_code/FUNWAVE-TVD/simple_cases/tide_time_spectra/.output/eta_00017
1f74d5e9292979b573ebd59741d46cb93ff391acdd083d340b94370753d92437,2,models/FUNWAVE/raw/source_code/FUNWAVE-GPU/.git/hooks/commit-msg.sample | models/FUNWAVE/raw/source_code/FUNWAVE-TVD/.git/hooks/commit-msg.sample
20016135c57ac27fd8dfe0c5c3205cbc77c489bbe187606addaa1e6d71510220,2,models/FUNWAVE/raw/source_code/FUNWAVE-TVD/simple_cases/tide_gen_abs_data/.output/eta_00049 | models/FUNWAVE/raw/source_code/FUNWAVE-TVD/simple_cases/tide_time_spectra/.output/eta_00049
21f73304de3d75a06bc34f3529d20fd755e1e3fffde2fd104d988afe31a41455,2,models/FUNWAVE/raw/source_code/FUNWAVE-TVD/simple_cases/tide_gen_abs_data/.output/mask_00034 | models/FUNWAVE/raw/source_code/FUNWAVE-TVD/simple_cases/tide_time_spectra/.output/mask_00034
21f7e003efb12ea0271a86b527bb4ef10ebb4c13ad0c2fda64a5521ed2a442f2,2,models/FUNWAVE/raw/source_code/FUNWAVE-TVD/simple_cases/tide_gen_abs_data/.output/eta_00057 | models/FUNWAVE/raw/source_code/FUNWAVE-TVD/simple_cases/tide_time_spectra/.output/eta_00057
2569871688f1ac2404af71e6afbd2f9ccd7339c45dfa05514a463a6d027bdaf1,2,models/FUNWAVE/raw/source_code/FUNWAVE-TVD/simple_cases/rip_2d/bathy/bathy.jpg | models/FUNWAVE/raw/source_code/FUNWAVE-TVD/simple_cases/rip_tracking/bathy/bathy.jpg
27e4145fa934bf50f5a7a31385d8450f6dec9bb5a9be4bd83588a5390eaeee33,3,models/FUNWAVE/raw/source_code/FUNWAVE-TVD/simple_cases/multi_vessel_morphology/bathy_param.txt | models/FUNWAVE/raw/source_code/FUNWAVE-TVD/simple_cases/single_vessel_cohesive/bathy_param.txt | models/FUNWAVE/raw/source_code/FUNWAVE-TVD/simple_cases/single_vessel_morphology/bathy_param.txt
28b6193d55958444cc500fe51915f88761b2a04a6e82b6abdea3ec7665d28614,2,models/FUNWAVE/raw/source_code/FUNWAVE-TVD/simple_cases/tide_gen_abs_data/.output/eta_00038 | models/FUNWAVE/raw/source_code/FUNWAVE-TVD/simple_cases/tide_time_spectra/.output/eta_00038
2b3563bc685a7be74715e543f262448ce30c8df1348ef8f9e46c768a832bc103,3,models/FUNWAVE/raw/source_code/FUNWAVE-TVD/simple_cases/multi_vessel_morphology/tight_subplot.m | models/FUNWAVE/raw/source_code/FUNWAVE-TVD/simple_cases/single_vessel_cohesive/tight_subplot.m | models/FUNWAVE/raw/source_code/FUNWAVE-TVD/simple_cases/single_vessel_short_channel/postprocessing/tight_subplot.m
2cf57c41928741d6ae710838cbca2ed7c0c10277037940f39695188e50b2a0ae,2,models/FUNWAVE/raw/source_code/FUNWAVE-TVD/simple_cases/tide_gen_abs_data/.output/mask_00023 | models/FUNWAVE/raw/source_code/FUNWAVE-TVD/simple_cases/tide_time_spectra/.output/mask_00023
2d3fb197d7b0fb1c3a30a33742f0e012417f68abaa8d434eaa4b6edfaed71c2d,2,models/FUNWAVE/raw/source_code/FUNWAVE-TVD/simple_cases/tide_gen_abs_data/.output/mask_00022 | models/FUNWAVE/raw/source_code/FUNWAVE-TVD/simple_cases/tide_time_spectra/.output/mask_00022
2eab83529addfd01f8468bc2e46824c88d7b25d5e3f2b8fcb4c5312336a611e8,2,models/FUNWAVE/raw/source_code/FUNWAVE-TVD/simple_cases/tide_gen_abs_data/.output/eta_00015 | models/FUNWAVE/raw/source_code/FUNWAVE-TVD/simple_cases/tide_time_spectra/.output/eta_00015
2f9c67231d929da8c6854782b64ae3ccf665a23215e029cb281d9286a91c783b,2,models/FUNWAVE/raw/source_code/FUNWAVE-TVD/benchmarks/car_conical_island/work_case_C/caseC.eps | models/FUNWAVE/raw/source_code/FUNWAVE-TVD/benchmarks/sph_conical_island/work_case_C/caseC_cart.eps
3119da612c3679f7fc2c9510b1d1fb84d2a16efb0954954a0a06d22454fcb929,2,models/FUNWAVE/raw/source_code/FUNWAVE-TVD/simple_cases/tide_gen_abs_data/.output/eta_00037 | models/FUNWAVE/raw/source_code/FUNWAVE-TVD/simple_cases/tide_time_spectra/.output/eta_00037
31d9ab101013745719939cbe7f67b4b0f14a28ae6e6afd293839fd593718289a,2,models/FUNWAVE/raw/source_code/FUNWAVE-TVD/simple_cases/tide_gen_abs_data/.output/mask_00026 | models/FUNWAVE/raw/source_code/FUNWAVE-TVD/simple_cases/tide_time_spectra/.output/mask_00026
32729289f6627381a744aacac09c2d7819bc4591fd22d2fb854a873b8c07394c,2,models/FUNWAVE/raw/source_code/FUNWAVE-TVD/simple_cases/tide_gen_abs_data/.output/mask_00052 | models/FUNWAVE/raw/source_code/FUNWAVE-TVD/simple_cases/tide_time_spectra/.output/mask_00052
3507f771e37f7608c496475a37330ac927a91abb804629275d367013f609d7c7,2,models/FUNWAVE/raw/source_code/FUNWAVE-TVD/benchmarks/car_conical_island/work_case_C/C.txt | models/FUNWAVE/raw/source_code/FUNWAVE-TVD/benchmarks/sph_conical_island/work_case_C/C.txt
36b085c4bf1b84c2dfe9ba6d465de80f3f8e11ad468404a1680e6535d02a622a,2,models/FUNWAVE/raw/source_code/FUNWAVE-TVD/benchmarks/car_Nwave_statis/input.txt | models/FUNWAVE/raw/source_code/FUNWAVE-TVD/benchmarks/car_Nwave_statis/input_s10_h1k_a10.txt
38fec7761014f0fe08bdf27ce8494ef399db85f14d312d2f5f7c739365d639fa,2,models/FUNWAVE/raw/source_code/FUNWAVE-TVD/simple_cases/tide_gen_abs_data/.output/mask_00049 | models/FUNWAVE/raw/source_code/FUNWAVE-TVD/simple_cases/tide_time_spectra/.output/mask_00049
3af90e3fdf322ef2134e8ab9f1ed601170f7dc1d40d135a717248393403c3491,2,models/FUNWAVE/raw/source_code/FUNWAVE-TVD/benchmarks/sph_Nwave_statis/input_s20_h1_a002_bigdx.txt | models/FUNWAVE/raw/source_code/FUNWAVE-TVD/benchmarks/sph_Nwave_statis/input_s20_h1_a02.txt
3b12b4112ac3aa0a6fedff247a139657ce13e181ce8da3842e0ddb18a64b715f,2,models/FUNWAVE/raw/source_code/FUNWAVE-TVD/simple_cases/tide_gen_abs_data/.output/eta_00025 | models/FUNWAVE/raw/source_code/FUNWAVE-TVD/simple_cases/tide_time_spectra/.output/eta_00025
3c831d0d2008bf67b9467441d8eb17c497758098c1e55b4be61e99f99236a4fc,2,models/FUNWAVE/raw/source_code/FUNWAVE-TVD/simple_cases/tide_gen_abs_data/.output/eta_00054 | models/FUNWAVE/raw/source_code/FUNWAVE-TVD/simple_cases/tide_time_spectra/.output/eta_00054
3cbe8c6cd54a71b19e57b1a2e6c242a944ecc48f3b63fb5986e8e6eb2068b9bb,2,models/FUNWAVE/raw/source_code/FUNWAVE-TVD/simple_cases/rip_2d/bathy/depth_a15.txt | models/FUNWAVE/raw/source_code/FUNWAVE-TVD/simple_cases/rip_2d_foam/depth_a15.txt
3f3a57dfea4163660ae33d25ba1c24f2782ca04f33c61ce9c312ef7d364af293,2,models/FUNWAVE/raw/source_code/FUNWAVE-TVD/simple_cases/tide_gen_abs_data/.output/eta_00001 | models/FUNWAVE/raw/source_code/FUNWAVE-TVD/simple_cases/tide_time_spectra/.output/eta_00001
3f3f9104197821d990bff7b3e2f63a8dd62c3125d04b0bb0d2b71b8e3e7717b5,2,models/FUNWAVE/raw/source_code/FUNWAVE-TVD/benchmarks/car_conical_island/work_case_A/A.txt | models/FUNWAVE/raw/source_code/FUNWAVE-TVD/benchmarks/sph_conical_island/work_case_A/A.txt
4262fe97fc61c7f1453324bd7534eda6451b45f04efb76857fb6a634c46d0fab,4,models/FUNWAVE/raw/source_code/FUNWAVE-TVD/simple_cases/tide_gen_abs_data/.output/mask_00042 | models/FUNWAVE/raw/source_code/FUNWAVE-TVD/simple_cases/tide_gen_abs_data/.output/mask_00043 | models/FUNWAVE/raw/source_code/FUNWAVE-TVD/simple_cases/tide_time_spectra/.output/mask_00042 | models/FUNWAVE/raw/source_code/FUNWAVE-TVD/simple_cases/tide_time_spectra/.output/mask_00043
43d6b479cacc3a127f2291b9ab169b9fb1fcfecaabb6e3fe039236eedae80489,2,models/FUNWAVE/raw/source_code/FUNWAVE-TVD/simple_cases/tide_gen_abs_data/.output/mask_00058 | models/FUNWAVE/raw/source_code/FUNWAVE-TVD/simple_cases/tide_time_spectra/.output/mask_00058
44ebfc923dc5466bc009602f0ecf067b9c65459abfe8868ddc49b78e6ced7a92,2,models/FUNWAVE/raw/source_code/FUNWAVE-GPU/.git/hooks/sendemail-validate.sample | models/FUNWAVE/raw/source_code/FUNWAVE-TVD/.git/hooks/sendemail-validate.sample
45de1e6364674c772f973495db2452a73f92e96cbd4525c5ffa2bd9d39210ad7,2,models/FUNWAVE/raw/source_code/FUNWAVE-TVD/simple_cases/tide_gen_abs_data/.output/eta_00035 | models/FUNWAVE/raw/source_code/FUNWAVE-TVD/simple_cases/tide_time_spectra/.output/eta_00035
467a19aca99065be2baa51cf0e735f447c69e510a3c7a3e07c0a4f5a41b93c20,3,models/FUNWAVE/raw/source_code/FUNWAVE-GPU/.git/logs/HEAD | models/FUNWAVE/raw/source_code/FUNWAVE-GPU/.git/logs/refs/heads/master | models/FUNWAVE/raw/source_code/FUNWAVE-GPU/.git/logs/refs/remotes/origin/HEAD
476f777ed7c19a406ac64829ee7ad27721f7628d6500afea356386e233249943,2,models/FUNWAVE/raw/source_code/FUNWAVE-TVD/simple_cases/tide_gen_abs_data/.output/mask_00004 | models/FUNWAVE/raw/source_code/FUNWAVE-TVD/simple_cases/tide_time_spectra/.output/mask_00004
47cc6414389cc098c22d5898660647af02645c7882e6d202873affd267614634,2,models/FUNWAVE/raw/source_code/FUNWAVE-TVD/simple_cases/tide_gen_abs_data/.output/mask_00033 | models/FUNWAVE/raw/source_code/FUNWAVE-TVD/simple_cases/tide_time_spectra/.output/mask_00033
4d9873767e16605926bc3ea48a17681c7744df47b27c868d263b735c951fd6d0,2,models/FUNWAVE/raw/source_code/FUNWAVE-TVD/simple_cases/tide_gen_abs_data/.output/mask_00031 | models/FUNWAVE/raw/source_code/FUNWAVE-TVD/simple_cases/tide_time_spectra/.output/mask_00031
4fe150238908f352ed2865939f2f932981929ebb7d4e765860dfccd7628dfd29,2,models/FUNWAVE/raw/source_code/FUNWAVE-TVD/simple_cases/tide_gen_abs_data/.output/eta_00026 | models/FUNWAVE/raw/source_code/FUNWAVE-TVD/simple_cases/tide_time_spectra/.output/eta_00026
4febce867790052338076f4e66cc47efb14879d18097d1d61c8261859eaaa7b3,2,models/FUNWAVE/raw/source_code/FUNWAVE-GPU/.git/hooks/pre-rebase.sample | models/FUNWAVE/raw/source_code/FUNWAVE-TVD/.git/hooks/pre-rebase.sample
538633d315a262e86c02c14709aefbf3d13a4f95ab81ece687ba56dddff24228,2,models/FUNWAVE/raw/source_code/FUNWAVE-TVD/simple_cases/multi_vessel_morphology/plot_wave.m | models/FUNWAVE/raw/source_code/FUNWAVE-TVD/simple_cases/single_vessel_morphology/plot_wave.m
54bb360fb3e196960c3766302c054109c5cb35b91424436b23f377858f853b6c,2,models/FUNWAVE/raw/source_code/FUNWAVE-TVD/simple_cases/tide_gen_abs_data/.output/mask_00053 | models/FUNWAVE/raw/source_code/FUNWAVE-TVD/simple_cases/tide_time_spectra/.output/mask_00053
59dbec885b6003dc0f5af643753a934d994a3e977ab8e1cc1a08e124cb7f1a76,2,models/FUNWAVE/raw/source_code/FUNWAVE-TVD/simple_cases/tide_gen_abs_data/.output/eta_00050 | models/FUNWAVE/raw/source_code/FUNWAVE-TVD/simple_cases/tide_time_spectra/.output/eta_00050
5a2cd4c776f6ced1e4927174c9d0700efab2313174393934039ad2cd61179e9a,2,models/FUNWAVE/raw/source_code/FUNWAVE-TVD/simple_cases/tide_gen_abs_data/.output/mask_00027 | models/FUNWAVE/raw/source_code/FUNWAVE-TVD/simple_cases/tide_time_spectra/.output/mask_00027
5a4b3579bce25a7f324edeaf8d640302ad6496f781db01f5a59657b4db8d4b78,2,models/FUNWAVE/raw/source_code/FUNWAVE-TVD/benchmarks/car_conical_island/work_case_A/caseA.pdf | models/FUNWAVE/raw/source_code/FUNWAVE-TVD/benchmarks/sph_conical_island/work_case_A/caseA_cart.pdf
5aca9f12769060a12442fb66f6fe633bc12b01864b9b1f6dadd216b261a6f342,2,models/FUNWAVE/raw/source_code/FUNWAVE-TVD/GNUMake/Old_Version_Makefiles/Makefile-Jim-intel | models/FUNWAVE/raw/source_code/FUNWAVE-TVD/src/Makefile-Jim-intel
5c7f315b9ebc195ba7e93abf434fe0dcbff2524982732e7192f62c070f55ca75,2,models/FUNWAVE/raw/source_code/FUNWAVE-TVD/simple_cases/tide_gen_abs_data/.output/eta_00011 | models/FUNWAVE/raw/source_code/FUNWAVE-TVD/simple_cases/tide_time_spectra/.output/eta_00011
5ddf5444304e028257d1eb8f7de2468a318cde61cd3f870c006961497fd05407,2,models/FUNWAVE/raw/source_code/FUNWAVE-TVD/benchmarks/car_conical_island/work_case_B/caseB.eps | models/FUNWAVE/raw/source_code/FUNWAVE-TVD/benchmarks/sph_conical_island/work_case_B/caseB_cart.eps
5ea0e6d39cc24859946688a967955429b5672d85a3a554c1869aefb86ea6e6b9,2,models/FUNWAVE/raw/source_code/FUNWAVE-TVD/simple_cases/rip_tracking/bathy/makebath.m | models/FUNWAVE/raw/source_code/FUNWAVE-TVD/simple_cases/sediment_rip/bathy/makebath.m
5ed80a5d824180882140e0768043daf297c9afbe7d7d8fe2a6403bb440461566,2,models/FUNWAVE/raw/source_code/FUNWAVE-TVD/simple_cases/tide_gen_abs_data/.output/mask_00005 | models/FUNWAVE/raw/source_code/FUNWAVE-TVD/simple_cases/tide_time_spectra/.output/mask_00005
61393b620e37f94b4c3d4f1ae87f6041b6d1ef879761bb4828c4b8dae26e5225,2,models/FUNWAVE/raw/source_code/FUNWAVE-TVD/simple_cases/tide_gen_abs_data/.output/eta_00047 | models/FUNWAVE/raw/source_code/FUNWAVE-TVD/simple_cases/tide_time_spectra/.output/eta_00047
614cd95510029b498098b51b04251695336dd4f569ebe3b4357880cf8700026b,3,models/FUNWAVE/raw/source_code/FUNWAVE-TVD/simple_cases/tide_abs_2bc_data/Grid_Range.out | models/FUNWAVE/raw/source_code/FUNWAVE-TVD/simple_cases/tide_gen_abs_data/Grid_Range.out | models/FUNWAVE/raw/source_code/FUNWAVE-TVD/simple_cases/tide_time_spectra/Grid_Range.out
62a75b23349ce6ef893a0b47399e93daa1c52ff285595424ed6974005fc20034,2,models/FUNWAVE/raw/source_code/FUNWAVE-TVD/simple_cases/tide_gen_abs_data/.output/eta_00027 | models/FUNWAVE/raw/source_code/FUNWAVE-TVD/simple_cases/tide_time_spectra/.output/eta_00027
63485e43008c30c340adb6253321ee6362817f546023636f6c203040fd74d6eb,2,models/FUNWAVE/raw/source_code/FUNWAVE-TVD/simple_cases/tide_gen_abs_data/.output/eta_00000 | models/FUNWAVE/raw/source_code/FUNWAVE-TVD/simple_cases/tide_time_spectra/.output/eta_00000
6536a36f9ff299bf9bcaa104126ac6ef8b0e795f7ed3b5390325e49431cb6f7a,2,models/FUNWAVE/raw/source_code/FUNWAVE-TVD/simple_cases/tide_gen_abs_data/.output/mask_00024 | models/FUNWAVE/raw/source_code/FUNWAVE-TVD/simple_cases/tide_time_spectra/.output/mask_00024
65dd7e052652547351b8cbf180ea00f6bc2f6a6a67149b82e03ff499f7e52ac4,2,models/FUNWAVE/raw/source_code/FUNWAVE-TVD/simple_cases/tide_gen_abs_data/.output/eta_00041 | models/FUNWAVE/raw/source_code/FUNWAVE-TVD/simple_cases/tide_time_spectra/.output/eta_00041
6671fe83b7a07c8932ee89164d1f2793b2318058eb8b98dc5c06ee0a5a3b0ec1,2,models/FUNWAVE/raw/source_code/FUNWAVE-GPU/.git/info/exclude | models/FUNWAVE/raw/source_code/FUNWAVE-TVD/.git/info/exclude
6803538e15cef23f8b4b556a4425c555770c37417c1641ca4b2f34b1df1a470a,2,models/FUNWAVE/raw/source_code/FUNWAVE-TVD/simple_cases/tide_gen_abs_data/.output/eta_00008 | models/FUNWAVE/raw/source_code/FUNWAVE-TVD/simple_cases/tide_time_spectra/.output/eta_00008
6b5019a6fb52290c1de4eb41fb7558b4492d673a2d0d756eaf92f9c01ae589df,2,models/FUNWAVE/raw/source_code/FUNWAVE-TVD/simple_cases/tide_gen_abs_data/.output/eta_00029 | models/FUNWAVE/raw/source_code/FUNWAVE-TVD/simple_cases/tide_time_spectra/.output/eta_00029
6b52906f147cd4af94494711e7b859064284ad5bc6d0fb7bc786f4e8783cff72,2,models/FUNWAVE/raw/source_code/FUNWAVE-TVD/simple_cases/tide_gen_abs_data/.output/mask_00001 | models/FUNWAVE/raw/source_code/FUNWAVE-TVD/simple_cases/tide_time_spectra/.output/mask_00001
6bef8f5f17175d4bc6e1055c0a722c893d213ed310265a58a328bc2a34eb3d83,2,models/FUNWAVE/raw/source_code/FUNWAVE-TVD/simple_cases/tide_gen_abs_data/.output/mask_00018 | models/FUNWAVE/raw/source_code/FUNWAVE-TVD/simple_cases/tide_time_spectra/.output/mask_00018
6cc47a956e27d70fc3525cea3d15dbfb9fef901ae9113977c033c2b73574d9b4,2,models/FUNWAVE/raw/source_code/FUNWAVE-TVD/simple_cases/tide_gen_abs_data/.output/mask_00010 | models/FUNWAVE/raw/source_code/FUNWAVE-TVD/simple_cases/tide_time_spectra/.output/mask_00010
6cc6aae715b27bc3bfa8a43f8c26bbfb3dc7a670cf45370e9c82a48bf3a51e08,2,models/FUNWAVE/raw/source_code/FUNWAVE-TVD/simple_cases/tide_gen_abs_data/.output/mask_00011 | models/FUNWAVE/raw/source_code/FUNWAVE-TVD/simple_cases/tide_time_spectra/.output/mask_00011
6d4e776d7034640bf5b6190e1fe8c1953a23f4118ac2bd15b6b91d44142d9d87,2,models/FUNWAVE/raw/source_code/FUNWAVE-TVD/simple_cases/tide_gen_abs_data/.output/mask_00040 | models/FUNWAVE/raw/source_code/FUNWAVE-TVD/simple_cases/tide_time_spectra/.output/mask_00040
6f03dea5711fc0c49b02902bcd5b01ee8c7795bc1353ddd6c9afdc1b89a68463,2,models/FUNWAVE/raw/source_code/FUNWAVE-TVD/simple_cases/tide_gen_abs_data/.output/eta_00055 | models/FUNWAVE/raw/source_code/FUNWAVE-TVD/simple_cases/tide_time_spectra/.output/eta_00055
6fda7d00e44c3bb894f4df0aff558b7d7ec81dcb6331ad447d7eb5ebd424612e,2,models/FUNWAVE/raw/source_code/FUNWAVE-TVD/simple_cases/tide_frf_abc_data/work/depth_1mx2m.txt | models/FUNWAVE/raw/source_code/FUNWAVE-TVD/test_bathy/depth_1mx2m.txt
71534b59ce0b43ca61f5a721f44519f7407383fb2a92c8b006868e7796cead6a,2,models/FUNWAVE/raw/source_code/FUNWAVE-TVD/simple_cases/left_bc_wavemaker/Makefile | models/FUNWAVE/raw/source_code/FUNWAVE-TVD/simple_cases/tide_gen_abs_data/Makefile
7482b51ce65e240a07b987c80e61ead8ab7756eb077e948164ded950905f8a5e,2,models/FUNWAVE/raw/source_code/FUNWAVE-TVD/simple_cases/tide_gen_abs_data/.output/mask_00050 | models/FUNWAVE/raw/source_code/FUNWAVE-TVD/simple_cases/tide_time_spectra/.output/mask_00050
74ab8fb7fbb92f8cc0545eb2b711dee39f510ea9da43f56a9ab0516d7a8e8d79,3,models/FUNWAVE/raw/source_code/FUNWAVE-TVD/simple_cases/IG_waves/2_wave_components/wvnum_omvec.m | models/FUNWAVE/raw/source_code/FUNWAVE-TVD/simple_cases/IG_waves/spectral_data/wvnum_omvec.m | models/FUNWAVE/raw/source_code/FUNWAVE-TVD/simple_cases/vertical_velocity_structure/wvnum_omvec.m
74cebc2bfafe038e3b1bd0b47f33e1830c766e1c64c60615076caa275927f152,2,models/FUNWAVE/raw/source_code/FUNWAVE-TVD/simple_cases/tide_gen_abs_data/.output/mask_00007 | models/FUNWAVE/raw/source_code/FUNWAVE-TVD/simple_cases/tide_time_spectra/.output/mask_00007
7510e692ffe5b4a4dd0a5da805e8a793c039dd58aab59096b121b0bd4ae2ec92,2,models/FUNWAVE/raw/source_code/FUNWAVE-TVD/benchmarks/sph_sol_plane_statis/input_s10_h10_a.5.txt | models/FUNWAVE/raw/source_code/FUNWAVE-TVD/benchmarks/sph_sol_plane_statis/input_s10h10a.5dx.25.txt
76200232263da61e7d5d4fe5dc0c729b16d2b35f2acacb6f1aaa27f7ef24befd,2,models/FUNWAVE/raw/source_code/FUNWAVE-TVD/benchmarks/sph_conical_island/work_case_A/gauges.txt | models/FUNWAVE/raw/source_code/FUNWAVE-TVD/benchmarks/sph_conical_island/work_case_C/gauges.txt
76bbc82c82d5ac712952bbd18de13d461152cf63143af51f97a148b20bd5f80e,2,models/FUNWAVE/raw/source_code/FUNWAVE-TVD/simple_cases/tide_gen_abs_data/.output/eta_00013 | models/FUNWAVE/raw/source_code/FUNWAVE-TVD/simple_cases/tide_time_spectra/.output/eta_00013
76da429e42f14d5cedcd8712b2a4234140758cbe419018345a3b9f447f902813,2,models/FUNWAVE/raw/source_code/FUNWAVE-TVD/simple_cases/tide_gen_abs_data/.output/mask_00021 | models/FUNWAVE/raw/source_code/FUNWAVE-TVD/simple_cases/tide_time_spectra/.output/mask_00021
7a4e110c06347b7f2e7b8eb65a2db546ec7356ac845e9d839791ea292ff03504,2,models/FUNWAVE/raw/source_code/FUNWAVE-TVD/simple_cases/tide_gen_abs_data/.output/eta_00039 | models/FUNWAVE/raw/source_code/FUNWAVE-TVD/simple_cases/tide_time_spectra/.output/eta_00039
7bce56c7e0b261d0a49ec443bf25ef2d9ad627c7e9d48ab481e381353b76a6b2,2,models/FUNWAVE/raw/source_code/FUNWAVE-TVD/simple_cases/tide_gen_abs_data/.output/mask_00002 | models/FUNWAVE/raw/source_code/FUNWAVE-TVD/simple_cases/tide_time_spectra/.output/mask_00002
7bf17411be496d19f47d7cfa945281582029a1f5f821221f3d1eccb26d56891a,2,models/FUNWAVE/raw/source_code/FUNWAVE-TVD/simple_cases/tide_gen_abs_data/.output/mask_00003 | models/FUNWAVE/raw/source_code/FUNWAVE-TVD/simple_cases/tide_time_spectra/.output/mask_00003
7d6cf2ec4653d16935f86405b3ebab5b0180ea119219ab81ee16b94d8f6f0747,2,models/FUNWAVE/raw/source_code/FUNWAVE-TVD/simple_cases/tide_gen_abs_data/.output/eta_00010 | models/FUNWAVE/raw/source_code/FUNWAVE-TVD/simple_cases/tide_time_spectra/.output/eta_00010
7dffc8cf6cec324a6db30dab62aa3ac410d3dcc9c10e274d5e8e4c5a10a85cff,2,models/FUNWAVE/raw/source_code/FUNWAVE-TVD/simple_cases/tide_gen_abs_data/.output/eta_00028 | models/FUNWAVE/raw/source_code/FUNWAVE-TVD/simple_cases/tide_time_spectra/.output/eta_00028
7efd173355aadfcdac0a3d566ee51af1ee6b43b95a769942227c851aee265d38,2,models/FUNWAVE/raw/source_code/FUNWAVE-TVD/simple_cases/tide_gen_abs_data/.output/eta_00046 | models/FUNWAVE/raw/source_code/FUNWAVE-TVD/simple_cases/tide_time_spectra/.output/eta_00046
7f943d8a30e06d809e58f7b1564f7c3246e86fdcfd45a154c22a38710ff62d0a,2,models/FUNWAVE/raw/source_code/FUNWAVE-TVD/simple_cases/tide_gen_abs_data/.output/eta_00023 | models/FUNWAVE/raw/source_code/FUNWAVE-TVD/simple_cases/tide_time_spectra/.output/eta_00023
805b6a30b893576293cf8fb8d87e6bb5e1009f1c27a9861c29e8356f291cb654,6,models/FUNWAVE/raw/source_code/FUNWAVE-TVD/benchmarks/car_conical_island/work_case_A/gauges.txt | models/FUNWAVE/raw/source_code/FUNWAVE-TVD/benchmarks/car_conical_island/work_case_B/gauges.txt | models/FUNWAVE/raw/source_code/FUNWAVE-TVD/benchmarks/car_conical_island/work_case_C/gauges.txt | models/FUNWAVE/raw/source_code/FUNWAVE-TVD/benchmarks/sph_conical_island/work_case_A/gauges_ij.txt | models/FUNWAVE/raw/source_code/FUNWAVE-TVD/benchmarks/sph_conical_island/work_case_B/gauges_ij.txt | models/FUNWAVE/raw/source_code/FUNWAVE-TVD/benchmarks/sph_conical_island/work_case_C/gauges_ij.txt
81765af2daef323061dcbc5e61fc16481cb74b3bac9ad8a174b186523586f6c5,2,models/FUNWAVE/raw/source_code/FUNWAVE-GPU/.git/hooks/post-update.sample | models/FUNWAVE/raw/source_code/FUNWAVE-TVD/.git/hooks/post-update.sample
83f9507b2a15f2c59ef86dab60cf2708812499812c2967557c76829078dc9bf4,2,models/FUNWAVE/raw/source_code/FUNWAVE-TVD/benchmarks/car_conical_island/work_case_C/caseC.pdf | models/FUNWAVE/raw/source_code/FUNWAVE-TVD/benchmarks/sph_conical_island/work_case_C/caseC_cart.pdf
8554d008b28c7335e7ae4a91c2258290c987eea7db70fcc18fa828864f1e821e,6,models/FUNWAVE/raw/source_code/FUNWAVE-TVD/simple_cases/tide_gen_abs_data/.output/mask_00044 | models/FUNWAVE/raw/source_code/FUNWAVE-TVD/simple_cases/tide_gen_abs_data/.output/mask_00045 | models/FUNWAVE/raw/source_code/FUNWAVE-TVD/simple_cases/tide_gen_abs_data/.output/mask_00046 | models/FUNWAVE/raw/source_code/FUNWAVE-TVD/simple_cases/tide_time_spectra/.output/mask_00044 | models/FUNWAVE/raw/source_code/FUNWAVE-TVD/simple_cases/tide_time_spectra/.output/mask_00045 | models/FUNWAVE/raw/source_code/FUNWAVE-TVD/simple_cases/tide_time_spectra/.output/mask_00046
85ab6c163d43a17ea9cf7788308bca1466f1b0a8d1cc92e26e9bf63da4062aee,2,models/FUNWAVE/raw/source_code/FUNWAVE-GPU/.git/description | models/FUNWAVE/raw/source_code/FUNWAVE-TVD/.git/description
85d9d23b923f3a83aa2609b8c9d8e8717ef123b11f9c8d0cb74e2f81724467a5,2,models/FUNWAVE/raw/source_code/FUNWAVE-TVD/simple_cases/tide_abs_2bc_data/tide_data_west.txt | models/FUNWAVE/raw/source_code/FUNWAVE-TVD/simple_cases/tide_gen_abs_data/tide_data_west.txt
89b3e969cc4fe0a7d4586de7a67d00b72222fbbdb2da2fd39fa0d56e049b6187,2,models/FUNWAVE/raw/source_code/FUNWAVE-TVD/simple_cases/tide_gen_abs_data/.output/eta_00007 | models/FUNWAVE/raw/source_code/FUNWAVE-TVD/simple_cases/tide_time_spectra/.output/eta_00007
89b9b8eeeaea2f07eb67cefef51ee8c92c903f08dc4eb7b60b4c1aa918d51064,2,models/FUNWAVE/raw/source_code/FUNWAVE-TVD/simple_cases/tide_gen_abs_data/.output/eta_00036 | models/FUNWAVE/raw/source_code/FUNWAVE-TVD/simple_cases/tide_time_spectra/.output/eta_00036
89dacb629ba121b594bb475e111ab6b9c7f43c399468e6eab520b8d56640ab32,10,models/FUNWAVE/raw/source_code/FUNWAVE-TVD/simple_cases/tide_gen_abs_data/.output/mask_00000 | models/FUNWAVE/raw/source_code/FUNWAVE-TVD/simple_cases/tide_gen_abs_data/.output/mask_00015 | models/FUNWAVE/raw/source_code/FUNWAVE-TVD/simple_cases/tide_gen_abs_data/.output/mask_00028 | models/FUNWAVE/raw/source_code/FUNWAVE-TVD/simple_cases/tide_gen_abs_data/.output/mask_00029 | models/FUNWAVE/raw/source_code/FUNWAVE-TVD/simple_cases/tide_gen_abs_data/.output/mask_00030 | models/FUNWAVE/raw/source_code/FUNWAVE-TVD/simple_cases/tide_time_spectra/.output/mask_00000 | models/FUNWAVE/raw/source_code/FUNWAVE-TVD/simple_cases/tide_time_spectra/.output/mask_00015 | models/FUNWAVE/raw/source_code/FUNWAVE-TVD/simple_cases/tide_time_spectra/.output/mask_00028 | models/FUNWAVE/raw/source_code/FUNWAVE-TVD/simple_cases/tide_time_spectra/.output/mask_00029 | models/FUNWAVE/raw/source_code/FUNWAVE-TVD/simple_cases/tide_time_spectra/.output/mask_00030
8a34027aad4e90aab0a16444f9dca6fe4b5eec3632642e5a3fccdb443546e5ac,2,models/FUNWAVE/raw/source_code/FUNWAVE-TVD/simple_cases/tide_gen_abs_data/.output/eta_00032 | models/FUNWAVE/raw/source_code/FUNWAVE-TVD/simple_cases/tide_time_spectra/.output/eta_00032
8a343802bd2d21c9027b3b9bb1901bec6f6b17e38aa4038d8a0d88306ceff0a2,2,models/FUNWAVE/raw/source_code/FUNWAVE-TVD/.git/refs/heads/master | models/FUNWAVE/raw/source_code/FUNWAVE-TVD/.git/shallow
8a47e4ae89392c350f9e8bbb20af8880d387011668e1c7e8539ee8d5585e30be,2,models/FUNWAVE/raw/source_code/FUNWAVE-TVD/simple_cases/tide_gen_abs_data/.output/mask_00036 | models/FUNWAVE/raw/source_code/FUNWAVE-TVD/simple_cases/tide_time_spectra/.output/mask_00036
8c7547c03ba58a60b5bc78ad80709de016e0226ea77200fbe598bd9e0df09d12,4,models/FUNWAVE/raw/source_code/FUNWAVE-TVD/simple_cases/multi_vessel_morphology/mk_depth.F | models/FUNWAVE/raw/source_code/FUNWAVE-TVD/simple_cases/single_vessel_cohesive/mk_depth.F | models/FUNWAVE/raw/source_code/FUNWAVE-TVD/simple_cases/single_vessel_morphology/mk_depth.F | models/FUNWAVE/raw/source_code/FUNWAVE-TVD/simple_cases/single_vessel_short_channel/bathy/mk_depth.F
8d5f2fa83e103cf08b57eaa67521df9194f45cbdbcb37da52ad586097a14d106,2,models/FUNWAVE/raw/source_code/FUNWAVE-GPU/.git/hooks/update.sample | models/FUNWAVE/raw/source_code/FUNWAVE-TVD/.git/hooks/update.sample
90eba11f1ebab1c1fa70fc82c27cb0074251e8b3b42c722cfd5c2a565d2f5e6b,2,models/FUNWAVE/raw/source_code/FUNWAVE-TVD/simple_cases/tide_gen_abs_data/.output/mask_00037 | models/FUNWAVE/raw/source_code/FUNWAVE-TVD/simple_cases/tide_time_spectra/.output/mask_00037
945073685489ca1d29f975bf5057390cf69da7718084eb94805bc0da69ba85a4,3,models/FUNWAVE/raw/source_code/FUNWAVE-TVD/simple_cases/vessel_flat_bottom/Makefile | models/FUNWAVE/raw/source_code/FUNWAVE-TVD/simple_cases/vessel_island_beach/Makefile | models/FUNWAVE/raw/source_code/FUNWAVE-TVD/simple_cases/vessel_types_compare/Makefile
9606a7109cd177590ff432123c45591c1ceea115b114718eca38b02e961f98b9,2,models/FUNWAVE/raw/source_code/FUNWAVE-TVD/simple_cases/tide_gen_abs_data/.output/eta_00004 | models/FUNWAVE/raw/source_code/FUNWAVE-TVD/simple_cases/tide_time_spectra/.output/eta_00004
96283a7afc484f2af7b32b706cf8edbfeb61ef57e43b111acadc61721b8bd3c1,2,models/FUNWAVE/raw/source_code/FUNWAVE-TVD/simple_cases/tide_gen_abs_data/.output/mask_00055 | models/FUNWAVE/raw/source_code/FUNWAVE-TVD/simple_cases/tide_time_spectra/.output/mask_00055
98f0fd631447359f6e06feb1f78a6ada32f9c08efcc8ee4c12c1890d2b43dc95,2,models/FUNWAVE/raw/source_code/FUNWAVE-TVD/simple_cases/tide_gen_abs_data/input.txt | models/FUNWAVE/raw/source_code/FUNWAVE-TVD/test_bathy/input.txt
9a8de8c9218b620b29d2166b7eace7a6d4a87f5224efe0a12155dabf2e3cc7d4,2,models/FUNWAVE/raw/source_code/FUNWAVE-TVD/simple_cases/tide_gen_abs_data/.output/eta_00024 | models/FUNWAVE/raw/source_code/FUNWAVE-TVD/simple_cases/tide_time_spectra/.output/eta_00024
9cb6b7f44c503e0de9fdfac6253cbb7d69e5f40cb7ac647c112772588d6229f2,2,models/FUNWAVE/raw/source_code/FUNWAVE-TVD/simple_cases/tide_gen_abs_data/.output/mask_00054 | models/FUNWAVE/raw/source_code/FUNWAVE-TVD/simple_cases/tide_time_spectra/.output/mask_00054
9f3b44d61951878dfef2ca640330ba9ac347be078fe3e5507239c8cc751b257b,2,models/FUNWAVE/raw/source_code/FUNWAVE-TVD/simple_cases/vessel_flat_bottom/postprocessing/eta_flat_vessel.png | models/FUNWAVE/raw/source_code/FUNWAVE-TVD/simple_cases/vessel_types_compare/postprocessing/eta_flat_vessel.png
9f61236398c57b844842195760535dc131bfa35f5a884363887ce7b9bbb57cc4,2,models/FUNWAVE/raw/source_code/FUNWAVE-TVD/simple_cases/tide_gen_abs_data/.output/mask_00013 | models/FUNWAVE/raw/source_code/FUNWAVE-TVD/simple_cases/tide_time_spectra/.output/mask_00013
a07a390af98134e66f4c0b8bd1dfd64fa7f50b739e5721b910b4887c3f553552,2,models/FUNWAVE/raw/source_code/FUNWAVE-TVD/simple_cases/tide_gen_abs_data/.output/eta_00020 | models/FUNWAVE/raw/source_code/FUNWAVE-TVD/simple_cases/tide_time_spectra/.output/eta_00020
a24ce193f993e90305ceccd7d916a64a9dcb70e57114e88d4432179c7bc1a4ef,2,models/FUNWAVE/raw/source_code/FUNWAVE-TVD/simple_cases/tide_gen_abs_data/.output/mask_00048 | models/FUNWAVE/raw/source_code/FUNWAVE-TVD/simple_cases/tide_time_spectra/.output/mask_00048
a3764e5b5290d8dceb22b4fa5a185af78ae0a4c02ad18004634a452a8b70ab76,2,models/FUNWAVE/raw/source_code/FUNWAVE-TVD/simple_cases/IG_waves/2_wave_components/SPC_angle.txt | models/FUNWAVE/raw/source_code/FUNWAVE-TVD/simple_cases/IG_waves/spectral_data/SPC_angle.txt
a4c3d2b9c7bb3fd8d1441c31bd4ee71a595d66b44fcf49ddb310252320169989,2,models/FUNWAVE/raw/source_code/FUNWAVE-GPU/.git/hooks/pre-receive.sample | models/FUNWAVE/raw/source_code/FUNWAVE-TVD/.git/hooks/pre-receive.sample
a53d0741798b287c6dd7afa64aee473f305e65d3f49463bb9d7408ec3b12bf5f,2,models/FUNWAVE/raw/source_code/FUNWAVE-GPU/.git/hooks/push-to-checkout.sample | models/FUNWAVE/raw/source_code/FUNWAVE-TVD/.git/hooks/push-to-checkout.sample
a9fbbcb6ff042ab291da191ec24a40ca73e3f2664615e5f19c3dd10200257061,2,models/FUNWAVE/raw/source_code/FUNWAVE-TVD/simple_cases/tide_gen_abs_data/.output/mask_00025 | models/FUNWAVE/raw/source_code/FUNWAVE-TVD/simple_cases/tide_time_spectra/.output/mask_00025
ad0033966a16baba726a99b456184d7b493f5e5b663e9cc1e3cd58b0bd4e4402,2,models/FUNWAVE/raw/source_code/FUNWAVE-GPU/src/tridiagnal.F | models/FUNWAVE/raw/source_code/FUNWAVE-TVD/src/tridiagnal.F
ad3eb8f4c2b8cc168c54e74d5b01191791ad04f84b7e2ff339f1b51fe276dae1,2,models/FUNWAVE/raw/source_code/FUNWAVE-TVD/simple_cases/tide_gen_abs_data/.output/eta_00042 | models/FUNWAVE/raw/source_code/FUNWAVE-TVD/simple_cases/tide_time_spectra/.output/eta_00042
ae3f5152d63994816ffd38395916c726ac1955c228ce3b43101e692632f808c6,3,models/FUNWAVE/raw/source_code/FUNWAVE-TVD/.git/logs/HEAD | models/FUNWAVE/raw/source_code/FUNWAVE-TVD/.git/logs/refs/heads/master | models/FUNWAVE/raw/source_code/FUNWAVE-TVD/.git/logs/refs/remotes/origin/HEAD
b0d7afbb3c6f635930f249f4ef4285cbea6c006484c80c15b71c9ef000140ef2,2,models/FUNWAVE/raw/source_code/FUNWAVE-TVD/simple_cases/rip_tracking/bathy/depth_a15.txt | models/FUNWAVE/raw/source_code/FUNWAVE-TVD/simple_cases/sediment_rip/bathy/depth_a15.txt
b3308c002ac7d657f835aab256f5d488fcd0a6c56e0efc392a3d3aec85235cef,2,models/FUNWAVE/raw/source_code/FUNWAVE-TVD/simple_cases/tide_gen_abs_data/.output/eta_00048 | models/FUNWAVE/raw/source_code/FUNWAVE-TVD/simple_cases/tide_time_spectra/.output/eta_00048
b569098c143e106cf728fb52ef751d489d43540dbe63fcf1d33b417bfd38d969,2,models/FUNWAVE/raw/source_code/FUNWAVE-TVD/simple_cases/tide_gen_abs_data/.output/eta_00019 | models/FUNWAVE/raw/source_code/FUNWAVE-TVD/simple_cases/tide_time_spectra/.output/eta_00019
b59add9d08dcb6d9c2a8cdd694e0ea15b4bc5febf9c52561cd8ecea4b993f476,2,models/FUNWAVE/raw/source_code/FUNWAVE-TVD/simple_cases/rip_2d/postprocessing/plot_eta_vor_commented.py | models/FUNWAVE/raw/source_code/FUNWAVE-TVD/simple_cases/rip_tracking/postprocessing/plot_eta_vor_commented.py
b63efd132ab6c87ecd27c277a485b51f3d777ee018eb061edf1918397b009072,2,models/FUNWAVE/raw/source_code/FUNWAVE-TVD/simple_cases/tide_gen_abs_data/.output/eta_00016 | models/FUNWAVE/raw/source_code/FUNWAVE-TVD/simple_cases/tide_time_spectra/.output/eta_00016
b9d9e75ca37fb61dc7d6666159f7d10de021ad3d2e7e47adfa22b7db99bdbace,2,models/FUNWAVE/raw/source_code/FUNWAVE-TVD/simple_cases/tide_gen_abs_data/.output/mask_00035 | models/FUNWAVE/raw/source_code/FUNWAVE-TVD/simple_cases/tide_time_spectra/.output/mask_00035
ba6e698edab4d18f54d134ae69b4248791874b4e914cf04ad62dbd26bf4d104b,2,models/FUNWAVE/raw/source_code/FUNWAVE-TVD/simple_cases/tide_gen_abs_data/.output/eta_00058 | models/FUNWAVE/raw/source_code/FUNWAVE-TVD/simple_cases/tide_time_spectra/.output/eta_00058
bcd6ed6b5cf95ea1e6f2f87b4a8205d2c73dba0b2eeb1ae2e38f060905a31b5b,2,models/FUNWAVE/raw/source_code/FUNWAVE-TVD/simple_cases/vessel_flat_bottom/postprocessing/plot_wave_vessel_commented.m | models/FUNWAVE/raw/source_code/FUNWAVE-TVD/simple_cases/vessel_types_compare/postprocessing/plot_wave_vessel_commented.m
be2828d73d8ca31fa4a69ce94b6198b302384d4de9e49eb35104463ad79ce537,2,models/FUNWAVE/raw/source_code/FUNWAVE-TVD/simple_cases/tide_gen_abs_data/.output/eta_00030 | models/FUNWAVE/raw/source_code/FUNWAVE-TVD/simple_cases/tide_time_spectra/.output/eta_00030
c58a30c2ae3245630995b8f32913c97cfa1bd9bbcff66f30767d121b65d7453d,4,models/FUNWAVE/raw/source_code/FUNWAVE-TVD/simple_cases/tide_gen_abs_data/.output/mask_00016 | models/FUNWAVE/raw/source_code/FUNWAVE-TVD/simple_cases/tide_gen_abs_data/.output/mask_00017 | models/FUNWAVE/raw/source_code/FUNWAVE-TVD/simple_cases/tide_time_spectra/.output/mask_00016 | models/FUNWAVE/raw/source_code/FUNWAVE-TVD/simple_cases/tide_time_spectra/.output/mask_00017
c673e221f46da77d918326d980c38935facd8944cfc5f134a401283e23c23d74,4,models/FUNWAVE/raw/source_code/FUNWAVE-TVD/simple_cases/tide_gen_abs_data/.output/mask_00008 | models/FUNWAVE/raw/source_code/FUNWAVE-TVD/simple_cases/tide_gen_abs_data/.output/mask_00009 | models/FUNWAVE/raw/source_code/FUNWAVE-TVD/simple_cases/tide_time_spectra/.output/mask_00008 | models/FUNWAVE/raw/source_code/FUNWAVE-TVD/simple_cases/tide_time_spectra/.output/mask_00009
ca0b3f26d89c9205ee35edba0a1641943166ad0a4da9338773e8f787eb4f5900,2,models/FUNWAVE/raw/source_code/FUNWAVE-TVD/simple_cases/tide_gen_abs_data/.output/eta_00009 | models/FUNWAVE/raw/source_code/FUNWAVE-TVD/simple_cases/tide_time_spectra/.output/eta_00009
cb54c0520fba65e0d73305cb981ddab9b7e52df42a936aa1c076b4cb87b78a6c,2,models/FUNWAVE/raw/source_code/FUNWAVE-TVD/simple_cases/tide_gen_abs_data/.output/eta_00012 | models/FUNWAVE/raw/source_code/FUNWAVE-TVD/simple_cases/tide_time_spectra/.output/eta_00012
cdc65e67690c4c6475174e5ec662b70655246a2f3924354778835ab3be70aa76,2,models/FUNWAVE/raw/source_code/FUNWAVE-GPU/.git/refs/remotes/origin/HEAD | models/FUNWAVE/raw/source_code/FUNWAVE-TVD/.git/refs/remotes/origin/HEAD
ce649138ef217c9a1d2eb2915fc2204b39d8359bfc60694d2feb987181089bbb,2,models/FUNWAVE/raw/source_code/FUNWAVE-TVD/simple_cases/tide_gen_abs_data/.output/eta_00018 | models/FUNWAVE/raw/source_code/FUNWAVE-TVD/simple_cases/tide_time_spectra/.output/eta_00018
d0ae02710499845815528714fea79c9136aac81dd56c1d57595d151df6aaffe3,2,models/FUNWAVE/raw/source_code/FUNWAVE-TVD/simple_cases/tide_gen_abs_data/.output/mask_00032 | models/FUNWAVE/raw/source_code/FUNWAVE-TVD/simple_cases/tide_time_spectra/.output/mask_00032
d1fafa788850d5171806049d4f921d7f9e6e9bd6bac62e573d48009425d65575,2,models/FUNWAVE/raw/source_code/FUNWAVE-TVD/simple_cases/tide_gen_abs_data/.output/mask_00012 | models/FUNWAVE/raw/source_code/FUNWAVE-TVD/simple_cases/tide_time_spectra/.output/mask_00012
d3825a70337940ebbd0a5c072984e13245920cdf8898bd225c8d27a6dfc9cb53,2,models/FUNWAVE/raw/source_code/FUNWAVE-GPU/.git/hooks/pre-merge-commit.sample | models/FUNWAVE/raw/source_code/FUNWAVE-TVD/.git/hooks/pre-merge-commit.sample
d53019e11741de38138f16de47704786d9b116f2c9a90bd5c72c6101b0c4b53e,2,models/FUNWAVE/raw/source_code/FUNWAVE-GPU/src/derivatives.F | models/FUNWAVE/raw/source_code/FUNWAVE-TVD/src/derivatives.F
d5ac3c99b1bfb2f73849b05468dd60a63b1ab6df6286d931af7bee66ffb6497a,2,models/FUNWAVE/raw/source_code/FUNWAVE-TVD/simple_cases/tide_gen_abs_data/.output/cd_breakwater.out | models/FUNWAVE/raw/source_code/FUNWAVE-TVD/simple_cases/tide_time_spectra/.output/cd_breakwater.out
d62faf0409953a462f5a565f977d3b3570e96c8fd147b9b7f512ce30252b5932,2,models/FUNWAVE/raw/source_code/FUNWAVE-TVD/simple_cases/tide_gen_abs_data/.output/eta_00021 | models/FUNWAVE/raw/source_code/FUNWAVE-TVD/simple_cases/tide_time_spectra/.output/eta_00021
d65165279105ca6773180500688df4bdc69a2c7b771752f0a46ef120b7fd8ec3,14,models/FUNWAVE/raw/source_code/FUNWAVE-TVD/funwave-work/.DS_Store | models/FUNWAVE/raw/source_code/FUNWAVE-TVD/simple_cases/beach_2d_radiation/.DS_Store | models/FUNWAVE/raw/source_code/FUNWAVE-TVD/simple_cases/rain_on_hills/postprocessing/.DS_Store | models/FUNWAVE/raw/source_code/FUNWAVE-TVD/simple_cases/surface_wave_1d/input_files/.DS_Store | models/FUNWAVE/raw/source_code/FUNWAVE-TVD/simple_cases/tide_abs_1bc_constant/work/.DS_Store | models/FUNWAVE/raw/source_code/FUNWAVE-TVD/simple_cases/tide_abs_2bc_data/.DS_Store | models/FUNWAVE/raw/source_code/FUNWAVE-TVD/simple_cases/tide_frf_abc_data/plots/.DS_Store | models/FUNWAVE/raw/source_code/FUNWAVE-TVD/simple_cases/tide_gen_abs_data/.DS_Store | models/FUNWAVE/raw/source_code/FUNWAVE-TVD/simple_cases/tide_time_spectra/.DS_Store | models/FUNWAVE/raw/source_code/FUNWAVE-TVD/simple_cases/tohoku_tsunami/work/.DS_Store | models/FUNWAVE/raw/source_code/FUNWAVE-TVD/simple_cases/vertical_velocity_structure/plots/.DS_Store | models/FUNWAVE/raw/source_code/FUNWAVE-TVD/simple_cases/vessel_propeller_effect/vessel/.DS_Store | models/FUNWAVE/raw/source_code/FUNWAVE-TVD/simple_cases/vessel_propeller_effect/vessel_propeller/.DS_Store | models/FUNWAVE/raw/source_code/FUNWAVE-TVD/src/.DS_Store
df9e2cf44df52cd189b8c3c698cbd3d64896e0741ddf0a7b5567e546471deea7,2,models/FUNWAVE/raw/source_code/FUNWAVE-TVD/simple_cases/surface_wave_1d/input_files/input.txt | models/FUNWAVE/raw/source_code/FUNWAVE-TVD/simple_cases/surface_wave_1d/input_files/input_irr.txt
dfda37c212e075aa1c4d5d706222c13c23f2e55dc9ae97ebd448667e68ef8c8f,2,models/FUNWAVE/raw/source_code/FUNWAVE-TVD/benchmarks/car_conical_island/input/depth.txt | models/FUNWAVE/raw/source_code/FUNWAVE-TVD/benchmarks/sph_conical_island/input/depth.txt
e0549964e93897b519bd8e333c037e51fff0f88ba13e086a331592bf801fa1d0,2,models/FUNWAVE/raw/source_code/FUNWAVE-GPU/.git/hooks/fsmonitor-watchman.sample | models/FUNWAVE/raw/source_code/FUNWAVE-TVD/.git/hooks/fsmonitor-watchman.sample
e15c5b469ea3e0a695bea6f2c82bcf8e62821074939ddd85b77e0007ff165475,2,models/FUNWAVE/raw/source_code/FUNWAVE-GPU/.git/hooks/pre-applypatch.sample | models/FUNWAVE/raw/source_code/FUNWAVE-TVD/.git/hooks/pre-applypatch.sample
e3b0c44298fc1c149afbf4c8996fb92427ae41e4649b934ca495991b7852b855,11,models/FUNWAVE/raw/source_code/FUNWAVE-TVD/benchmarks/car_Nwave_statis/station.txt | models/FUNWAVE/raw/source_code/FUNWAVE-TVD/benchmarks/sph_monai_valley/work/depth_blowup.dat | models/FUNWAVE/raw/source_code/FUNWAVE-TVD/benchmarks/sph_sol_plane_mea/breaking/station.txt | models/FUNWAVE/raw/source_code/FUNWAVE-TVD/benchmarks/sph_sol_plane_mea/nonbreaking/station.txt | models/FUNWAVE/raw/source_code/FUNWAVE-TVD/simple_cases/levee_1d/LOG.txt | models/FUNWAVE/raw/source_code/FUNWAVE-TVD/simple_cases/levee_1d/time_dt.out | models/FUNWAVE/raw/source_code/FUNWAVE-TVD/simple_cases/sediment_rip/work/time_dt.out | models/FUNWAVE/raw/source_code/FUNWAVE-TVD/simple_cases/tide_time_spectra/fort.1 | models/FUNWAVE/raw/source_code/FUNWAVE-TVD/simple_cases/tide_time_spectra/fort.500 | models/FUNWAVE/raw/source_code/FUNWAVE-TVD/simple_cases/tohoku_tsunami/work/time_dt.out | models/FUNWAVE/raw/source_code/FUNWAVE-TVD/simple_cases/vertical_velocity_structure/time_dt.out
e6a71c49a7627b7eab5fdf7d19ce7a0bf8104303f5463c790fc934ce6e0040a7,2,models/FUNWAVE/raw/source_code/FUNWAVE-TVD/simple_cases/tide_gen_abs_data/.output/eta_00043 | models/FUNWAVE/raw/source_code/FUNWAVE-TVD/simple_cases/tide_time_spectra/.output/eta_00043
e9ddcaa4189fddd25ed97fc8c789eca7b6ca16390b2392ae3276f0c8e1aa4619,2,models/FUNWAVE/raw/source_code/FUNWAVE-GPU/.git/hooks/prepare-commit-msg.sample | models/FUNWAVE/raw/source_code/FUNWAVE-TVD/.git/hooks/prepare-commit-msg.sample
ea827d78e542d4cb66278ba80e1c7ac75e963378b90e266310c512ff7c531385,2,models/FUNWAVE/raw/source_code/FUNWAVE-TVD/simple_cases/tide_gen_abs_data/.output/mask_00020 | models/FUNWAVE/raw/source_code/FUNWAVE-TVD/simple_cases/tide_time_spectra/.output/mask_00020
eb61d0e5293293d59fe3c17bc4f5596c7ef4706ec1d3daa879097f56761eb14b,2,models/FUNWAVE/raw/source_code/FUNWAVE-TVD/simple_cases/tide_gen_abs_data/.output/mask_00006 | models/FUNWAVE/raw/source_code/FUNWAVE-TVD/simple_cases/tide_time_spectra/.output/mask_00006
ebc560d0f83e19faa491c85ab8fe7458c6d716c4d139cc3c1f75a1d5ee37f502,3,models/FUNWAVE/raw/source_code/FUNWAVE-GPU/.git/refs/heads/master | models/FUNWAVE/raw/source_code/FUNWAVE-GPU/.git/refs/tags/v1.0 | models/FUNWAVE/raw/source_code/FUNWAVE-GPU/.git/shallow
ec7e0199d48ac83a61851b7aa26282ed48d7b7bdd37f410ac973835713bc14da,2,models/FUNWAVE/raw/source_code/FUNWAVE-TVD/simple_cases/tide_gen_abs_data/.output/mask_00041 | models/FUNWAVE/raw/source_code/FUNWAVE-TVD/simple_cases/tide_time_spectra/.output/mask_00041
ecce9c7e04d3f5dd9d8ada81753dd1d549a9634b26770042b58dda00217d086a,2,models/FUNWAVE/raw/source_code/FUNWAVE-GPU/.git/hooks/pre-push.sample | models/FUNWAVE/raw/source_code/FUNWAVE-TVD/.git/hooks/pre-push.sample
ed004fd9f084aa2abb864922cb23cb2f9b5543a1375ce27ba66a2b0e2677e7e3,2,models/FUNWAVE/raw/source_code/FUNWAVE-TVD/simple_cases/tide_gen_abs_data/.output/eta_00003 | models/FUNWAVE/raw/source_code/FUNWAVE-TVD/simple_cases/tide_time_spectra/.output/eta_00003
efe325ba6fc07a2d98ef265981ddf481b3c9876f8e289f4eeade527fc24b5422,2,models/FUNWAVE/raw/source_code/FUNWAVE-TVD/simple_cases/tide_gen_abs_data/.output/eta_00033 | models/FUNWAVE/raw/source_code/FUNWAVE-TVD/simple_cases/tide_time_spectra/.output/eta_00033
f058d5dbcbf309bd0de83e23a7918be39f42213e4a834943233882c6e36f1363,2,models/FUNWAVE/raw/source_code/FUNWAVE-TVD/simple_cases/tide_gen_abs_data/.output/eta_00040 | models/FUNWAVE/raw/source_code/FUNWAVE-TVD/simple_cases/tide_time_spectra/.output/eta_00040
f1d7bdcc90aefe500bd297427733bde90d32db21595dd8304d98174c6844f41d,2,models/FUNWAVE/raw/source_code/FUNWAVE-TVD/simple_cases/tide_gen_abs_data/.output/mask_00056 | models/FUNWAVE/raw/source_code/FUNWAVE-TVD/simple_cases/tide_time_spectra/.output/mask_00056
f256e48c6d8c5816ca9ced7a3146c78793bf1044182f76e07f02f4cb6e28831a,2,models/FUNWAVE/raw/source_code/FUNWAVE-TVD/simple_cases/tide_gen_abs_data/.output/mask_00038 | models/FUNWAVE/raw/source_code/FUNWAVE-TVD/simple_cases/tide_time_spectra/.output/mask_00038
f3f19a26b88a4f02a873868f993d95d253bdd0be6e17962392caf7cb41f781cf,3,models/FUNWAVE/raw/source_code/FUNWAVE-TVD/benchmarks/sph_comp_beach/case_A/depth_coarse.dat | models/FUNWAVE/raw/source_code/FUNWAVE-TVD/benchmarks/sph_comp_beach/case_B/depth_coarse.dat | models/FUNWAVE/raw/source_code/FUNWAVE-TVD/benchmarks/sph_comp_beach/case_C/depth_coarse.dat
f5aa5e902a029ed67f35c2e4c29430dc0ea9a7fcce6d7432e0602ed77834d90c,2,models/FUNWAVE/raw/source_code/FUNWAVE-TVD/simple_cases/tide_gen_abs_data/.output/mask_00014 | models/FUNWAVE/raw/source_code/FUNWAVE-TVD/simple_cases/tide_time_spectra/.output/mask_00014
f5d51d612501f3e80e4260a8c89a831489ad1f8b97df96b176859f0a9af5fd7f,2,models/FUNWAVE/raw/source_code/FUNWAVE-TVD/simple_cases/tide_gen_abs_data/.output/eta_00044 | models/FUNWAVE/raw/source_code/FUNWAVE-TVD/simple_cases/tide_time_spectra/.output/eta_00044
f60305a96e6c8de8b27844fec560582b8b35349c11c7552bdd894a86aebdebe3,2,models/FUNWAVE/raw/source_code/FUNWAVE-TVD/simple_cases/tide_gen_abs_data/.output/mask_00057 | models/FUNWAVE/raw/source_code/FUNWAVE-TVD/simple_cases/tide_time_spectra/.output/mask_00057
f6f2b945f6c411b02ba3da9c7ace88dcf71b6af65ba2e0d89aa82900042b5a10,2,models/FUNWAVE/raw/source_code/FUNWAVE-GPU/.git/HEAD | models/FUNWAVE/raw/source_code/FUNWAVE-TVD/.git/HEAD
f739029e64df76d9725e62ed8074eb0966e00d1f77230dd44c70493a7d02611e,2,models/FUNWAVE/raw/source_code/FUNWAVE-TVD/simple_cases/tide_gen_abs_data/.output/eta_00053 | models/FUNWAVE/raw/source_code/FUNWAVE-TVD/simple_cases/tide_time_spectra/.output/eta_00053
f8d30194ae2f60c870d2c2f7c3680e6ab8139dab52c354c3c92ee26d1df0a0a2,2,models/FUNWAVE/raw/source_code/FUNWAVE-TVD/simple_cases/tide_gen_abs_data/.output/eta_00002 | models/FUNWAVE/raw/source_code/FUNWAVE-TVD/simple_cases/tide_time_spectra/.output/eta_00002
f9261067f0262ea0431f997a16387f0ccbb99bfe5244748c467334778bd169b9,2,models/FUNWAVE/raw/source_code/FUNWAVE-TVD/simple_cases/tide_gen_abs_data/.output/eta_00005 | models/FUNWAVE/raw/source_code/FUNWAVE-TVD/simple_cases/tide_time_spectra/.output/eta_00005
f9a98b195f2fd87354dfb7b1d6f4f6e512ed2f0e02b702c0798e35125fbaed07,2,models/FUNWAVE/raw/source_code/FUNWAVE-TVD/benchmarks/car_conical_island/work_case_A/caseA.eps | models/FUNWAVE/raw/source_code/FUNWAVE-TVD/benchmarks/sph_conical_island/work_case_A/caseA_cart.eps
f9af7d95eb1231ecf2eba9770fedfa8d4797a12b02d7240e98d568201251244a,2,models/FUNWAVE/raw/source_code/FUNWAVE-GPU/.git/hooks/pre-commit.sample | models/FUNWAVE/raw/source_code/FUNWAVE-TVD/.git/hooks/pre-commit.sample
fae5f7701972b760913265a0ae88b23b3aee20e0c65189c65b6ddf18f51857f9,2,models/FUNWAVE/raw/source_code/FUNWAVE-TVD/simple_cases/tide_gen_abs_data/.output/eta_00052 | models/FUNWAVE/raw/source_code/FUNWAVE-TVD/simple_cases/tide_time_spectra/.output/eta_00052
fc4d73f9e2a717be54b842e398093d81f1f4da8df0b25f036b46e78742058ceb,2,models/FUNWAVE/raw/source_code/FUNWAVE-TVD/simple_cases/tide_gen_abs_data/.output/eta_00022 | models/FUNWAVE/raw/source_code/FUNWAVE-TVD/simple_cases/tide_time_spectra/.output/eta_00022
fe6b871b194e7a09fc00ebe429be39047cc31f4355e5108777ec3d27dfc81b59,2,models/FUNWAVE/raw/source_code/FUNWAVE-TVD/simple_cases/tide_gen_abs_data/.output/eta_00006 | models/FUNWAVE/raw/source_code/FUNWAVE-TVD/simple_cases/tide_time_spectra/.output/eta_00006
fe6e190a91abaccca43abddccf406d37b0cef4d8643e5a986fae2ee97a979b2c,2,models/FUNWAVE/raw/source_code/FUNWAVE-TVD/simple_cases/vessel_flat_bottom/postprocessing/plot_wave_vessel.py | models/FUNWAVE/raw/source_code/FUNWAVE-TVD/simple_cases/vessel_types_compare/postprocessing/plot_wave_vessel.py
