_sea,_line,year,sst_mean,n,n_months
남해,203,1968,17.0510,49,8
남해,203,1969,16.6107,72,12
남해,203,1970,17.7248,60,10
남해,203,1971,18.2204,48,8
남해,203,1972,17.7139,36,6
남해,203,1973,17.3797,36,6
남해,203,1974,17.6753,38,6
남해,203,1975,18.2647,36,6
남해,203,1976,17.3306,35,6
남해,203,1977,16.6425,36,6
남해,203,1978,18.1489,36,6
남해,203,1979,18.2186,36,6
남해,203,1980,17.7555,42,7
남해,203,1981,16.9850,36,6
남해,203,1982,18.3483,36,6
남해,203,1983,18.1931,36,6
남해,203,1984,15.9918,34,6
남해,203,1985,16.4271,34,6
남해,203,1986,17.4247,32,6
남해,203,1987,18.5024,33,6
남해,203,1988,17.3986,35,6
남해,203,1989,18.2187,30,5
남해,203,1990,18.1425,36,6
남해,203,1991,17.9793,30,5
남해,203,1992,18.7837,30,5
남해,203,1993,17.2586,36,6
남해,203,1994,17.2931,36,6
남해,203,1995,18.0825,36,6
남해,203,1996,17.4661,36,6
남해,203,1997,18.0277,48,7
남해,203,1998,18.0508,48,6
남해,203,1999,16.7344,48,6
남해,203,2000,16.6585,48,6
남해,203,2001,16.8873,48,6
남해,203,2002,17.6472,36,6
남해,203,2003,16.6394,48,6
남해,203,2004,18.2831,48,6
남해,203,2005,17.3590,48,6
남해,203,2006,17.4348,48,6
남해,203,2007,17.6450,48,6
남해,203,2008,17.9921,48,6
남해,203,2009,16.9096,48,6
남해,203,2010,17.1762,48,7
남해,203,2011,15.9994,48,6
남해,203,2012,17.6815,40,5
남해,203,2013,16.5280,56,7
남해,203,2014,17.4377,48,6
남해,203,2015,16.9771,48,6
남해,203,2016,17.6758,48,6
남해,203,2017,17.1725,48,6
남해,203,2018,17.5977,48,6
남해,203,2019,17.8242,48,6
남해,203,2020,18.0829,48,6
남해,203,2021,17.5604,48,6
남해,203,2022,16.9594,48,6
남해,203,2023,18.4215,48,6
남해,203,2024,18.7471,48,6
남해,203,2025,18.4292,48,6
남해,203,2026,13.5213,16,2
남해,204,1968,18.0843,96,8
남해,204,1969,16.7241,150,12
남해,204,1970,17.3289,124,10
남해,204,1971,17.7138,96,8
남해,204,1972,17.6747,72,6
남해,204,1973,17.6890,72,6
남해,204,1974,17.7025,72,6
남해,204,1975,17.7332,72,6
남해,204,1976,16.7628,72,7
남해,204,1977,16.4145,76,6
남해,204,1978,17.3439,72,6
남해,204,1979,17.2037,84,7
남해,204,1980,17.0491,96,8
남해,204,1981,17.2332,72,6
남해,204,1982,17.4771,72,6
남해,204,1983,17.8971,72,6
남해,204,1984,16.2583,65,6
남해,204,1985,17.2129,65,6
남해,204,1986,16.6019,59,6
남해,204,1987,17.0665,62,6
남해,204,1988,17.5238,61,6
남해,204,1989,18.4060,60,5
남해,204,1990,17.9447,72,6
남해,204,1991,17.7807,60,5
남해,204,1992,18.3640,60,5
남해,204,1993,17.2608,72,6
남해,204,1994,17.8014,72,6
남해,204,1995,17.5912,72,6
남해,204,1996,17.3901,70,6
남해,204,1997,17.7073,86,7
남해,204,1998,18.3554,84,6
남해,204,1999,17.1912,84,6
남해,204,2000,17.1146,80,6
남해,204,2001,17.3607,80,6
남해,204,2002,17.5257,70,7
남해,204,2003,17.6823,79,6
남해,204,2004,18.4344,84,7
남해,204,2005,17.5995,81,6
남해,204,2006,17.3075,84,6
남해,204,2007,18.1274,84,6
남해,204,2008,17.8496,84,6
남해,204,2009,18.0921,84,6
남해,204,2010,17.5488,84,7
남해,204,2011,16.7527,84,7
남해,204,2012,17.5523,84,7
남해,204,2013,17.6193,84,6
남해,204,2014,17.6221,84,6
남해,204,2015,17.5492,84,6
남해,204,2016,18.4654,84,6
남해,204,2017,17.5342,84,6
남해,204,2018,18.0370,84,6
남해,204,2019,17.9007,84,6
남해,204,2020,17.6023,84,6
남해,204,2021,18.3165,84,7
남해,204,2022,17.3717,84,6
남해,204,2023,18.7557,84,6
남해,204,2024,18.9521,84,6
남해,204,2025,18.0877,84,7
남해,204,2026,14.0557,28,3
남해,205,1968,18.9353,110,8
남해,205,1969,18.1134,146,12
남해,205,1970,18.5259,111,10
남해,205,1971,18.7834,82,8
남해,205,1972,18.2018,60,6
남해,205,1973,17.8305,60,6
남해,205,1974,16.7698,60,6
남해,205,1975,18.8540,60,6
남해,205,1976,17.1155,64,6
남해,205,1977,17.4807,60,6
남해,205,1978,18.1033,60,6
남해,205,1979,17.9116,70,7
남해,205,1980,17.9546,92,8
남해,205,1981,17.9863,62,6
남해,205,1982,18.0775,60,6
남해,205,1983,18.4260,62,6
남해,205,1984,16.7472,54,6
남해,205,1985,18.1666,59,6
남해,205,1986,17.4243,53,6
남해,205,1987,17.6313,52,6
남해,205,1988,18.1253,51,6
남해,205,1989,18.7224,50,5
남해,205,1990,18.6032,60,6
남해,205,1991,18.5304,50,5
남해,205,1992,19.1928,50,5
남해,205,1993,17.8792,60,6
남해,205,1994,18.6595,60,6
남해,205,1995,18.1295,60,6
남해,205,1996,18.5760,60,6
남해,205,1997,18.1482,72,6
남해,205,1998,19.1383,72,6
남해,205,1999,17.7957,72,6
남해,205,2000,18.2781,68,6
남해,205,2001,17.7906,64,6
남해,205,2002,18.5695,60,6
남해,205,2003,18.1679,70,6
남해,205,2004,18.5769,72,7
남해,205,2005,18.3789,72,7
남해,205,2006,18.3494,72,6
남해,205,2007,18.8603,72,6
남해,205,2008,18.5961,72,6
남해,205,2009,18.6533,72,6
남해,205,2010,18.3650,72,8
남해,205,2011,17.6924,72,7
남해,205,2012,18.4454,72,6
남해,205,2013,18.3588,72,6
남해,205,2014,18.1125,72,6
남해,205,2015,18.0401,72,6
남해,205,2016,19.0499,72,6
남해,205,2017,18.1031,72,6
남해,205,2018,18.5332,72,6
남해,205,2019,18.5576,72,6
남해,205,2020,18.7086,72,7
남해,205,2021,19.0483,72,7
남해,205,2022,18.2668,68,7
남해,205,2023,19.2706,72,6
남해,205,2024,19.5379,72,6
남해,205,2025,18.6299,72,6
남해,205,2026,15.0146,24,2
남해,206,1968,18.6495,84,9
남해,206,1969,17.7055,118,12
남해,206,1970,18.9128,100,10
남해,206,1971,18.6763,84,8
남해,206,1972,17.8748,60,6
남해,206,1973,18.1036,61,6
남해,206,1974,17.7853,60,6
남해,206,1975,18.7888,60,6
남해,206,1976,17.5920,60,6
남해,206,1977,18.0453,60,6
남해,206,1978,18.4413,60,6
남해,206,1979,17.4631,70,7
남해,206,1980,17.9026,80,8
남해,206,1981,18.2550,60,6
남해,206,1982,18.8736,58,6
남해,206,1983,18.5902,60,6
남해,206,1984,18.3253,58,6
남해,206,1985,18.1302,60,6
남해,206,1986,17.6909,56,6
남해,206,1987,17.7881,57,6
남해,206,1988,18.0419,52,6
남해,206,1989,18.6026,50,5
남해,206,1990,18.7405,60,6
남해,206,1991,18.3528,50,5
남해,206,1992,18.9762,50,5
남해,206,1993,17.7937,60,6
남해,206,1994,18.8012,60,6
남해,206,1995,18.1623,60,6
남해,206,1996,18.3327,60,6
남해,206,1997,18.4103,74,6
남해,206,1998,19.2589,72,6
남해,206,1999,17.5994,48,6
남해,206,2000,17.5009,46,6
남해,206,2001,17.3105,42,6
남해,206,2002,17.8542,36,6
남해,206,2003,17.6454,48,6
남해,206,2004,18.1669,48,6
남해,206,2005,18.1483,48,6
남해,206,2006,17.7321,48,6
남해,206,2007,18.2654,48,6
남해,206,2008,18.2225,48,6
남해,206,2009,18.1483,48,6
남해,206,2010,17.8065,48,6
남해,206,2011,17.3681,48,6
남해,206,2012,18.2298,48,6
남해,206,2013,17.8315,48,6
남해,206,2014,17.8038,48,6
남해,206,2015,17.6075,48,6
남해,206,2016,18.8842,48,6
남해,206,2017,18.0648,48,6
남해,206,2018,18.6190,48,6
남해,206,2019,18.7208,48,6
남해,206,2020,17.6042,48,6
남해,206,2021,18.5540,48,7
남해,206,2022,18.2777,48,6
남해,206,2023,18.8458,48,6
남해,206,2024,19.4092,48,6
남해,206,2025,17.9083,48,7
남해,206,2026,14.4913,16,2
남해,207,1968,18.7566,176,10
남해,207,1969,18.2468,174,12
남해,207,1970,18.7248,101,10
남해,207,1971,18.2834,80,8
남해,207,1972,18.4002,60,6
남해,207,1973,18.7685,60,6
남해,207,1974,18.1727,60,6
남해,207,1975,19.1552,60,6
남해,207,1976,18.1633,60,6
남해,207,1977,18.4803,60,6
남해,207,1978,18.5892,60,6
남해,207,1979,18.9068,60,6
남해,207,1980,18.7629,70,7
남해,207,1981,18.4407,60,6
남해,207,1982,19.0050,60,6
남해,207,1983,18.4618,60,6
남해,207,1984,18.2609,57,6
남해,207,1985,18.0507,60,6
남해,207,1986,17.9007,56,6
남해,207,1987,17.9298,58,6
남해,207,1988,18.4782,55,6
남해,207,1989,18.5418,50,5
남해,207,1990,19.1778,60,6
남해,207,1991,18.6352,50,5
남해,207,1992,19.7046,50,5
남해,207,1993,18.0012,60,6
남해,207,1994,19.1668,60,6
남해,207,1995,18.5197,60,6
남해,207,1996,18.9287,60,6
남해,207,1997,18.7855,60,6
남해,207,1998,19.7912,60,6
남해,207,1999,18.6739,36,6
남해,207,2000,18.0914,36,6
남해,207,2001,18.8014,36,6
남해,207,2002,17.9522,36,6
남해,207,2003,18.4086,36,6
남해,207,2004,19.0342,36,6
남해,207,2005,18.2847,36,6
남해,207,2006,18.1306,36,6
남해,207,2007,18.9192,36,6
남해,207,2008,18.4108,36,6
남해,207,2009,18.4931,36,6
남해,207,2010,18.4697,36,6
남해,207,2011,17.7608,36,7
남해,207,2012,18.5931,36,6
남해,207,2013,19.1489,36,6
남해,207,2014,18.3144,36,6
남해,207,2015,18.1969,36,6
남해,207,2016,19.1544,36,6
남해,207,2017,18.5739,36,6
남해,207,2018,18.7944,36,6
남해,207,2019,19.8878,36,6
남해,207,2020,19.3257,35,6
남해,207,2021,19.5197,36,6
남해,207,2022,18.8367,36,6
남해,207,2023,19.4294,36,6
남해,207,2024,19.7161,36,6
남해,207,2025,18.6036,36,7
남해,207,2026,15.1642,12,2
남해,313,1968,18.5105,116,8
남해,313,1969,16.8401,174,12
남해,313,1970,17.3831,174,11
남해,313,1971,18.6296,136,8
남해,313,1972,18.5452,110,6
남해,313,1973,17.7117,106,6
남해,313,1974,18.3122,108,6
남해,313,1975,18.5553,106,6
남해,313,1976,17.7284,108,6
남해,313,1977,17.3040,108,7
남해,313,1978,18.4238,108,6
남해,313,1979,18.4423,108,6
남해,313,1980,17.3509,108,6
남해,313,1981,17.7878,108,6
남해,313,1982,18.1663,112,6
남해,313,1983,18.4501,108,6
남해,313,1984,15.9394,100,6
남해,313,1985,17.3523,99,6
남해,313,1986,18.3087,98,6
남해,313,1987,17.8829,91,6
남해,313,1988,17.7509,101,6
남해,313,1989,18.4357,90,5
남해,313,1990,17.7753,108,6
남해,313,1991,18.1889,90,5
남해,313,1992,18.7529,90,5
남해,313,1993,17.5880,108,6
남해,313,1994,17.1993,108,6
남해,313,1995,18.2881,108,6
남해,313,1996,18.5710,108,6
남해,313,1997,19.1491,108,7
남해,313,1998,18.4321,108,6
남해,313,1999,17.8376,108,6
남해,313,2000,18.2333,108,6
남해,313,2001,18.4937,108,6
남해,313,2002,18.4952,108,6
남해,313,2003,18.1945,107,6
남해,313,2004,19.4944,108,6
남해,313,2005,18.6681,108,6
남해,313,2006,18.7274,108,6
남해,313,2007,19.2867,108,6
남해,313,2008,19.2526,108,6
남해,313,2009,19.3396,108,6
남해,313,2010,17.3783,90,5
남해,313,2011,16.9156,108,6
남해,313,2012,17.5883,90,6
남해,313,2013,17.7344,126,7
남해,313,2014,18.3434,108,6
남해,313,2015,17.8523,108,6
남해,313,2016,18.1827,98,6
남해,313,2017,18.0173,108,6
남해,313,2018,18.5497,108,6
남해,313,2019,19.0582,108,6
남해,313,2020,18.9279,108,6
남해,313,2021,18.6367,108,6
남해,313,2022,18.3386,108,6
남해,313,2023,19.7859,106,6
남해,313,2024,19.7765,108,6
남해,313,2025,19.1197,108,6
남해,313,2026,14.4881,36,2
남해,314,1968,20.1290,157,9
남해,314,1969,19.2710,266,12
남해,314,1970,18.9990,258,11
남해,314,1971,20.1363,186,8
남해,314,1972,19.6809,132,6
남해,314,1973,19.4307,134,6
남해,314,1974,19.2960,134,7
남해,314,1975,19.7787,132,6
남해,314,1976,18.9862,134,7
남해,314,1977,18.9216,132,6
남해,314,1978,19.6914,132,6
남해,314,1979,19.7717,132,6
남해,314,1980,19.1005,132,6
남해,314,1981,19.1878,134,6
남해,314,1982,20.1004,132,6
남해,314,1983,20.1961,134,6
남해,314,1984,18.6555,119,6
남해,314,1985,19.6235,122,6
남해,314,1986,19.8098,123,6
남해,314,1987,20.1557,109,6
남해,314,1988,20.2019,118,6
남해,314,1989,19.9705,112,5
남해,314,1990,20.2149,132,6
남해,314,1991,19.6246,110,5
남해,314,1992,20.2479,106,5
남해,314,1993,19.3142,132,6
남해,314,1994,19.5152,132,6
남해,314,1995,19.7740,144,6
남해,314,1996,20.1104,132,6
남해,314,1997,20.4996,132,7
남해,314,1998,20.8686,132,6
남해,314,1999,19.5443,120,6
남해,314,2000,20.0200,120,6
남해,314,2001,20.6704,110,6
남해,314,2002,19.9905,122,6
남해,314,2003,19.8631,119,6
남해,314,2004,20.9657,120,7
남해,314,2005,20.3636,120,6
남해,314,2006,20.3250,120,6
남해,314,2007,20.6932,128,6
남해,314,2008,20.5431,128,7
남해,314,2009,20.3445,124,6
남해,314,2010,19.9947,110,6
남해,314,2011,18.8239,122,6
남해,314,2012,19.4683,100,5
남해,314,2013,19.5608,140,8
남해,314,2014,19.5783,120,6
남해,314,2015,19.8319,120,6
남해,314,2016,20.6634,120,6
남해,314,2017,20.3558,120,8
남해,314,2018,20.1539,120,7
남해,314,2019,20.7108,120,6
남해,314,2020,20.6613,120,6
남해,314,2021,20.4040,120,7
남해,314,2022,20.6834,120,6
남해,314,2023,21.1410,120,6
남해,314,2024,21.2217,120,6
남해,314,2025,21.0807,120,7
남해,314,2026,16.7333,40,3
남해,400,1968,22.1762,124,5
남해,400,1969,18.1430,288,12
남해,400,1970,18.8255,253,11
남해,400,1971,19.2372,200,8
남해,400,1972,18.8687,142,6
남해,400,1973,18.4630,140,6
남해,400,1974,17.9515,146,6
남해,400,1975,19.2849,144,6
남해,400,1976,17.8071,146,6
남해,400,1977,18.3566,146,6
남해,400,1978,18.9183,146,6
남해,400,1979,18.3395,168,7
남해,400,1980,18.3666,194,8
남해,400,1981,18.5560,146,6
남해,400,1982,19.0532,144,6
남해,400,1983,19.4060,144,6
남해,400,1984,18.0508,132,6
남해,400,1985,19.0184,131,6
남해,400,1986,18.6412,136,6
남해,400,1987,19.0121,126,6
남해,400,1988,19.2190,126,6
남해,400,1989,19.5817,120,5
남해,400,1990,19.8808,144,6
남해,400,1991,19.0856,120,5
남해,400,1992,19.9508,118,5
남해,400,1993,18.5926,144,6
남해,400,1994,19.4968,144,6
남해,400,1995,19.0475,144,6
남해,400,1996,19.3362,144,6
남해,400,1997,19.9117,162,7
남해,400,1998,19.9512,156,6
남해,400,1999,18.8083,132,6
남해,400,2000,18.8661,132,6
남해,400,2001,19.0961,124,7
남해,400,2002,19.2301,120,7
남해,400,2003,19.1815,129,6
남해,400,2004,19.4210,130,6
남해,400,2005,19.0547,128,7
남해,400,2006,18.9145,132,6
남해,400,2007,19.6263,132,6
남해,400,2008,19.4051,132,6
남해,400,2009,19.6802,132,6
남해,400,2010,19.3432,128,8
남해,400,2011,18.3238,132,7
남해,400,2012,18.9688,124,7
남해,400,2013,19.1531,140,7
남해,400,2014,18.6757,132,6
남해,400,2015,18.9527,132,7
남해,400,2016,20.1265,132,6
남해,400,2017,19.3318,132,6
남해,400,2018,19.3465,132,6
남해,400,2019,19.9127,132,6
남해,400,2020,19.3260,132,7
남해,400,2021,19.8465,132,7
남해,400,2022,19.4286,128,7
남해,400,2023,20.1107,132,6
남해,400,2024,20.3124,132,7
남해,400,2025,19.7794,132,8
남해,400,2026,15.9161,44,3
동중국해,315,1968,18.7478,110,6
동중국해,315,1969,19.6246,112,6
동중국해,315,1970,21.6219,26,2
동중국해,315,1994,27.0062,24,1
동중국해,315,1995,20.6787,116,4
동중국해,315,1996,20.7087,114,4
동중국해,315,1997,20.2717,112,4
동중국해,315,1998,20.6364,100,4
동중국해,315,1999,19.5574,88,4
동중국해,315,2000,21.2653,78,5
동중국해,315,2001,19.9924,86,4
동중국해,315,2002,18.9200,88,4
동중국해,315,2003,20.5692,88,4
동중국해,315,2004,18.8681,88,4
동중국해,315,2005,19.2659,88,4
동중국해,315,2006,19.9938,84,4
동중국해,315,2007,20.1135,88,4
동중국해,315,2008,20.6434,88,4
동중국해,315,2009,19.9073,88,4
동중국해,315,2010,19.2928,88,4
동중국해,315,2011,17.7076,88,4
동중국해,315,2012,19.3267,88,4
동중국해,315,2013,20.4691,88,5
동중국해,315,2014,19.2969,88,5
동중국해,315,2015,19.9935,88,6
동중국해,315,2016,20.5367,88,4
동중국해,315,2017,19.7564,88,4
동중국해,315,2018,19.6085,88,4
동중국해,315,2019,19.6936,88,4
동중국해,315,2020,20.1962,88,4
동중국해,315,2021,19.5583,88,5
동중국해,315,2022,20.1665,88,5
동중국해,315,2023,20.8632,88,4
동중국해,315,2024,21.5241,88,6
동중국해,315,2025,20.2766,88,5
동중국해,315,2026,15.5032,44,4
동중국해,316,1968,19.0121,28,2
동중국해,316,1969,22.4677,26,2
동중국해,316,1994,26.8471,24,1
동중국해,316,1995,20.6431,94,4
동중국해,316,1996,20.4346,112,4
동중국해,316,1997,19.9972,108,4
동중국해,316,1998,20.6180,104,4
동중국해,316,1999,19.2281,84,4
동중국해,316,2000,19.9089,88,4
동중국해,316,2001,20.2726,90,4
동중국해,316,2002,18.9926,88,4
동중국해,316,2003,20.0416,90,4
동중국해,316,2004,18.6733,92,4
동중국해,316,2005,19.0163,92,4
동중국해,316,2006,19.8083,92,4
동중국해,316,2007,19.8849,88,4
동중국해,316,2008,20.4102,88,4
동중국해,316,2009,19.6533,88,4
동중국해,316,2010,19.3825,88,4
동중국해,316,2011,18.2868,87,4
동중국해,316,2012,19.2111,88,4
동중국해,316,2013,20.2522,88,4
동중국해,316,2014,19.0484,88,5
동중국해,316,2015,19.7447,88,5
동중국해,316,2016,19.6558,88,4
동중국해,316,2017,19.7345,88,4
동중국해,316,2018,19.2090,88,4
동중국해,316,2019,19.6299,88,4
동중국해,316,2020,20.3998,88,5
동중국해,316,2021,19.2681,88,4
동중국해,316,2022,20.3920,84,4
동중국해,316,2023,20.4891,88,4
동중국해,316,2024,20.9900,88,4
동중국해,316,2025,20.0859,88,4
동중국해,316,2026,15.2575,44,3
동중국해,317,2000,19.9292,78,4
동중국해,317,2001,20.0159,80,4
동중국해,317,2002,19.1840,78,4
동중국해,317,2003,19.8613,80,4
동중국해,317,2004,18.6526,80,4
동중국해,317,2005,18.8237,78,4
동중국해,317,2006,19.5430,80,4
동중국해,317,2007,19.8521,80,4
동중국해,317,2008,20.4988,76,4
동중국해,317,2009,19.2705,80,4
동중국해,317,2010,18.9870,80,4
동중국해,317,2011,18.0911,79,4
동중국해,317,2012,19.0536,80,4
동중국해,317,2013,20.3483,80,4
동중국해,317,2014,18.6790,80,4
동중국해,317,2015,19.6517,80,4
동중국해,317,2016,20.0452,80,4
동중국해,317,2017,19.7839,80,5
동중국해,317,2018,18.9217,80,4
동중국해,317,2019,19.5715,80,4
동중국해,317,2020,20.6681,80,4
동중국해,317,2021,19.3139,80,4
동중국해,317,2022,19.7987,72,4
동중국해,317,2023,20.0335,80,4
동중국해,317,2024,20.8211,80,4
동중국해,317,2025,19.8394,80,4
동중국해,317,2026,15.0625,40,3
동해,102,1968,16.9648,100,7
동해,102,1969,16.1840,116,9
동해,102,1970,16.6994,72,6
동해,102,1971,16.9112,78,6
동해,102,1972,16.6158,96,6
동해,102,1973,17.3025,92,6
동해,102,1974,16.5443,100,6
동해,102,1975,17.8134,96,6
동해,102,1976,17.1846,96,6
동해,102,1977,16.8889,104,7
동해,102,1978,16.2080,156,9
동해,102,1979,16.6645,124,8
동해,102,1980,16.4740,96,6
동해,102,1981,14.8097,96,6
동해,102,1982,17.6576,95,6
동해,102,1983,17.1361,114,7
동해,102,1984,16.3007,83,6
동해,102,1985,16.3805,108,7
동해,102,1986,16.4821,85,6
동해,102,1987,17.1650,98,6
동해,102,1988,17.7628,98,6
동해,102,1989,17.7442,96,6
동해,102,1990,18.1165,96,6
동해,102,1991,16.8431,80,5
동해,102,1992,18.3034,80,6
동해,102,1993,16.9403,96,6
동해,102,1994,18.0042,96,6
동해,102,1995,17.5061,80,5
동해,102,1996,16.9834,96,6
동해,102,1997,17.3266,106,6
동해,102,1998,18.1609,98,6
동해,102,1999,17.0414,92,6
동해,102,2000,17.1327,94,6
동해,102,2001,18.6129,96,6
동해,102,2002,16.8263,83,6
동해,102,2003,17.7396,93,6
동해,102,2004,18.3261,96,6
동해,102,2005,16.4539,94,6
동해,102,2006,17.2074,96,7
동해,102,2007,17.6836,96,6
동해,102,2008,17.4692,96,6
동해,102,2009,17.6385,96,7
동해,102,2010,17.9823,78,5
동해,102,2011,16.8069,96,6
동해,102,2012,17.4809,96,6
동해,102,2013,15.9015,80,5
동해,102,2014,17.6471,96,6
동해,102,2015,16.7069,96,6
동해,102,2016,18.5587,96,6
동해,102,2017,17.7219,94,6
동해,102,2018,17.5305,96,6
동해,102,2019,19.3619,80,5
동해,102,2020,17.8427,96,6
동해,102,2021,19.1205,96,6
동해,102,2022,18.2192,92,6
동해,102,2023,18.0024,96,6
동해,102,2024,19.2217,96,7
동해,102,2025,17.5725,96,6
동해,102,2026,14.6684,32,2
동해,103,1968,16.2416,88,7
동해,103,1969,15.7570,118,8
동해,103,1970,16.4361,72,6
동해,103,1971,16.5753,81,6
동해,103,1972,15.5027,100,6
동해,103,1973,17.6873,84,5
동해,103,1974,15.9457,96,6
동해,103,1975,17.5327,96,6
동해,103,1976,16.5136,98,6
동해,103,1977,16.1363,104,7
동해,103,1978,15.6350,156,9
동해,103,1979,16.1938,124,8
동해,103,1980,15.9747,96,6
동해,103,1981,14.1210,96,6
동해,103,1982,17.2073,95,6
동해,103,1983,16.9228,111,7
동해,103,1984,16.2309,76,6
동해,103,1985,15.6529,112,7
동해,103,1986,16.5129,89,6
동해,103,1987,16.8258,96,6
동해,103,1988,17.4070,96,6
동해,103,1989,17.4947,96,6
동해,103,1990,17.5770,96,6
동해,103,1991,16.5534,80,5
동해,103,1992,17.9156,80,5
동해,103,1993,16.1621,96,6
동해,103,1994,16.5843,96,6
동해,103,1995,17.0371,80,5
동해,103,1996,15.9215,96,6
동해,103,1997,16.7682,104,6
동해,103,1998,17.9184,98,6
동해,103,1999,16.6937,102,7
동해,103,2000,16.8964,104,6
동해,103,2001,18.2535,108,6
동해,103,2002,16.4860,94,6
동해,103,2003,17.3907,107,6
동해,103,2004,17.9764,108,6
동해,103,2005,16.4127,108,6
동해,103,2006,16.9989,108,6
동해,103,2007,17.3565,108,6
동해,103,2008,17.7205,108,6
동해,103,2009,17.0075,108,6
동해,103,2010,17.3790,96,6
동해,103,2011,16.5375,102,7
동해,103,2012,16.7920,108,6
동해,103,2013,15.4891,88,5
동해,103,2014,17.1121,108,6
동해,103,2015,16.4744,108,6
동해,103,2016,18.0902,106,6
동해,103,2017,17.3749,108,6
동해,103,2018,17.1828,108,6
동해,103,2019,18.7221,90,5
동해,103,2020,17.7662,108,6
동해,103,2021,18.4240,108,6
동해,103,2022,18.1073,104,6
동해,103,2023,18.1199,108,6
동해,103,2024,18.9875,106,6
동해,103,2025,17.4047,108,6
동해,103,2026,13.6694,36,2
동해,104,1968,16.2320,124,7
동해,104,1969,15.7746,129,9
동해,104,1970,16.5940,78,6
동해,104,1971,15.4416,74,6
동해,104,1972,15.6600,98,6
동해,104,1973,16.3262,98,6
동해,104,1974,15.3959,96,6
동해,104,1975,17.1749,96,6
동해,104,1976,16.9781,108,6
동해,104,1977,15.9494,126,7
동해,104,1978,14.6932,154,9
동해,104,1979,16.0355,126,8
동해,104,1980,15.3919,96,6
동해,104,1981,14.3103,96,6
동해,104,1982,17.1767,96,6
동해,104,1983,17.0065,112,7
동해,104,1984,15.7790,80,5
동해,104,1985,15.7836,96,7
동해,104,1986,14.8215,112,7
동해,104,1987,15.8781,98,6
동해,104,1988,16.6113,84,5
동해,104,1989,16.9119,102,7
동해,104,1990,16.7149,106,7
동해,104,1991,15.9241,80,5
동해,104,1992,17.3773,78,5
동해,104,1993,15.3582,96,6
동해,104,1994,16.7520,96,6
동해,104,1995,16.7430,80,5
동해,104,1996,15.5594,96,6
동해,104,1997,17.1089,114,6
동해,104,1998,17.4309,108,6
동해,104,1999,16.7861,114,6
동해,104,2000,16.2953,118,7
동해,104,2001,17.7063,120,6
동해,104,2002,15.7609,99,6
동해,104,2003,16.9852,117,6
동해,104,2004,17.5694,120,6
동해,104,2005,16.0428,122,7
동해,104,2006,16.7056,120,6
동해,104,2007,17.0661,120,6
동해,104,2008,16.7925,114,6
동해,104,2009,17.4290,120,6
동해,104,2010,16.4247,118,6
동해,104,2011,16.5529,102,5
동해,104,2012,16.9870,120,6
동해,104,2013,15.2517,96,5
동해,104,2014,17.3779,120,6
동해,104,2015,16.7344,120,6
동해,104,2016,17.9845,120,6
동해,104,2017,17.2750,120,6
동해,104,2018,16.8857,116,6
동해,104,2019,18.4910,102,5
동해,104,2020,17.6241,120,6
동해,104,2021,18.7500,120,6
동해,104,2022,17.7612,116,6
동해,104,2023,18.3275,120,6
동해,104,2024,18.9940,112,6
동해,104,2025,17.1338,120,6
동해,104,2026,12.7262,42,2
동해,105,1968,14.9696,110,6
동해,105,1969,15.3765,124,8
동해,105,1970,15.4825,87,6
동해,105,1971,14.7126,106,6
동해,105,1972,16.1765,110,7
동해,105,1973,15.7345,110,6
동해,105,1974,14.0270,110,6
동해,105,1975,16.0869,108,6
동해,105,1976,16.6351,122,6
동해,105,1977,15.8159,140,7
동해,105,1978,16.0110,144,9
동해,105,1979,16.2180,124,7
동해,105,1980,14.9261,108,6
동해,105,1981,13.6277,108,6
동해,105,1982,16.6613,108,6
동해,105,1983,16.3450,126,7
동해,105,1984,14.7918,92,5
동해,105,1985,15.7403,108,6
동해,105,1986,13.9152,130,7
동해,105,1987,15.2556,108,6
동해,105,1988,16.3713,90,6
동해,105,1989,16.4314,118,7
동해,105,1990,16.6253,118,8
동해,105,1991,15.7918,90,5
동해,105,1992,16.5618,90,5
동해,105,1993,14.4650,108,6
동해,105,1994,16.2392,108,6
동해,105,1995,15.5992,108,6
동해,105,1996,14.8058,108,6
동해,105,1997,16.4905,126,6
동해,105,1998,16.8645,120,6
동해,105,1999,16.4263,126,6
동해,105,2000,16.0496,130,6
동해,105,2001,16.9839,132,6
동해,105,2002,15.0314,113,6
동해,105,2003,16.3247,130,6
동해,105,2004,16.6457,132,6
동해,105,2005,15.6372,116,7
동해,105,2006,15.4959,148,7
동해,105,2007,16.5866,134,6
동해,105,2008,16.3212,126,6
동해,105,2009,16.1046,132,6
동해,105,2010,15.9268,130,6
동해,105,2011,15.2745,120,6
동해,105,2012,16.7304,132,6
동해,105,2013,14.4209,106,5
동해,105,2014,17.0115,132,6
동해,105,2015,15.8932,132,6
동해,105,2016,17.2736,132,6
동해,105,2017,16.9594,132,6
동해,105,2018,16.0770,132,6
동해,105,2019,17.6442,132,6
동해,105,2020,17.6341,132,6
동해,105,2021,17.5039,132,7
동해,105,2022,17.5564,128,6
동해,105,2023,17.3467,132,6
동해,105,2024,17.9618,126,6
동해,105,2025,16.6920,132,6
동해,105,2026,12.5896,46,2
동해,106,1968,14.5224,126,7
동해,106,1969,14.0628,288,12
동해,106,1970,15.0337,196,12
동해,106,1971,14.3902,100,6
동해,106,1972,15.0029,120,6
동해,106,1973,15.6420,108,5
동해,106,1974,12.8552,122,6
동해,106,1975,15.5284,120,6
동해,106,1976,16.2223,132,6
동해,106,1977,15.3101,148,7
동해,106,1978,16.0053,120,6
동해,106,1979,16.3708,120,6
동해,106,1980,14.6365,112,6
동해,106,1981,12.7878,122,6
동해,106,1982,15.8462,120,6
동해,106,1983,15.2302,120,6
동해,106,1984,14.2518,108,6
동해,106,1985,15.3711,119,7
동해,106,1986,12.8470,120,7
동해,106,1987,15.0013,136,7
동해,106,1988,16.5490,100,5
동해,106,1989,16.1060,140,7
동해,106,1990,16.1316,122,7
동해,106,1991,15.7257,100,5
동해,106,1992,16.4003,100,5
동해,106,1993,13.6727,120,6
동해,106,1994,15.2446,120,6
동해,106,1995,15.3908,118,7
동해,106,1996,13.2934,120,6
동해,106,1997,15.6712,118,6
동해,106,1998,16.4535,120,6
동해,106,1999,15.5711,120,6
동해,106,2000,15.7893,120,6
동해,106,2001,16.8313,116,6
동해,106,2002,15.5007,110,6
동해,106,2003,15.8722,125,7
동해,106,2004,16.7875,120,6
동해,106,2005,16.0363,100,5
동해,106,2006,14.4530,140,8
동해,106,2007,16.5701,120,6
동해,106,2008,16.7784,120,6
동해,106,2009,16.0114,120,6
동해,106,2010,15.3090,120,7
동해,106,2011,15.3185,120,6
동해,106,2012,16.0147,120,6
동해,106,2013,15.2557,100,5
동해,106,2014,16.3303,120,6
동해,106,2015,15.3987,120,6
동해,106,2016,16.7413,120,6
동해,106,2017,17.0136,118,6
동해,106,2018,15.9049,120,6
동해,106,2019,17.2101,120,6
동해,106,2020,17.1955,120,6
동해,106,2021,17.5954,120,6
동해,106,2022,17.1118,116,6
동해,106,2023,17.1833,120,6
동해,106,2024,17.6976,120,6
동해,106,2025,16.9178,120,6
동해,106,2026,12.6530,40,2
동해,107,1969,15.5632,60,6
동해,107,1970,14.5668,68,6
동해,107,1971,13.7310,92,6
동해,107,1972,12.2805,98,6
동해,107,1973,14.8883,81,5
동해,107,1974,12.7050,96,6
동해,107,1975,14.8169,96,7
동해,107,1976,16.5355,128,6
동해,107,1977,15.4260,127,6
동해,107,1982,14.6039,84,6
동해,107,1983,13.3167,84,6
동해,107,1984,13.5829,78,6
동해,107,1985,15.2768,88,7
동해,107,1986,12.8454,84,6
동해,107,1987,14.2221,86,6
동해,107,1988,16.3324,70,5
동해,107,1989,15.9588,100,7
동해,107,1990,15.1715,84,7
동해,107,1991,14.7581,70,5
동해,107,1992,16.6505,64,5
동해,107,1993,13.1682,84,6
동해,107,1994,14.7265,84,6
동해,107,1995,14.3365,84,6
동해,107,1996,11.6094,70,5
동해,107,1997,15.2596,84,6
동해,107,1998,15.9088,82,6
동해,107,1999,14.6854,84,6
동해,107,2000,14.8258,84,6
동해,107,2001,16.3830,84,6
동해,107,2002,16.0151,69,5
동해,107,2003,13.8452,98,7
동해,107,2004,16.3111,84,6
동해,107,2005,15.2254,70,5
동해,107,2006,13.5095,98,7
동해,107,2007,15.4823,84,6
동해,107,2008,16.3967,84,6
동해,107,2009,14.6692,84,6
동해,107,2010,14.1840,84,6
동해,107,2011,14.7046,84,6
동해,107,2012,15.6962,84,6
동해,107,2013,14.3739,70,5
동해,107,2014,15.4577,84,6
동해,107,2015,13.7901,84,6
동해,107,2016,15.7715,84,6
동해,107,2017,16.9918,84,6
동해,107,2018,14.9481,84,6
동해,107,2019,16.9244,84,6
동해,107,2020,16.2405,84,6
동해,107,2021,17.2521,84,6
동해,107,2022,16.6973,84,6
동해,107,2023,16.9071,84,6
동해,107,2024,16.6485,84,6
동해,107,2025,15.8346,84,6
동해,107,2026,11.9629,28,3
동해,208,1968,17.7333,150,9
동해,208,1969,17.3376,124,7
동해,208,1970,17.6731,104,6
동해,208,1971,17.4951,104,6
동해,208,1972,17.7376,108,7
동해,208,1973,18.1895,110,6
동해,208,1974,17.7771,108,6
동해,208,1975,18.7361,110,6
동해,208,1976,17.9302,108,6
동해,208,1977,17.9922,116,7
동해,208,1978,18.8806,116,7
동해,208,1979,18.9813,108,6
동해,208,1980,16.9712,108,6
동해,208,1981,17.4528,108,6
동해,208,1982,18.6170,108,6
동해,208,1983,18.2906,108,6
동해,208,1984,17.8671,112,6
동해,208,1985,18.0838,110,6
동해,208,1986,17.6116,101,6
동해,208,1987,18.1911,104,6
동해,208,1988,18.5299,108,6
동해,208,1989,18.6362,108,6
동해,208,1990,19.6295,108,6
동해,208,1991,18.6506,90,5
동해,208,1992,19.0802,90,5
동해,208,1993,18.7133,108,6
동해,208,1994,19.3990,108,6
동해,208,1995,19.1940,90,5
동해,208,1996,18.3068,108,6
동해,208,1997,18.9666,108,6
동해,208,1998,19.6588,108,6
동해,208,1999,18.3098,40,5
동해,208,2000,17.6300,56,7
동해,208,2001,19.1833,48,6
동해,208,2002,17.6973,48,6
동해,208,2003,18.3719,48,6
동해,208,2004,19.0171,48,6
동해,208,2005,18.0263,48,6
동해,208,2006,18.3967,48,6
동해,208,2007,19.1760,48,6
동해,208,2008,18.4950,48,6
동해,208,2009,18.4848,48,6
동해,208,2010,18.9050,40,6
동해,208,2011,17.7667,48,6
동해,208,2012,18.7667,48,6
동해,208,2013,17.2413,40,5
동해,208,2014,18.2073,48,6
동해,208,2015,18.1144,48,7
동해,208,2016,18.7298,48,6
동해,208,2017,18.8046,48,6
동해,208,2018,18.1039,46,6
동해,208,2019,20.1632,40,5
동해,208,2020,18.6962,48,6
동해,208,2021,19.4702,48,6
동해,208,2022,19.1121,48,6
동해,208,2023,19.4037,48,6
동해,208,2024,19.5769,48,6
동해,208,2025,18.1383,48,6
동해,208,2026,15.2025,16,2
동해,209,1968,17.7117,107,8
동해,209,1969,16.3314,111,8
동해,209,1970,17.5971,76,6
동해,209,1971,17.3124,94,6
동해,209,1972,17.1876,96,6
동해,209,1973,17.8569,98,6
동해,209,1974,17.4725,96,6
동해,209,1975,18.3502,97,6
동해,209,1976,17.5557,96,7
동해,209,1977,17.9156,103,7
동해,209,1978,16.9654,130,8
동해,209,1979,17.5864,110,7
동해,209,1980,16.9193,96,6
동해,209,1981,16.7482,96,6
동해,209,1982,18.1061,98,6
동해,209,1983,17.3896,98,6
동해,209,1984,16.8114,96,6
동해,209,1985,17.1533,98,6
동해,209,1986,17.0592,84,6
동해,209,1987,17.5491,93,6
동해,209,1988,17.9459,96,6
동해,209,1989,18.1207,96,6
동해,209,1990,18.9005,96,6
동해,209,1991,17.9901,80,5
동해,209,1992,18.1193,80,5
동해,209,1993,18.1238,96,6
동해,209,1994,18.9552,96,6
동해,209,1995,18.5911,80,5
동해,209,1996,17.6427,96,6
동해,209,1997,18.4366,108,6
동해,209,1998,18.9653,98,6
동해,209,1999,18.2187,54,5
동해,209,2000,16.9790,82,7
동해,209,2001,18.8894,72,6
동해,209,2002,17.4878,58,6
동해,209,2003,17.6752,71,6
동해,209,2004,18.4697,72,6
동해,209,2005,17.2239,72,6
동해,209,2006,17.5667,70,6
동해,209,2007,18.4011,72,6
동해,209,2008,18.3983,72,6
동해,209,2009,18.1678,72,6
동해,209,2010,18.6474,58,5
동해,209,2011,16.9429,72,6
동해,209,2012,17.8903,72,6
동해,209,2013,16.5180,60,5
동해,209,2014,17.9593,72,6
동해,209,2015,17.4010,72,6
동해,209,2016,18.6369,72,6
동해,209,2017,17.8925,72,6
동해,209,2018,17.6906,70,6
동해,209,2019,19.3817,60,5
동해,209,2020,18.5689,72,6
동해,209,2021,19.2457,72,6
동해,209,2022,18.4417,70,6
동해,209,2023,18.4225,72,6
동해,209,2024,18.9549,72,6
동해,209,2025,17.3301,72,6
동해,209,2026,14.8358,24,2
동해,500,1994,23.5104,70,2
동해,500,1995,25.1756,34,1
동해,500,1996,26.2744,34,1
동해,500,1997,25.0853,34,1
동해,500,1998,25.5665,34,1
동해,500,2000,25.3534,32,1
동해,501,1993,21.4250,30,1
서해,306,1968,11.4745,110,7
서해,306,1969,12.3572,131,7
서해,306,1970,12.6121,92,6
서해,306,1971,11.7550,105,6
서해,306,1972,13.2730,90,5
서해,306,1973,13.2115,108,6
서해,306,1974,12.9563,110,6
서해,306,1975,13.9011,89,5
서해,306,1976,12.0428,108,6
서해,306,1977,6.4622,54,3
서해,307,1968,12.4268,104,7
서해,307,1969,13.4353,92,6
서해,307,1970,12.4220,84,6
서해,307,1971,12.3521,100,6
서해,307,1972,13.2490,80,5
서해,307,1973,13.8848,96,6
서해,307,1974,13.1259,96,6
서해,307,1975,14.4685,80,5
서해,307,1976,12.6846,96,6
서해,307,1977,12.7269,96,6
서해,307,1978,12.4268,114,7
서해,307,1979,13.8179,98,6
서해,307,1980,12.5220,96,6
서해,307,1981,12.6882,96,6
서해,307,1982,14.2079,96,6
서해,307,1983,14.3829,96,6
서해,307,1984,13.6101,96,6
서해,307,1985,12.6690,96,6
서해,307,1986,12.6873,96,6
서해,307,1987,12.2967,96,6
서해,307,1988,12.5907,96,6
서해,307,1989,14.1275,80,5
서해,307,1990,14.0970,80,5
서해,307,1991,13.7072,80,5
서해,307,1992,14.4895,80,5
서해,307,1993,12.8908,96,6
서해,307,1994,13.5945,96,6
서해,307,1995,13.5970,94,6
서해,307,1996,13.2890,92,6
서해,307,1997,13.9390,88,6
서해,307,1998,14.0988,96,6
서해,307,1999,13.3096,94,6
서해,307,2000,13.9501,96,6
서해,307,2001,13.4778,96,6
서해,307,2002,13.4042,96,6
서해,307,2003,12.4397,94,6
서해,307,2004,13.8796,94,6
서해,307,2005,12.8878,92,6
서해,307,2006,13.6345,100,7
서해,307,2007,14.5872,96,6
서해,307,2008,14.1959,96,6
서해,307,2009,15.5071,80,5
서해,307,2010,13.0799,98,7
서해,307,2011,13.4138,96,6
서해,307,2012,13.7418,96,6
서해,307,2013,13.4832,96,6
서해,307,2014,13.6927,96,6
서해,307,2015,14.6856,96,6
서해,307,2016,14.4371,96,6
서해,307,2017,13.6724,96,6
서해,307,2018,14.2283,96,6
서해,307,2019,13.9773,96,6
서해,307,2020,14.1346,95,6
서해,307,2021,14.5760,96,7
서해,307,2022,14.1721,96,6
서해,307,2023,14.5517,96,6
서해,307,2024,15.3312,95,6
서해,307,2025,14.7169,96,6
서해,307,2026,7.2038,32,2
서해,308,1968,12.8684,130,6
서해,308,1969,13.6952,118,6
서해,308,1970,13.2656,108,6
서해,308,1971,13.2835,122,6
서해,308,1972,13.8678,100,5
서해,308,1973,14.4695,120,6
서해,308,1974,13.8223,120,6
서해,308,1975,14.8045,100,5
서해,308,1976,13.8282,122,6
서해,308,1977,13.5387,120,6
서해,308,1978,13.0780,140,7
서해,308,1979,14.6935,122,6
서해,308,1980,12.8872,120,6
서해,308,1981,13.0538,120,6
서해,308,1982,14.4361,118,6
서해,308,1983,14.9013,120,6
서해,308,1984,14.3730,126,6
서해,308,1985,13.3273,120,6
서해,308,1986,13.6632,120,6
서해,308,1987,13.1713,120,6
서해,308,1988,13.3136,120,6
서해,308,1989,14.5661,100,5
서해,308,1990,14.7635,100,5
서해,308,1991,14.5496,100,5
서해,308,1992,15.2146,100,5
서해,308,1993,13.6132,120,6
서해,308,1994,13.9789,120,6
서해,308,1995,14.0972,120,6
서해,308,1996,13.5825,118,6
서해,308,1997,14.6724,110,6
서해,308,1998,14.8850,120,6
서해,308,1999,14.9264,98,5
서해,308,2000,14.6139,120,6
서해,308,2001,14.3095,118,6
서해,308,2002,14.1760,118,6
서해,308,2003,13.9349,117,6
서해,308,2004,14.8268,120,6
서해,308,2005,13.8049,120,6
서해,308,2006,14.8658,120,6
서해,308,2007,15.2337,120,6
서해,308,2008,14.6491,122,6
서해,308,2009,16.1504,100,5
서해,308,2010,13.4330,128,7
서해,308,2011,13.8002,120,6
서해,308,2012,14.3841,120,6
서해,308,2013,14.3816,120,6
서해,308,2014,14.4242,120,6
서해,308,2015,15.0913,120,6
서해,308,2016,15.1473,120,6
서해,308,2017,14.3175,120,6
서해,308,2018,15.1966,120,6
서해,308,2019,14.6269,119,6
서해,308,2020,14.6213,120,6
서해,308,2021,15.5200,120,6
서해,308,2022,14.7227,120,6
서해,308,2023,15.1645,120,6
서해,308,2024,16.2251,120,6
서해,308,2025,15.6395,119,6
서해,308,2026,8.1065,40,2
서해,309,1968,13.8829,132,7
서해,309,1969,13.4160,114,6
서해,309,1970,12.2398,123,7
서해,309,1971,13.3247,120,6
서해,309,1972,14.3271,100,5
서해,309,1973,14.7060,120,6
서해,309,1974,14.1362,120,6
서해,309,1975,15.2780,102,5
서해,309,1976,13.9416,120,6
서해,309,1977,14.0722,120,6
서해,309,1978,13.4069,154,8
서해,309,1979,14.8494,120,6
서해,309,1980,12.9752,120,6
서해,309,1981,13.5563,120,6
서해,309,1982,14.7672,116,6
서해,309,1983,14.8112,120,6
서해,309,1984,14.5175,120,6
서해,309,1985,13.5330,120,6
서해,309,1986,14.2251,122,7
서해,309,1987,13.4647,124,6
서해,309,1988,13.7817,120,6
서해,309,1989,15.4531,102,5
서해,309,1990,15.7074,100,5
서해,309,1991,15.0662,100,5
서해,309,1992,15.8910,98,5
서해,309,1993,13.9897,120,6
서해,309,1994,14.3804,120,6
서해,309,1995,14.7269,120,6
서해,309,1996,14.3101,118,6
서해,309,1997,15.1920,110,6
서해,309,1998,14.0038,144,7
서해,309,1999,14.4729,120,6
서해,309,2000,14.9942,120,6
서해,309,2001,14.9112,120,6
서해,309,2002,14.4386,120,6
서해,309,2003,13.6746,118,6
서해,309,2004,15.3675,120,6
서해,309,2005,14.3353,120,6
서해,309,2006,15.1084,118,6
서해,309,2007,15.7571,120,6
서해,309,2008,15.4580,118,6
서해,309,2009,16.2870,100,6
서해,309,2010,14.2262,129,7
서해,309,2011,13.9667,120,6
서해,309,2012,15.0202,120,6
서해,309,2013,14.9381,118,6
서해,309,2014,14.6212,120,6
서해,309,2015,15.3526,120,6
서해,309,2016,15.6087,120,6
서해,309,2017,14.3235,120,6
서해,309,2018,15.4056,120,6
서해,309,2019,15.0114,120,6
서해,309,2020,14.7906,120,6
서해,309,2021,15.9674,120,6
서해,309,2022,15.2248,120,6
서해,309,2023,15.8252,120,6
서해,309,2024,16.6261,118,6
서해,309,2025,15.4556,120,6
서해,309,2026,8.4240,40,2
서해,310,1968,14.5362,102,6
서해,310,1969,13.6032,96,6
서해,310,1970,12.4969,94,7
서해,310,1971,13.8647,96,6
서해,310,1972,14.9879,80,5
서해,310,1973,15.0763,98,6
서해,310,1974,14.1211,96,6
서해,310,1975,15.6915,80,5
서해,310,1976,14.3604,98,6
서해,310,1977,14.7270,96,6
서해,310,1978,14.1102,124,8
서해,310,1979,15.0520,96,6
서해,310,1980,13.2757,96,6
서해,310,1981,13.9204,96,6
서해,310,1982,14.4847,98,6
서해,310,1983,14.6926,98,6
서해,310,1984,14.6809,96,6
서해,310,1985,13.9794,96,6
서해,310,1986,14.6995,96,6
서해,310,1987,14.5025,96,6
서해,310,1988,14.3494,96,6
서해,310,1989,15.3849,80,5
서해,310,1990,15.3968,80,5
서해,310,1991,15.2106,80,5
서해,310,1992,16.4181,80,5
서해,310,1993,14.4070,96,6
서해,310,1994,15.0281,96,6
서해,310,1995,15.1122,96,6
서해,310,1996,14.6403,96,6
서해,310,1997,15.6839,88,6
서해,310,1998,14.9061,100,6
서해,310,1999,16.1572,76,5
서해,310,2000,15.3274,96,6
서해,310,2001,15.3509,96,6
서해,310,2002,14.7026,96,6
서해,310,2003,14.2176,96,6
서해,310,2004,15.4899,96,6
서해,310,2005,14.8236,96,6
서해,310,2006,15.4168,96,6
서해,310,2007,16.1226,96,6
서해,310,2008,15.7484,96,6
서해,310,2009,16.6638,80,6
서해,310,2010,14.2597,102,7
서해,310,2011,14.4873,96,6
서해,310,2012,15.4851,96,6
서해,310,2013,15.5468,96,6
서해,310,2014,14.8302,96,6
서해,310,2015,15.5950,96,6
서해,310,2016,15.6626,96,6
서해,310,2017,14.5949,96,6
서해,310,2018,15.8108,96,6
서해,310,2019,15.3225,96,6
서해,310,2020,15.0481,96,6
서해,310,2021,16.0910,96,6
서해,310,2022,15.4635,96,6
서해,310,2023,16.0697,96,6
서해,310,2024,17.1203,96,6
서해,310,2025,15.9100,96,6
서해,310,2026,9.0197,32,2
서해,311,1968,13.9119,110,9
서해,311,1969,13.0131,124,11
서해,311,1970,13.4612,120,10
서해,311,1971,13.5743,102,8
서해,311,1972,14.2847,80,6
서해,311,1973,14.5354,84,6
서해,311,1974,13.5357,84,6
서해,311,1975,14.7755,78,6
서해,311,1976,14.3536,86,6
서해,311,1977,14.0952,84,6
서해,311,1978,13.8220,106,8
서해,311,1979,14.6471,84,6
서해,311,1980,13.5870,84,6
서해,311,1981,13.2029,84,7
서해,311,1982,14.1955,84,6
서해,311,1983,14.0355,86,6
서해,311,1984,14.2800,84,6
서해,311,1985,13.5822,86,6
서해,311,1986,14.8915,84,6
서해,311,1987,15.0680,90,6
서해,311,1988,14.3479,84,6
서해,311,1989,15.1046,70,5
서해,311,1990,15.1790,70,5
서해,311,1991,14.7757,70,5
서해,311,1992,15.7009,70,5
서해,311,1993,14.0819,84,6
서해,311,1994,14.2750,84,6
서해,311,1995,14.7335,84,6
서해,311,1996,14.3008,83,6
서해,311,1997,15.2110,77,6
서해,311,1998,14.0947,110,6
서해,311,1999,15.3501,76,6
서해,311,2000,14.9795,84,6
서해,311,2001,14.6827,84,6
서해,311,2002,14.8078,82,6
서해,311,2003,14.1445,83,6
서해,311,2004,14.8206,84,6
서해,311,2005,15.1330,84,6
서해,311,2006,15.0735,84,6
서해,311,2007,15.6564,84,6
서해,311,2008,15.3787,84,6
서해,311,2009,15.2852,84,6
서해,311,2010,14.0781,74,6
서해,311,2011,14.5340,84,6
서해,311,2012,14.7494,84,6
서해,311,2013,15.3113,83,6
서해,311,2014,14.7302,84,6
서해,311,2015,15.3283,84,6
서해,311,2016,15.2995,84,6
서해,311,2017,14.5644,84,6
서해,311,2018,15.5895,84,6
서해,311,2019,15.0381,84,6
서해,311,2020,15.5689,84,6
서해,311,2021,16.2004,84,7
서해,311,2022,14.4796,84,7
서해,311,2023,15.9727,84,6
서해,311,2024,16.9123,84,6
서해,311,2025,15.5993,84,6
서해,311,2026,9.0289,28,2
서해,312,1968,14.9141,152,9
서해,312,1969,14.4402,182,12
서해,312,1970,14.5081,166,10
서해,312,1971,15.3713,132,8
서해,312,1972,16.2621,101,6
서해,312,1973,14.9959,108,7
서해,312,1974,14.1485,108,7
서해,312,1975,15.6251,102,6
서해,312,1976,15.7994,108,6
서해,312,1977,14.7670,108,6
서해,312,1978,14.8054,136,8
서해,312,1979,16.1590,108,6
서해,312,1980,15.2115,108,6
서해,312,1981,14.5674,108,6
서해,312,1982,15.4096,114,6
서해,312,1983,15.0567,110,6
서해,312,1984,14.5099,108,6
서해,312,1985,14.4744,108,6
서해,312,1986,15.7670,108,6
서해,312,1987,14.9440,108,6
서해,312,1988,15.2446,108,6
서해,312,1989,16.5063,90,5
서해,312,1990,15.7372,90,5
서해,312,1991,16.4056,90,5
서해,312,1992,16.9764,90,5
서해,312,1993,15.0073,108,6
서해,312,1994,14.8885,108,6
서해,312,1995,15.8349,108,6
서해,312,1996,16.5543,110,6
서해,312,1997,16.8796,105,6
서해,312,1998,15.6941,110,6
서해,312,1999,15.8406,108,6
서해,312,2000,16.0704,108,7
서해,312,2001,14.8282,108,6
서해,312,2002,15.6151,106,6
서해,312,2003,15.6957,108,6
서해,312,2004,16.2586,106,6
서해,312,2005,16.5056,108,6
서해,312,2006,16.4648,108,6
서해,312,2007,16.7143,108,6
서해,312,2008,16.9317,108,6
서해,312,2009,16.3161,108,6
서해,312,2010,15.7441,96,6
서해,312,2011,16.0214,108,6
서해,312,2012,16.0477,108,6
서해,312,2013,15.7981,108,6
서해,312,2014,16.8706,108,6
서해,312,2015,16.1918,108,6
서해,312,2016,16.4880,108,6
서해,312,2017,15.7755,108,6
서해,312,2018,16.7188,108,6
서해,312,2019,15.7148,108,6
서해,312,2020,16.6434,108,6
서해,312,2021,16.8468,108,6
서해,312,2022,15.0439,108,6
서해,312,2023,17.5530,108,6
서해,312,2024,18.1907,108,6
서해,312,2025,16.4051,108,6
서해,312,2026,10.3197,36,2
서해,601,1992,22.6585,26,1
서해,602,1992,21.5814,14,1
